{
  "accuracy": 0.9684302835428238,
  "precision_macro": 0.9676116741691194,
  "recall_macro": 0.9645965298840564,
  "f1_macro": 0.9658916079662012,
  "ece": 0.07774783385597936,
  "precision_per_class": [
    0.9623430962343096,
    0.9983948635634029,
    1.0,
    0.9060955518945635,
    0.956,
    0.9397163120567376,
    0.9846860643185299,
    0.9936575052854123
  ],
  "recall_per_class": [
    0.9426229508196722,
    0.9967948717948718,
    0.9453376205787781,
    0.9499136442141624,
    0.9835390946502057,
    0.9330985915492958,
    0.9654654654654654,
    1.0
  ],
  "f1_per_class": [
    0.9523809523809523,
    0.9975942261427426,
    0.971900826446281,
    0.927487352445194,
    0.9695740365111561,
    0.9363957597173145,
    0.974981046247157,
    0.9968186638388123
  ],
  "accuracy_per_class": [
    0.9426229508196722,
    0.9967948717948718,
    0.9453376205787781,
    0.9499136442141624,
    0.9835390946502057,
    0.9330985915492958,
    0.9654654654654654,
    1.0
  ],
  "reliability_diagram": {
    "bin_edges": [
      0.0,
      0.06666666666666667,
      0.13333333333333333,
      0.2,
      0.26666666666666666,
      0.3333333333333333,
      0.4,
      0.4666666666666667,
      0.5333333333333333,
      0.6,
      0.6666666666666666,
      0.7333333333333333,
      0.8,
      0.8666666666666667,
      0.9333333333333333,
      1.0
    ],
    "bin_accuracy": [
      0.0,
      0.0,
      0.0,
      0.0,
      0.0,
      0.5,
      0.2857142857142857,
      0.47619047619047616,
      0.6428571428571429,
      0.4583333333333333,
      0.625,
      0.8205128205128205,
      0.8317757009345794,
      0.9907081063761615,
      0.9782608695652174
    ],
    "bin_confidence": [
      0.0,
      0.0,
      0.0,
      0.0,
      0.2901177704334259,
      0.34802861511707306,
      0.43985974362918306,
      0.4996531250930968,
      0.56138505254473,
      0.6379512796799341,
      0.6995386406779289,
      0.7711598108976315,
      0.8405748483176544,
      0.9105449724143914,
      0.9382949277110721
    ],
    "bin_count": [
      0,
      0,
      0,
      0,
      1,
      2,
      14,
      21,
      14,
      24,
      32,
      39,
      107,
      3121,
      46
    ]
  },
  "confusion_matrix": [
    [
      230,
      0,
      0,
      7,
      2,
      4,
      1,
      0
    ],
    [
      1,
      622,
      0,
      1,
      0,
      0,
      0,
      0
    ],
    [
      1,
      0,
      294,
      10,
      1,
      1,
      1,
      3
    ],
    [
      6,
      0,
      0,
      550,
      4,
      11,
      8,
      0
    ],
    [
      0,
      0,
      0,
      3,
      239,
      1,
      0,
      0
    ],
    [
      0,
      0,
      0,
      15,
      4,
      265,
      0,
      0
    ],
    [
      1,
      1,
      0,
      21,
      0,
      0,
      643,
      0
    ],
    [
      0,
      0,
      0,
      0,
      0,
      0,
      0,
      470
    ]
  ],
  "brier_score": 0.05505931690691352,
  "confidence_histogram": {
    "bin_edges": [
      0.0,
      0.05,
      0.1,
      0.15000000000000002,
      0.2,
      0.25,
      0.30000000000000004,
      0.35000000000000003,
      0.4,
      0.45,
      0.5,
      0.55,
      0.6000000000000001,
      0.65,
      0.7000000000000001,
      0.75,
      0.8,
      0.8500000000000001,
      0.9,
      0.9500000000000001,
      1.0
    ],
    "counts": [
      0,
      0,
      0,
      0,
      0,
      1,
      1,
      1,
      10,
      16,
      14,
      9,
      17,
      24,
      24,
      30,
      64,
      375,
      2832,
      3
    ],
    "density": [
      0.0,
      0.0,
      0.0,
      0.0,
      0.0,
      0.00029231218941829873,
      0.00029231218941829873,
      0.00029231218941829873,
      0.0029231218941829875,
      0.00467699503069278,
      0.0040923706518561824,
      0.002630809704764689,
      0.004969307220111079,
      0.0070154925460391695,
      0.0070154925460391695,
      0.008769365682548963,
      0.01870798012277112,
      0.10961707103186202,
      0.827828120432622,
      0.0008769365682548962
    ]
  },
  "entropy_histogram": {
    "bin_edges": [
      0.2840501666069031,
      0.3576330095529556,
      0.4312158524990082,
      0.5047986954450607,
      0.5783815383911133,
      0.6519643813371658,
      0.7255472242832184,
      0.7991300672292709,
      0.8727129101753235,
      0.946295753121376,
      1.0198785960674286,
      1.0934614390134811,
      1.1670442819595337,
      1.2406271249055862,
      1.3142099678516388,
      1.3877928107976913,
      1.461375653743744,
      1.5349584966897964,
      1.608541339635849,
      1.6821241825819016,
      1.755707025527954
    ],
    "counts": [
      23,
      353,
      2308,
      427,
      77,
      49,
      31,
      26,
      22,
      18,
      23,
      20,
      15,
      7,
      7,
      8,
      3,
      1,
      0,
      3
    ],
    "density": [
      0.006723180356620871,
      0.10318620286465946,
      0.6746565331774335,
      0.12481730488161356,
      0.022508038585209004,
      0.014323297281496639,
      0.009061677871967261,
      0.007600116924875768,
      0.006430868167202572,
      0.005261619409529378,
      0.006723180356620871,
      0.005846243788365975,
      0.0043846828412744815,
      0.0020461853259280912,
      0.0020461853259280912,
      0.00233849751534639,
      0.0008769365682548962,
      0.00029231218941829873,
      0.0,
      0.0008769365682548962
    ]
  },
  "logit_magnitude_histogram": {
    "bin_edges": [
      1.8274614810943604,
      1.938723385334015,
      2.0499852895736694,
      2.161247193813324,
      2.2725090980529785,
      2.383771002292633,
      2.4950329065322876,
      2.606294810771942,
      2.7175567150115967,
      2.828818619251251,
      2.9400805234909058,
      3.0513424277305603,
      3.162604331970215,
      3.2738662362098694,
      3.385128140449524,
      3.4963900446891785,
      3.607651948928833,
      3.7189138531684875,
      3.830175757408142,
      3.9414376616477966,
      4.052699565887451
    ],
    "counts": [
      5,
      17,
      30,
      62,
      75,
      71,
      90,
      143,
      418,
      1198,
      589,
      362,
      202,
      94,
      40,
      14,
      4,
      4,
      2,
      1
    ],
    "density": [
      0.0014615609470914938,
      0.004969307220111079,
      0.008769365682548963,
      0.018123355743934522,
      0.021923414206372407,
      0.02075416544869921,
      0.026308097047646885,
      0.04180064308681672,
      0.12218649517684887,
      0.3501900029231219,
      0.17217187956737795,
      0.10581701256942415,
      0.05904706226249635,
      0.02747734580532008,
      0.01169248757673195,
      0.0040923706518561824,
      0.001169248757673195,
      0.001169248757673195,
      0.0005846243788365975,
      0.00029231218941829873
    ]
  },
  "roc_auc_ovr_per_class": [
    0.9963454026636119,
    0.9996413281629585,
    0.993502962128183,
    0.990485063062209,
    0.9992606059664307,
    0.9977449972387722,
    0.9931454140165574,
    0.9999978370116153
  ],
  "roc_auc_ovr_macro": 0.9962654512812923,
  "roc_auc_ovr_micro": 0.9960683784700569,
  "support_analysis": {
    "support": [
      244,
      624,
      311,
      579,
      243,
      284,
      666,
      470
    ],
    "support_fraction": [
      0.07132417421806489,
      0.1824028061970184,
      0.09090909090909091,
      0.16924875767319497,
      0.0710318620286466,
      0.08301666179479684,
      0.19467991815258695,
      0.1373867290266004
    ],
    "class_accuracy": [
      0.9426229508196722,
      0.9967948717948718,
      0.9453376205787781,
      0.9499136442141624,
      0.9835390946502057,
      0.9330985915492958,
      0.9654654654654654,
      1.0
    ],