accuracy,f1_macro,ece,brier_score,roc_auc_ovr_macro,roc_auc_ovr_micro
0.9684302835428238,0.9658916079662012,0.07774783385597936,0.05505931690691352,0.9962654512812923,0.9960683784700569
