{
  "train_loss": [
    0.7897460759010031,
    0.6659104988839936,
    0.6134747335549751,
    0.599537726837772,
    0.5865527442071996,
    0.5684502559846955,
    0.556640830015257,
    0.5487428023465472,
    0.5419995446988238,
    0.5333692734332595,
    0.5220586390676322,
    0.5256670448445927,
    0.5148502667917736,
    0.509939579164636,
    0.511074997542624,
    0.5049986932147894,
    0.5031849434816555,
    0.49809303471541483,
    0.49166337952724276,
    0.4909639818177533,
    0.4851136877341597,
    0.4869101703670354,
    0.4865570938704813,
    0.48710794127977297,
    0.4811656733591507,
    0.47905647629817916,
    0.47788105166290346,
    0.47696537491629104,
    0.4758210151039425,
    0.4738752565382715,
    0.47201163739461904,
    0.4712282667212666
  ],
  "val_loss": [
    0.9034329814331554,
    0.7282077296872005,
    0.6689079743679439,
    0.6593614081356013,
    0.6089191809992924,
    0.5906239842700067,
    0.6076288501792979,
    0.6639195023296035,
    0.5767361922798869,
    0.5746641393019775,
    0.6061892943961598,
    0.5722328407742153,
    0.6251032636544415,
    0.654199601333832,
    0.6452375494431113,
    0.5525277808447865,
    0.5534397391515358,
    0.5625491599056208,
    0.5583376316266639,
    0.5610293450756608,
    0.5430386534361081,
    0.5709960221130157,
    0.5677382667488027,
    0.6097704985431421,
    0.5382312558521735,
    0.5708872202400849,
    0.5685062742678919,
    0.5560013105936139,
    0.5405486922397792,
    0.5575306092467264,
    0.5526542574445777,
    0.5397288175386803
  ],
  "train_acc": [
    0.8607743122334643,
    0.9138723973576386,
    0.9386236307383561,
    0.9458984864955264,
    0.9512501045237897,
    0.9583577222175768,
    0.9634584831507651,
    0.9683920060205703,
    0.969311815369178,
    0.9729074337319173,
    0.9798478133623213,
    0.9774228614432645,
    0.9814365749644619,
    0.9846977172004349,
    0.983359812693369,
    0.9858683836441174,
    0.9859520026758091,
    0.9879588594364077,
    0.991136382640689,
    0.9916380968308387,
    0.9936449535914375,
    0.9930596203695962,
    0.9929760013379045,
    0.9928087632745213,
    0.9950664771301948,
    0.9957354293837277,
    0.9965716197006439,
    0.9970733338907936,
    0.9966552387323355,
    0.9985784764612425,
    0.9987457145246258,
    0.9991638096830838
  ],
  "val_acc": [
    0.8276869158878505,
    0.8855140186915887,
    0.9018691588785047,
    0.9211448598130841,
    0.9392523364485982,
    0.9509345794392523,
    0.9445093457943925,
    0.9182242990654206,
    0.9561915887850467,
    0.9532710280373832,
    0.9398364485981309,
    0.9567757009345794,
    0.9369158878504673,
    0.9170560747663551,
    0.9281542056074766,
    0.9643691588785047,
    0.9637850467289719,
    0.959696261682243,
    0.9637850467289719,
    0.9602803738317757,
    0.9702102803738317,
    0.9544392523364486,
    0.9550233644859814,
    0.9398364485981309,
    0.9737149532710281,
    0.9614485981308412,
    0.9602803738317757,
    0.9655373831775701,
    0.9719626168224299,
    0.9667056074766355,
    0.9649532710280374,
    0.9713785046728972
  ],
  "train_grad_norm": [
    0.9999996029617724,
    0.996136289997649,
    0.9763345669532016,
    0.9701536080989493,
    0.938780024951202,
    0.9037343073635699,
    0.8365411122398267,
    0.8457617236282712,
    0.8079616651883403,
    0.7973900689986259,
    0.738165579473242,
    0.7402005292529643,
    0.6984510020499016,
    0.6665814943432666,
    0.6620106437586709,
    0.6425735073712874,
    0.6606608242364409,
    0.5858570809633165,
    0.5579939413023596,
    0.5272126417390223,
    0.47256848296834963,
    0.5043943375516293,
    0.5096466216312694,
    0.5156934177867936,
    0.4287963217128429,
    0.4078864267891723,
    0.4197934153711527,
    0.3624386390712169,
    0.30933793163160894,
    0.2637297046372812,
    0.21074967571784595,
    0.18017122871324143
  ],
  "val_ece": [
    0.06540366162972469,
    0.06440887732483512,
    0.06875995691064919,
    0.09444413487320748,
    0.0843535097333316,
    0.08769722228922015,
    0.07280516170974924,
    0.0681068086561477,
    0.07352038556448767,
    0.08350731848486677,
    0.07392117238351116,
    0.07368366134779479,
    0.060345924772739944,
    0.06642861018462153,
    0.05967098988035571,
    0.07730655239842762,
    0.0750924764879953,
    0.07355631296044195,
    0.07758965633948832,
    0.0723376532093944,
    0.08282275489209417,
    0.07586403499209436,
    0.07265480799234908,
    0.07382417207357488,
    0.07860693869955629,
    0.07686263806769775,
    0.07634031278229209,
    0.07782906748215175,
    0.07739629308371063,
    0.07328888354387794,
    0.07818348510800119,
    0.07726242112988072
  ],
  "val_brier": [
    0.2625841845000551,
    0.17386267723851498,
    0.14296703226847132,
    0.1303496048588117,
    0.09750350972045296,
    0.08564979007482086,
    0.09382156467003702,
    0.1285766559267495,
    0.0735629782967876,
    0.0790565372963959,
    0.09501945186702437,
    0.07463240515381857,
    0.1012500981411885,
    0.12965259222701994,
    0.11780731407956381,
    0.06327213890936399,
    0.06390410808529023,
    0.06831403869450137,
    0.06541607078253565,
    0.06766537889668346,
    0.05561203033367046,
    0.07423777236533566,
    0.07306519700276469,
    0.0982266873778997,
    0.05187986952019147,
    0.06864057420211128,
    0.06891696482811999,
    0.06313363244099589,
    0.053224893143095246,
    0.06064584035750733,
    0.061253769624569986,
    0.05191279553050721
  ],
  "val_f1_macro": [
    0.7950179382825653,
    0.8603985476216771,
    0.8949122353590976,
    0.9132833842520927,
    0.9315813751706243,
    0.9443918049028888,
    0.9393309553555775,
    0.9099515785869865,
    0.9518239502573489,
    0.9501695276788759,
    0.9322227579870763,
    0.9505167936711143,
    0.930850453959615,
    0.9108750793462554,
    0.9183742038338978,
    0.961047552388356,
    0.9589110984325779,
    0.9572798415143166,
    0.9588420019705259,
    0.9574340012865203,
    0.9679261446344801,
    0.9505134438957392,
    0.9488297184036951,
    0.9303779973198572,
    0.9716741416684662,
    0.9601981948536462,
    0.9565143886782979,
    0.9623067622315675,
    0.9701174053612307,
    0.9657557903085958,
    0.9616879918559913,
    0.9672960436128208
  ],
  "best_epoch": 25,
  "best_val_loss": 0.5382312558521735
}