accuracy,f1_macro,ece,brier_score,roc_auc_ovr_macro,roc_auc_ovr_micro
0.9394913767904122,0.9352334425467239,0.06596510760862902,0.09982397246087102,0.9935401582177401,0.9933371265031872
