{
  "train_loss": [
    0.9121723797461073,
    0.7488330638929996,
    0.6972054440756488,
    0.6635428800542216,
    0.6419360350232747,
    0.6268682456831937,
    0.6106835401459914,
    0.5965550842916341,
    0.5830819434431427,
    0.5617976216421009,
    0.5596404609916222,
    0.5417654783901776,
    0.5323198698607463,
    0.5309125360153483,
    0.5178538009777287,
    0.5200776835629868,
    0.5095030710852478,
    0.5129454206569067,
    0.4992375248690016,
    0.49418285789871724,
    0.494229374172915,
    0.49054686902199157,
    0.48705583556119647,
    0.4848508321528192,
    0.48817419963932046,
    0.4856575694891788,
    0.48113793881803324,
    0.4740228884763787,
    0.47506411796140874,
    0.47431871781670953,
    0.4732094683374227
  ],
  "val_loss": [
    0.9132830105095266,
    1.0352250827807132,
    0.7388550795127298,
    0.6996711782205884,
    0.7646700851271085,
    0.7372242747066177,
    0.6954571688286612,
    0.66623253688634,
    0.6792520975398126,
    0.6712178181265002,
    0.7680345556446325,
    0.6432457426998103,
    0.6605299950760102,
    0.6244537540685351,
    0.6407104167982797,
    0.611335409578876,
    0.7137427753377183,
    0.6447930241299566,
    0.6334556040362777,
    0.6260405422371125,
    0.6445521127397769,
    0.6287379576781086,
    0.6106843162919874,
    0.6023905901151283,
    0.61850795623298,
    0.6037237276540739,
    0.6218803151745662,
    0.6222050635614128,
    0.6198008004750046,
    0.6325504155916588,
    0.61597310159808
  ],
  "train_acc": [
    0.8004849903838114,
    0.8784179279203946,
    0.9000752571285224,
    0.9160464921816205,
    0.9275022995233715,
    0.9310979178861108,
    0.940797725562338,
    0.9469855339075174,
    0.9520862948407057,
    0.9610335312317083,
    0.961535245421858,
    0.970398862781169,
    0.9731582908269922,
    0.9745798143657497,
    0.9800150514257044,
    0.979680575298938,
    0.9843632410736683,
    0.9824400033447612,
    0.9892131449117819,
    0.9901329542603897,
    0.9903838113554645,
    0.991805334894222,
    0.9942302868132787,
    0.9938958106865122,
    0.9925579061794464,
    0.9932268584329793,
    0.9958190484154194,
    0.9985784764612425,
    0.9979931432394012,
    0.9983276193661678,
    0.9988293335563174
  ],
  "val_acc": [
    0.8072429906542056,
    0.7757009345794392,
    0.8825934579439252,
    0.8983644859813084,
    0.8621495327102804,
    0.8884345794392523,
    0.9036214953271028,
    0.9141355140186916,
    0.9077102803738317,
    0.9106308411214953,
    0.875,
    0.9264018691588785,
    0.9205607476635514,
    0.9322429906542056,
    0.927570093457944,
    0.9415887850467289,
    0.9012850467289719,
    0.9246495327102804,
    0.9328271028037384,
    0.9339953271028038,
    0.9287383177570093,
    0.9322429906542056,
    0.9439252336448598,
    0.9439252336448598,
    0.9339953271028038,
    0.9421728971962616,
    0.9363317757009346,
    0.9410046728971962,
    0.9404205607476636,
    0.9375,
    0.9439252336448598
  ],
  "train_grad_norm": [
    0.9999996443764777,
    0.9987818207931148,
    0.9914812364743519,
    0.9890674829278501,
    0.9651878768886399,
    0.9538916658768799,
    0.9170803521342582,
    0.9018697696846829,
    0.8738226342510536,
    0.8238486836213501,
    0.8089778765381725,
    0.7472051190457949,
    0.7407292974784779,
    0.7242238193600369,
    0.6922509338569895,
    0.7095775125022473,
    0.6331205709075564,
    0.6956484130762548,
    0.6018593229304006,
    0.5609374324955186,
    0.5638800034779572,
    0.5215833353334707,
    0.5067658697780372,
    0.46711746179445457,
    0.5006917550123843,
    0.4757900718783346,
    0.38554516343906947,
    0.23985311005136295,
    0.2837205209700406,
    0.2593052607408994,
    0.23612535805215606
  ],
  "val_ece": [
    0.05214362534058986,
    0.06935479389242481,
    0.08982403166418046,
    0.07270900823315173,
    0.05112714312587664,
    0.0498183010337509,
    0.05749792823237233,
    0.08336888528733609,
    0.06519626498779398,
    0.0703799790380714,
    0.056938763533797225,
    0.06791565511549745,
    0.06243432816292079,
    0.06912113889773316,
    0.05787144674458235,
    0.07954629797871426,
    0.04956584707529191,
    0.06448444516928954,
    0.06111550963022437,
    0.06686410067655209,
    0.06667316924328001,
    0.06878952601941948,
    0.06533238255183829,
    0.06474766526893476,
    0.07300861454873446,
    0.07470739831294977,
    0.07137939737778957,
    0.06612181896779028,
    0.07185277353241067,
    0.06976028239337086,
    0.06380032699241817
  ],
  "val_brier": [
    0.28757215254640545,
    0.32792112743381413,
    0.18230309341536508,
    0.15000975151586365,
    0.1985740010350355,
    0.17007436071391255,
    0.1506474916146175,
    0.136804799773637,
    0.14425689409973955,
    0.13397054846465534,
    0.18734656321807752,
    0.1213236799734367,
    0.12717933589756258,
    0.10756359437186291,
    0.116914486063336,
    0.09790508410461006,
    0.15974057277912615,
    0.12029990607123647,
    0.109026937865668,
    0.10662515764711994,
    0.1168719178502918,
    0.10911959689064434,
    0.0931346776043717,
    0.0894141479183783,
    0.10376277412368584,
    0.09559431371777227,
    0.1016539752642634,
    0.09811280924603086,
    0.09918638153847137,
    0.10410821844152829,
    0.09708015015928152
  ],
  "val_f1_macro": [
    0.7696767304043007,
    0.7039144784332331,
    0.8693990551545714,
    0.8828002226961736,
    0.8511034450841496,
    0.8730770941128776,
    0.9057045538828297,
    0.9139612722259014,
    0.9015174077116321,
    0.9003888274076154,
    0.8542440912391371,
    0.9118213067997667,
    0.9108636961042733,
    0.9271066668848384,
    0.9209312347350374,
    0.9360663087454706,
    0.8978856408383292,
    0.9152375092933147,
    0.9249691287087192,
    0.9275301496440325,
    0.9196506719343449,
    0.9284945425508149,
    0.93775022410282,
    0.9380961280310105,
    0.9312898371417027,
    0.9365643508029493,
    0.9308353327486073,
    0.9373484208379812,
    0.9308009572208573,
    0.9346648267933115,
    0.9405404647992144
  ],
  "best_epoch": 24,
  "best_val_loss": 0.6023905901151283
}