{
  "accuracy": 0.9394913767904122,
  "precision_macro": 0.9369124914702498,
  "recall_macro": 0.9339506033465002,
  "f1_macro": 0.9352334425467239,
  "ece": 0.06596510760862902,
  "precision_per_class": [
    0.9396551724137931,
    0.9506172839506173,
    0.9365079365079365,
    0.8855098389982111,
    0.9395161290322581,
    0.8945454545454545,
    0.9552906110283159,
    0.9936575052854123
  ],
  "recall_per_class": [
    0.8934426229508197,
    0.9871794871794872,
    0.9485530546623794,
    0.8549222797927462,
    0.9588477366255144,
    0.8661971830985915,
    0.9624624624624625,
    1.0
  ],
  "f1_per_class": [
    0.9159663865546218,
    0.9685534591194969,
    0.9424920127795527,
    0.8699472759226714,
    0.9490835030549898,
    0.8801431127012522,
    0.9588631264023935,
    0.9968186638388123
  ],
  "accuracy_per_class": [
    0.8934426229508197,
    0.9871794871794872,
    0.9485530546623794,
    0.8549222797927462,
    0.9588477366255144,
    0.8661971830985915,
    0.9624624624624625,
    1.0
  ],
  "reliability_diagram": {
    "bin_edges": [
      0.0,
      0.06666666666666667,
      0.13333333333333333,
      0.2,
      0.26666666666666666,
      0.3333333333333333,
      0.4,
      0.4666666666666667,
      0.5333333333333333,
      0.6,
      0.6666666666666666,
      0.7333333333333333,
      0.8,
      0.8666666666666667,
      0.9333333333333333,
      1.0
    ],
    "bin_accuracy": [
      0.0,
      0.0,
      0.0,
      0.0,
      0.3333333333333333,
      0.5,
      0.42105263157894735,
      0.3103448275862069,
      0.5161290322580645,
      0.7419354838709677,
      0.5,
      0.6575342465753424,
      0.75,
      0.9760847283908438,
      0.9861111111111112
    ],
    "bin_confidence": [
      0.0,
      0.0,
      0.0,
      0.0,
      0.29992355902989704,
      0.3655553124845028,
      0.4392215342898118,
      0.5021917840530132,
      0.5702410397991058,
      0.635114231417256,
      0.7026947100054134,
      0.7674891777234535,
      0.8388077217553344,
      0.9146889684996101,
      0.9375276867714193
    ],
    "bin_count": [
      0,
      0,
      0,
      0,
      3,
      8,
      19,
      29,
      31,
      31,
      44,
      73,
      112,
      2927,
      144
    ]
  },
  "confusion_matrix": [
    [
      218,
      6,
      4,
      7,
      3,
      6,
      0,
      0
    ],
    [
      0,
      616,
      1,
      2,
      0,
      2,
      3,
      0
    ],
    [
      2,
      2,
      295,
      8,
      0,
      0,
      2,
      2
    ],
    [
      9,
      13,
      10,
      495,
      7,
      19,
      25,
      1
    ],
    [
      2,
      0,
      3,
      4,
      233,
      1,
      0,
      0
    ],
    [
      1,
      4,
      0,
      29,
      4,
      246,
      0,
      0
    ],
    [
      0,
      7,
      2,
      14,
      1,
      1,
      641,
      0
    ],
    [
      0,
      0,
      0,
      0,
      0,
      0,
      0,
      470
    ]
  ],
  "brier_score": 0.09982397246087102,
  "confidence_histogram": {
    "bin_edges": [
      0.0,
      0.05,
      0.1,
      0.15000000000000002,
      0.2,
      0.25,
      0.30000000000000004,
      0.35000000000000003,
      0.4,
      0.45,
      0.5,
      0.55,
      0.6000000000000001,
      0.65,
      0.7000000000000001,
      0.75,
      0.8,
      0.8500000000000001,
      0.9,
      0.9500000000000001,
      1.0
    ],
    "counts": [
      0,
      0,
      0,
      0,
      0,
      1,
      5,
      5,
      14,
      21,
      20,
      24,
      25,
      25,
      43,
      55,
      71,
      253,
      2858,
      1
    ],
    "density": [
      0.0,
      0.0,
      0.0,
      0.0,
      0.0,
      0.00029231218941829873,
      0.0014615609470914938,
      0.0014615609470914938,
      0.0040923706518561824,
      0.006138555977784273,
      0.005846243788365975,
      0.0070154925460391695,
      0.007307804735457469,
      0.007307804735457469,
      0.012569424144986846,
      0.01607717041800643,
      0.02075416544869921,
      0.07395498392282958,
      0.8354282373574978,
      0.00029231218941829873
    ]
  },
  "entropy_histogram": {
    "bin_edges": [
      0.2781237065792084,
      0.35138060599565507,
      0.42463750541210177,
      0.4978944048285484,
      0.5711513042449952,
      0.6444082036614418,
      0.7176651030778884,
      0.7909220024943352,
      0.8641789019107818,
      0.9374358013272285,
      1.0106927007436752,
      1.0839496001601219,
      1.1572064995765685,
      1.2304633989930154,
      1.303720298409462,
      1.3769771978259087,
      1.4502340972423553,
      1.523490996658802,
      1.5967478960752486,
      1.6700047954916954,
      1.743261694908142
    ],
    "counts": [
      57,
      727,
      1948,
      270,
      89,
      48,
      25,
      47,
      37,
      33,
      24,
      34,
      25,
      16,
      11,
      8,
      6,
      4,
      8,
      4
    ],
    "density": [
      0.01666179479684303,
      0.21251096170710318,
      0.5694241449868459,
      0.07892429114294067,
      0.02601578485822859,
      0.014030985092078339,
      0.007307804735457469,
      0.01373867290266004,
      0.010815551008477054,
      0.00964630225080386,
      0.0070154925460391695,
      0.009938614440222157,
      0.007307804735457469,
      0.00467699503069278,
      0.003215434083601286,
      0.00233849751534639,
      0.0017538731365097924,
      0.001169248757673195,
      0.00233849751534639,
      0.001169248757673195
    ]
  },
  "logit_magnitude_histogram": {
    "bin_edges": [
      1.6714389324188232,
      1.7920865893363953,
      1.9127342462539674,
      2.033381903171539,
      2.1540295600891115,
      2.2746772170066833,
      2.395324873924255,
      2.5159725308418275,
      2.6366201877593993,
      2.7572678446769716,
      2.8779155015945435,
      2.9985631585121153,
      3.1192108154296876,
      3.23985847234726,
      3.3605061292648317,
      3.4811537861824036,
      3.6018014430999754,
      3.7224491000175477,
      3.8430967569351195,
      3.963744413852692,
      4.084392070770264
    ],
    "counts": [
      4,
      6,
      18,
      37,
      62,
      72,
      70,
      72,
      89,
      191,
      943,
      808,
      598,
      234,
      112,
      56,
      28,
      11,
      7,
      3
    ],
    "density": [
      0.001169248757673195,
      0.0017538731365097924,
      0.005261619409529378,
      0.010815551008477054,
      0.018123355743934522,
      0.02104647763811751,
      0.02046185325928091,
      0.02104647763811751,
      0.02601578485822859,
      0.05583162817889506,
      0.27565039462145574,
      0.2361882490499854,
      0.17480268927214265,
      0.06840105232388191,
      0.03273896521484946,
      0.01636948260742473,
      0.008184741303712365,
      0.003215434083601286,
      0.0020461853259280912,
      0.0008769365682548962
    ]
  },
  "roc_auc_ovr_per_class": [
    0.9940646656036988,
    0.9977159021112364,
    0.9969985835547606,
    0.9802882739660095,
    0.9987283976515499,
    0.9882827407543764,
    0.9922434230964177,
    0.9999992790038718
  ],
  "roc_auc_ovr_macro": 0.9935401582177401,
  "roc_auc_ovr_micro": 0.9933371265031872,
  "support_analysis": {
    "support": [
      244,
      624,
      311,
      579,
      243,
      284,
      666,
      470
    ],
    "support_fraction": [
      0.07132417421806489,
      0.1824028061970184,
      0.09090909090909091,
      0.16924875767319497,
      0.0710318620286466,
      0.08301666179479684,
      0.19467991815258695,
      0.1373867290266004
    ],
    "class_accuracy": [
      0.8934426229508197,
      0.9871794871794872,
      0.9485530546623794,
      0.8549222797927462,
      0.9588477366255144,
      0.8661971830985915,
      0.9624624624624625,
      1.0
    ],