{
  "train_loss": [
    0.9666360208684284,
    0.7434797738459087,
    0.6685097221946907,
    0.6376273577410307,
    0.601449196894618,
    0.6026031688409093,
    0.5855410700659562,
    0.5547076766408778,
    0.5329864486059882,
    0.5463188724519418,
    0.5464359821783495,
    0.5245466896346198,
    0.5237578999521582,
    0.5127485117891554,
    0.5133099072990149,
    0.5132123569494588,
    0.5005789325762928,
    0.48995156551771396,
    0.4966142187153627,
    0.48336829493858613,
    0.4803362752171654,
    0.47969919666473426,
    0.4804105713998406,
    0.48347203784979637,
    0.47971396494685464,
    0.4769792127824619,
    0.4723608127382935,
    0.46973669644620913,
    0.46941425864933406,
    0.46995310847796734,
    0.4689395102660127,
    0.46919328753028516,
    0.4688809995628911,
    0.468661580926481,
    0.46821011115811506,
    0.4681857214419887,
    0.46819986016625104,
    0.46800676824736254
  ],
  "val_loss": [
    1.2203527655556938,
    1.1104362595861204,
    0.9076316033568338,
    0.9328455529480337,
    0.7284494504750332,
    0.7659773815458066,
    0.782210248095967,
    0.7723334615475663,
    0.7547689576015294,
    0.7047328570178736,
    0.7007660631821534,
    0.9934458888579751,
    0.668764695942959,
    0.690904638477575,
    0.8039877125035937,
    0.615258312670984,
    0.6518660354837079,
    0.6631424443744053,
    0.6808411852221623,
    0.6248136920349621,
    0.6210283425366767,
    0.6243944697290937,
    0.6491159390066271,
    0.6818893189742187,
    0.6087802837942248,
    0.6488319668814401,
    0.6411317001993411,
    0.5988542788496641,
    0.5896085935218311,
    0.5878944825903277,
    0.5843870054895632,
    0.5927873036571752,
    0.5988174827299385,
    0.5853298545997834,
    0.5852947212825311,
    0.5824050123446456,
    0.5847584454812736,
    0.5846431895951244
  ],
  "train_acc": [
    0.7801940448310472,
    0.8802275008364001,
    0.913683506189361,
    0.9263967882234861,
    0.9441284710605554,
    0.944463031114085,
    0.9524924723987955,
    0.9698895951823352,
    0.9789227166276346,
    0.969220475075276,
    0.9698895951823352,
    0.9799263967882235,
    0.9826028772164603,
    0.9832719973235196,
    0.9815991970558715,
    0.9826028772164603,
    0.9899631983941117,
    0.9919705587152894,
    0.9909668785547006,
    0.9969889595182335,
    0.9966543994647039,
    0.9979926396788223,
    0.9959852793576447,
    0.9949815991970559,
    0.9966543994647039,
    0.9976580796252927,
    0.9996654399464704,
    1.0,
    1.0,
    0.9996654399464704,
    1.0,
    1.0,
    1.0,
    1.0,
    1.0,
    1.0,
    1.0,
    1.0
  ],
  "val_acc": [
    0.6845794392523364,
    0.7295560747663551,
    0.7850467289719626,
    0.8072429906542056,
    0.883177570093458,
    0.8779205607476636,
    0.8685747663551402,
    0.875,
    0.8720794392523364,
    0.8983644859813084,
    0.9100467289719626,
    0.7762850467289719,
    0.9182242990654206,
    0.9112149532710281,
    0.8697429906542056,
    0.9357476635514018,
    0.927570093457944,
    0.9188084112149533,
    0.9135514018691588,
    0.9287383177570093,
    0.9398364485981309,
    0.9351635514018691,
    0.929322429906542,
    0.9106308411214953,
    0.9433411214953271,
    0.9281542056074766,
    0.9322429906542056,
    0.9468457943925234,
    0.9485981308411215,
    0.9468457943925234,
    0.9503504672897196,
    0.9497663551401869,
    0.9462616822429907,
    0.9544392523364486,
    0.951518691588785,
    0.9561915887850467,
    0.9544392523364486,
    0.9544392523364486
  ],
  "train_grad_norm": [
    0.9999997616676001,
    0.9999996126140309,
    0.9999247905068263,
    0.9978307110539401,
    0.9808627706368737,
    0.9996215008383674,
    0.995494515874266,
    0.9161613490448334,
    0.8819346154090243,
    0.9386162370914104,
    0.9306443201117023,
    0.8481128665875027,
    0.8975586444725284,
    0.7733513382624487,
    0.7923089529348153,
    0.7921479923008188,
    0.6986647935823457,
    0.548818549870279,
    0.6928600843856584,
    0.48058953988431524,
    0.4079183317912655,
    0.3917027317483288,
    0.4191417858747932,
    0.4636461759327216,
    0.3821532177446102,
    0.36758978824599836,
    0.2542318022397048,
    0.13681381639960932,
    0.13412872071329124,
    0.16667828172041235,
    0.12449463863595031,
    0.13266626583608238,
    0.11317520536525236,
    0.09769742092374778,
    0.07967160039737878,
    0.08250983354417873,
    0.07998686734535669,
    0.0742898824981356
  ],
  "val_ece": [
    0.0698764433422796,
    0.10306638965783559,
    0.05471560872534165,
    0.04388489593342643,
    0.0493876791654903,
    0.056076131186613386,
    0.0520301558529941,
    0.06368508487591674,
    0.06194465485549419,
    0.06267748494571615,
    0.061208799881773565,
    0.05227068366012839,
    0.06438325728489977,
    0.04969696413342636,
    0.06481550473754649,
    0.08093687500282425,
    0.05968779205370727,
    0.06580444501939216,
    0.052815125767733416,
    0.07525124355593575,
    0.059831544234652416,
    0.06004748308909273,
    0.06670948744655765,
    0.07228044115842504,
    0.05652849792250411,
    0.0582482480905324,
    0.06478814276753457,
    0.0775665552921106,
    0.07374372509107968,
    0.06907675098453728,
    0.06908612433716511,
    0.06791080818206909,
    0.07728948085525328,
    0.07433495355474058,
    0.0696524984995338,
    0.07432611246602003,
    0.07463001104715834,
    0.07737327986788528
  ],
  "val_brier": [
    0.4155199164869671,
    0.36813042752765573,
    0.2934145460751556,
    0.2841595267552944,
    0.16813774053659303,
    0.1836596448618424,
    0.19296493039383106,
    0.18987413192528688,
    0.18832989376598316,
    0.15282373128583382,
    0.14326935018667847,
    0.32569734661591815,
    0.12204766796364681,
    0.1400745908125951,
    0.18764482491645382,
    0.10071808143742417,
    0.11932065739135654,
    0.12728151453860373,
    0.13794641923455245,
    0.10871091266320154,
    0.10137390209667563,
    0.1041586124247987,
    0.11415484806153818,
    0.1388981741372863,
    0.09184554728319197,
    0.11894204028276885,
    0.11193552714663635,
    0.09099266713218314,
    0.08623371664321693,
    0.08386960927469152,
    0.0813481357358161,
    0.08515923054272846,
    0.0873937624902725,
    0.08080284634794596,
    0.08122666625671209,
    0.07961361556625131,
    0.08062480396608344,
    0.0812214437844701
  ],
  "val_f1_macro": [
    0.6688401966804502,
    0.6591214124896072,
    0.7439646093990638,
    0.7410521037137917,
    0.8592595879619217,
    0.8618526239257722,
    0.8371800499124671,
    0.8534420922125966,
    0.826950681968075,
    0.8859096248468586,
    0.8970392493632778,
    0.7707197570690347,
    0.9028552907288898,
    0.8988223916347717,
    0.8522510457773886,
    0.9268501760440777,
    0.9186265671412268,
    0.9122356417635697,
    0.9063849836625026,
    0.9214048668133742,
    0.9303426339116401,
    0.9256353520188996,
    0.9195799850183963,
    0.8983156254263668,
    0.9364845605334682,
    0.9181659633903436,
    0.9242557136104553,
    0.9402575727736707,
    0.940889708303061,
    0.9400505064724546,
    0.9443480108635818,
    0.9436809985115115,
    0.9386837138784138,
    0.9478039774189603,
    0.9440956404901584,
    0.9500870499336344,
    0.9479299560482233,
    0.9482783620934252
  ],
  "best_epoch": 31,
  "best_val_loss": 0.5843870054895632
}