{
  "accuracy": 0.9467991815258696,
  "precision_macro": 0.942466353413919,
  "recall_macro": 0.9373366753755844,
  "f1_macro": 0.9394479536766782,
  "ece": 0.06812090553654732,
  "precision_per_class": [
    0.9146341463414634,
    0.9967532467532467,
    0.9897610921501706,
    0.8637110016420362,
    0.9133858267716536,
    0.9,
    0.9657228017883756,
    0.9957627118644068
  ],
  "recall_per_class": [
    0.9221311475409836,
    0.9839743589743589,
    0.932475884244373,
    0.9084628670120898,
    0.9547325102880658,
    0.823943661971831,
    0.972972972972973,
    1.0
  ],
  "f1_per_class": [
    0.9183673469387755,
    0.9903225806451613,
    0.9602649006622517,
    0.8855218855218855,
    0.9336016096579477,
    0.8602941176470589,
    0.9693343305908751,
    0.9978768577494692
  ],
  "accuracy_per_class": [
    0.9221311475409836,
    0.9839743589743589,
    0.932475884244373,
    0.9084628670120898,
    0.9547325102880658,
    0.823943661971831,
    0.972972972972973,
    1.0
  ],
  "reliability_diagram": {
    "bin_edges": [
      0.0,
      0.06666666666666667,
      0.13333333333333333,
      0.2,
      0.26666666666666666,
      0.3333333333333333,
      0.4,
      0.4666666666666667,
      0.5333333333333333,
      0.6,
      0.6666666666666666,
      0.7333333333333333,
      0.8,
      0.8666666666666667,
      0.9333333333333333,
      1.0
    ],
    "bin_accuracy": [
      0.0,
      0.0,
      0.0,
      0.0,
      0.14285714285714285,
      0.45454545454545453,
      0.5263157894736842,
      0.42857142857142855,
      0.5,
      0.6571428571428571,
      0.7631578947368421,
      0.631578947368421,
      0.75,
      0.9795454545454545,
      1.0
    ],
    "bin_confidence": [
      0.0,
      0.0,
      0.0,
      0.0,
      0.3154447504452297,
      0.3730361353267323,
      0.44382364028378535,
      0.5085623860359192,
      0.5643610818819567,
      0.630889196055276,
      0.6978020448433725,
      0.7741260256683618,
      0.8388816724563467,
      0.9135187435653302,
      0.9357833862304688
    ],
    "bin_count": [
      0,
      0,
      0,
      0,
      7,
      11,
      19,
      28,
      22,
      35,
      38,
      57,
      116,
      3080,
      8
    ]
  },
  "confusion_matrix": [
    [
      225,
      0,
      0,
      8,
      3,
      6,
      2,
      0
    ],
    [
      1,
      614,
      0,
      4,
      0,
      1,
      4,
      0
    ],
    [
      3,
      1,
      290,
      10,
      4,
      0,
      1,
      2
    ],
    [
      10,
      0,
      2,
      526,
      8,
      17,
      16,
      0
    ],
    [
      1,
      0,
      1,
      7,
      232,
      2,
      0,
      0
    ],
    [
      5,
      0,
      0,
      38,
      7,
      234,
      0,
      0
    ],
    [
      1,
      1,
      0,
      16,
      0,
      0,
      648,
      0
    ],
    [
      0,
      0,
      0,
      0,
      0,
      0,
      0,
      470
    ]
  ],
  "brier_score": 0.0888954513624412,
  "confidence_histogram": {
    "bin_edges": [
      0.0,
      0.05,
      0.1,
      0.15000000000000002,
      0.2,
      0.25,
      0.30000000000000004,
      0.35000000000000003,
      0.4,
      0.45,
      0.5,
      0.55,
      0.6000000000000001,
      0.65,
      0.7000000000000001,
      0.75,
      0.8,
      0.8500000000000001,
      0.9,
      0.9500000000000001,
      1.0
    ],
    "counts": [
      0,
      0,
      0,
      0,
      0,
      1,
      7,
      10,
      12,
      16,
      25,
      16,
      28,
      28,
      25,
      49,
      81,
      229,
      2894,
      0
    ],
    "density": [
      0.0,
      0.0,
      0.0,
      0.0,
      0.0,
      0.00029231218941829873,
      0.0020461853259280912,
      0.0029231218941829875,
      0.0035077462730195848,
      0.00467699503069278,
      0.007307804735457469,
      0.00467699503069278,
      0.008184741303712365,
      0.008184741303712365,
      0.007307804735457469,
      0.014323297281496639,
      0.023677287342882197,
      0.06693949137679041,
      0.8459514761765565,
      0.0
    ]
  },
  "entropy_histogram": {
    "bin_edges": [
      0.31772470474243164,
      0.3930478572845459,
      0.46837100982666013,
      0.5436941623687744,
      0.6190173149108886,
      0.6943404674530029,
      0.7696636199951172,
      0.8449867725372314,
      0.9203099250793457,
      0.99563307762146,
      1.0709562301635742,
      1.1462793827056885,
      1.2216025352478028,
      1.296925687789917,
      1.3722488403320312,
      1.4475719928741455,
      1.5228951454162598,
      1.5982182979583741,
      1.6735414505004884,
      1.7488646030426025,
      1.8241877555847168
    ],
    "counts": [
      25,
      2122,
      844,
      87,
      54,
      45,
      39,
      31,
      17,
      24,
      27,
      32,
      25,
      19,
      8,
      6,
      6,
      6,
      1,
      3
    ],
    "density": [
      0.007307804735457469,
      0.62028646594563,
      0.24671148786904415,
      0.02543116047939199,
      0.015784858228588133,
      0.013154048523823443,
      0.01140017538731365,
      0.009061677871967261,
      0.004969307220111079,
      0.0070154925460391695,
      0.007892429114294067,
      0.00935399006138556,
      0.007307804735457469,
      0.005553931598947676,
      0.00233849751534639,
      0.0017538731365097924,
      0.0017538731365097924,
      0.0017538731365097924,
      0.00029231218941829873,
      0.0008769365682548962
    ]
  },
  "logit_magnitude_histogram": {
    "bin_edges": [
      1.4972190856933594,
      1.6129813194274902,
      1.728743553161621,
      1.844505786895752,
      1.9602680206298828,
      2.0760302543640137,
      2.1917924880981445,
      2.3075547218322754,
      2.4233169555664062,
      2.539079189300537,
      2.654841423034668,
      2.770603656768799,
      2.8863658905029297,
      3.0021281242370605,
      3.1178903579711914,
      3.2336525917053223,
      3.349414825439453,
      3.465177059173584,
      3.580939292907715,
      3.6967015266418457,
      3.8124637603759766
    ],
    "counts": [
      8,
      18,
      20,
      29,
      34,
      28,
      16,
      22,
      26,
      38,
      40,
      55,
      112,
      376,
      851,
      1093,
      492,
      132,
      25,
      6
    ],
    "density": [
      0.00233849751534639,
      0.005261619409529378,
      0.005846243788365975,
      0.008477053493130663,
      0.009938614440222157,
      0.008184741303712365,
      0.00467699503069278,
      0.006430868167202572,
      0.007600116924875768,
      0.011107863197895352,
      0.01169248757673195,
      0.01607717041800643,
      0.03273896521484946,
      0.10990938322128033,
      0.24875767319497222,
      0.31949722303420053,
      0.143817597193803,
      0.03858520900321544,
      0.007307804735457469,
      0.0017538731365097924
    ]
  },
  "roc_auc_ovr_per_class": [
    0.9972509894374011,
    0.9995147043994023,
    0.9962686490007341,
    0.9835194753263106,
    0.9972988161925999,
    0.990734172327558,
    0.9950349623670857,
    0.9999992790038718
  ],
  "roc_auc_ovr_macro": 0.9949526310068704,
  "roc_auc_ovr_micro": 0.9957111819342546,
  "support_analysis": {
    "support": [
      244,
      624,
      311,
      579,
      243,
      284,
      666,
      470
    ],
    "support_fraction": [
      0.07132417421806489,
      0.1824028061970184,
      0.09090909090909091,
      0.16924875767319497,
      0.0710318620286466,
      0.08301666179479684,
      0.19467991815258695,
      0.1373867290266004
    ],
    "class_accuracy": [
      0.9221311475409836,
      0.9839743589743589,
      0.932475884244373,
      0.9084628670120898,
      0.9547325102880658,
      0.823943661971831,
      0.972972972972973,
      1.0
    ],