accuracy,f1_macro,ece,brier_score,roc_auc_ovr_macro,roc_auc_ovr_micro
0.9467991815258696,0.9394479536766782,0.06812090553654732,0.0888954513624412,0.9949526310068704,0.9957111819342546
