accuracy,f1_macro,ece,brier_score,roc_auc_ovr_macro,roc_auc_ovr_micro
0.8722595732242034,0.852632441680958,0.03547957825298303,0.19869672877187744,0.9766926569944064,0.9806400087926804
