{
  "train_loss": [
    1.074896322879236,
    0.8375084186804738,
    0.7465586484814616,
    0.7196780274886676,
    0.6666124546436133,
    0.6365818413813882,
    0.6033728026593956,
    0.5843318648145286,
    0.5565143588714753,
    0.5536449578901963,
    0.5436967129729671,
    0.5363870958852784,
    0.5245976809794866,
    0.5234013461037678,
    0.5169051485781129,
    0.4971926901981798,
    0.5004374310498894
  ],
  "val_loss": [
    1.2116371849986995,
    1.0897751199864896,
    1.2115032962549512,
    0.9129856947426483,
    1.1253725412850069,
    0.8078287316259937,
    0.7979546116891308,
    0.9993842717643097,
    0.876122120384858,
    0.7709305319830636,
    0.8453322415039918,
    0.787916305466233,
    0.9486264163088576,
    0.8094462212001052,
    0.8759140032474125,
    0.7932411254009354,
    0.7792808692031932
  ],
  "train_acc": [
    0.7186349949815992,
    0.8310471729675477,
    0.8812311809969889,
    0.890598862495818,
    0.9176982268317163,
    0.9330879892940783,
    0.9451321512211442,
    0.9558380729340916,
    0.9705587152893944,
    0.9668785547005687,
    0.9722315155570425,
    0.9715623954499832,
    0.9819337571094011,
    0.9812646370023419,
    0.9842756774841084,
    0.9902977584476413,
    0.9902977584476413
  ],
  "val_acc": [
    0.6828271028037384,
    0.7172897196261683,
    0.7102803738317757,
    0.7967289719626168,
    0.7558411214953271,
    0.8551401869158879,
    0.8633177570093458,
    0.7792056074766355,
    0.8259345794392523,
    0.8697429906542056,
    0.8434579439252337,
    0.866822429906542,
    0.8060747663551402,
    0.8574766355140186,
    0.8452102803738317,
    0.8662383177570093,
    0.8662383177570093
  ],
  "train_grad_norm": [
    0.999999726866908,
    0.999999596544466,
    0.9999995566348956,
    0.999999548709168,
    0.9999994816589866,
    0.9936985334463249,
    0.9836933633558628,
    0.9759845905260706,
    0.9177445089074888,
    0.9202701119457423,
    0.9264427392217979,
    0.8961091834606771,
    0.867097073033265,
    0.8507942943252733,
    0.8215340097240096,
    0.665988553881022,
    0.6711549801503782
  ],
  "val_ece": [
    0.05637965160726667,
    0.05085608135978475,
    0.08652010782856809,
    0.044290689960400594,
    0.07277033891459209,
    0.052727198863628276,
    0.02931286244888171,
    0.05060772888501672,
    0.03852409434234985,
    0.035752567610590244,
    0.031885534272503076,
    0.06306403403596898,
    0.046514398131136545,
    0.03962055497985573,
    0.03339926301388538,
    0.050176627028768336,
    0.052886623680313015
  ],
  "val_brier": [
    0.4194352519462619,
    0.3816536209618117,
    0.41160086855011147,
    0.28514979459424794,
    0.36567858427172584,
    0.21979237038085772,
    0.19943840775349916,
    0.32198761316908037,
    0.25147189077796955,
    0.1926116244646422,
    0.2296998279058633,
    0.20177799357373158,
    0.28686030797562057,
    0.21247116623525167,
    0.2408978349168204,
    0.20596486879023818,
    0.20210404261961024
  ],
  "val_f1_macro": [
    0.6471247443781802,
    0.6923008897157887,
    0.6096531269929965,
    0.757861334033614,
    0.6628351342194645,
    0.8495939979382775,
    0.8502307770442588,
    0.7506401765600094,
    0.8103416651533255,
    0.8548366318895859,
    0.8268271614813306,
    0.858209232560681,
    0.7473691716166518,
    0.8332378492439564,
    0.8292244830980293,
    0.8474306959951664,
    0.8627886963967906
  ],
  "best_epoch": 10,
  "best_val_loss": 0.7709305319830636
}