{
  "accuracy": 0.8722595732242034,
  "precision_macro": 0.8777369428469363,
  "recall_macro": 0.8424050487053012,
  "f1_macro": 0.852632441680958,
  "ece": 0.03547957825298303,
  "precision_per_class": [
    0.7037037037037037,
    0.9802513464991023,
    0.9781818181818182,
    0.6824324324324325,
    0.9526315789473684,
    0.7939698492462312,
    0.934971098265896,
    0.9957537154989384
  ],
  "recall_per_class": [
    0.8565573770491803,
    0.875,
    0.864951768488746,
    0.8721934369602763,
    0.7448559670781894,
    0.5563380281690141,
    0.9714714714714715,
    0.997872340425532
  ],
  "f1_per_class": [
    0.7726432532347505,
    0.9246401354784082,
    0.9180887372013652,
    0.7657316148597423,
    0.836027713625866,
    0.6542443064182195,
    0.9528718703976435,
    0.9968119022316685
  ],
  "accuracy_per_class": [
    0.8565573770491803,
    0.875,
    0.864951768488746,
    0.8721934369602763,
    0.7448559670781894,
    0.5563380281690141,
    0.9714714714714715,
    0.997872340425532
  ],
  "reliability_diagram": {
    "bin_edges": [
      0.0,
      0.06666666666666667,
      0.13333333333333333,
      0.2,
      0.26666666666666666,
      0.3333333333333333,
      0.4,
      0.4666666666666667,
      0.5333333333333333,
      0.6,
      0.6666666666666666,
      0.7333333333333333,
      0.8,
      0.8666666666666667,
      0.9333333333333333,
      1.0
    ],
    "bin_accuracy": [
      0.0,
      0.0,
      0.0,
      0.0,
      0.6666666666666666,
      0.37037037037037035,
      0.3787878787878788,
      0.5842696629213483,
      0.5217391304347826,
      0.5909090909090909,
      0.6423357664233577,
      0.7012195121951219,
      0.8013029315960912,
      0.9454958364875095,
      0.9733806566104702
    ],
    "bin_confidence": [
      0.0,
      0.0,
      0.0,
      0.0,
      0.32001494367917377,
      0.363510772033974,
      0.43483581777774927,
      0.4995103491826004,
      0.5667534548303356,
      0.6356193680654872,
      0.7001480216527507,
      0.7679845836104416,
      0.8360704989309031,
      0.9141194629091642,
      0.9469029952068718
    ],
    "bin_count": [
      0,
      0,
      0,
      0,
      3,
      27,
      66,
      89,
      92,
      88,
      137,
      164,
      307,
      1321,
      1127
    ]
  },
  "confusion_matrix": [
    [
      209,
      3,
      1,
      24,
      4,
      2,
      1,
      0
    ],
    [
      10,
      546,
      0,
      39,
      0,
      16,
      11,
      2
    ],
    [
      6,
      1,
      269,
      28,
      1,
      0,
      6,
      0
    ],
    [
      22,
      4,
      0,
      505,
      3,
      20,
      25,
      0
    ],
    [
      14,
      0,
      4,
      42,
      181,
      1,
      1,
      0
    ],
    [
      36,
      0,
      0,
      88,
      1,
      158,
      1,
      0
    ],
    [
      0,
      3,
      1,
      13,
      0,
      2,
      647,
      0
    ],
    [
      0,
      0,
      0,
      1,
      0,
      0,
      0,
      469
    ]
  ],
  "brier_score": 0.19869672877187744,
  "confidence_histogram": {
    "bin_edges": [
      0.0,
      0.05,
      0.1,
      0.15000000000000002,
      0.2,
      0.25,
      0.30000000000000004,
      0.35000000000000003,
      0.4,
      0.45,
      0.5,
      0.55,
      0.6000000000000001,
      0.65,
      0.7000000000000001,
      0.75,
      0.8,
      0.8500000000000001,
      0.9,
      0.9500000000000001,
      1.0
    ],
    "counts": [
      0,
      0,
      0,
      0,
      0,
      0,
      13,
      17,
      47,
      66,
      61,
      73,
      63,
      95,
      108,
      123,
      208,
      376,
      1817,
      354
    ],
    "density": [
      0.0,
      0.0,
      0.0,
      0.0,
      0.0,
      0.0,
      0.003800058462437884,
      0.004969307220111079,
      0.01373867290266004,
      0.01929260450160772,
      0.017831043554516222,
      0.021338789827535808,
      0.018415667933352822,
      0.02776965799473838,
      0.03156971645717627,
      0.03595439929845075,
      0.06080093539900614,
      0.10990938322128033,
      0.5311312481730488,
      0.10347851505407775
    ]
  },
  "entropy_histogram": {
    "bin_edges": [
      0.07173311710357666,
      0.1552725076675415,
      0.23881189823150634,
      0.32235128879547115,
      0.405890679359436,
      0.4894300699234009,
      0.5729694604873656,
      0.6565088510513305,
      0.7400482416152954,
      0.8235876321792602,
      0.9071270227432251,
      0.9906664133071899,
      1.0742058038711546,
      1.1577451944351196,
      1.2412845849990843,
      1.3248239755630493,
      1.408363366127014,
      1.4919027566909788,
      1.5754421472549438,
      1.6589815378189086,
      1.7425209283828735
    ],
    "counts": [
      51,
      106,
      381,
      1087,
      513,
      238,
      168,
      132,
      105,
      107,
      100,
      87,
      86,
      71,
      69,
      51,
      28,
      23,
      14,
      4
    ],
    "density": [
      0.014907921660333235,
      0.030985092078339667,
      0.11137094416837182,
      0.3177433498976907,
      0.14995615317158725,
      0.0695703010815551,
      0.049108447822274186,
      0.03858520900321544,
      0.030692779888921367,
      0.03127740426775796,
      0.029231218941829874,
      0.02543116047939199,
      0.025138848289973693,
      0.02075416544869921,
      0.020169541069862615,
      0.014907921660333235,
      0.008184741303712365,
      0.006723180356620871,
      0.0040923706518561824,
      0.001169248757673195
    ]
  },
  "logit_magnitude_histogram": {
    "bin_edges": [
      1.31745183467865,
      1.587041312456131,
      1.856630790233612,
      2.1262202680110933,
      2.3958097457885743,
      2.6653992235660553,
      2.9349887013435367,
      3.2045781791210177,
      3.4741676568984987,
      3.7437571346759797,
      4.013346612453461,
      4.282936090230942,
      4.552525568008424,
      4.822115045785904,
      5.0917045235633855,
      5.361294001340866,
      5.6308834791183475,
      5.900472956895829,
      6.1700624346733095,
      6.439651912450791,
      6.7092413902282715
    ],
    "counts": [
      4,
      31,
      43,
      86,
      133,
      139,
      191,
      249,
      587,
      1184,
      419,
      151,
      67,
      70,
      33,
      19,
      8,
      2,
      3,
      2
    ],
    "density": [
      0.001169248757673195,
      0.009061677871967261,
      0.012569424144986846,
      0.025138848289973693,
      0.038877521192633734,
      0.040631394329143526,
      0.05583162817889506,
      0.07278573516515639,
      0.17158725518854137,
      0.3460976322712657,
      0.12247880736626718,
      0.04413914060216311,
      0.019584916691026015,
      0.02046185325928091,
      0.00964630225080386,
      0.005553931598947676,
      0.00233849751534639,
      0.0005846243788365975,
      0.0008769365682548962,
      0.0005846243788365975
    ]
  },
  "roc_auc_ovr_per_class": [
    0.9842631722885287,
    0.9952203826444084,
    0.9863669730461844,
    0.9542283949491892,
    0.9909615230222182,
    0.9078894790483418,
    0.9946142149408937,
    0.9999971160154869
  ],
  "roc_auc_ovr_macro": 0.9766926569944064,
  "roc_auc_ovr_micro": 0.9806400087926804,
  "support_analysis": {
    "support": [
      244,
      624,
      311,
      579,
      243,
      284,
      666,
      470
    ],
    "support_fraction": [
      0.07132417421806489,
      0.1824028061970184,
      0.09090909090909091,
      0.16924875767319497,
      0.0710318620286466,
      0.08301666179479684,
      0.19467991815258695,
      0.1373867290266004
    ],
    "class_accuracy": [
      0.8565573770491803,
      0.875,
      0.864951768488746,
      0.8721934369602763,
      0.7448559670781894,
      0.5563380281690141,
      0.9714714714714715,
      0.997872340425532
    ],