{
  "train_loss": [
    0.9267759524128756,
    0.7384717131027931,
    0.6961703882563589,
    0.6346841682435358,
    0.6346754278176283,
    0.5938978218322376,
    0.5864265810569899,
    0.5684809389222861,
    0.5679613211833741,
    0.5491749625335214,
    0.5370401550830907,
    0.5269037034348845,
    0.5201234885205709,
    0.5209611585284604,
    0.5129572914650944,
    0.5033510314776133,
    0.5129886326402197,
    0.49492547321814123,
    0.4898393725463482,
    0.48772812093050033,
    0.4881484817605068,
    0.48585304614890573,
    0.4864581680269934,
    0.47998428774462293,
    0.4763165931810939,
    0.4752816771256481,
    0.470792755948217,
    0.47004178428618,
    0.4713923396494685,
    0.4738208088798242,
    0.4705829988079511,
    0.47023134639965886,
    0.47034003303656413,
    0.4698501651244803,
    0.46926034977500675,
    0.4691251755239334,
    0.46851067442924293,
    0.4682508715023042,
    0.46867896921062757,
    0.4687343371297333
  ],
  "val_loss": [
    1.0039932883788492,
    1.0888612092098342,
    0.7086696268242096,
    0.8111341311552814,
    1.1352476438629293,
    0.7457483371841573,
    0.7209401292221569,
    0.7688299629175774,
    0.6714997280423887,
    1.2158378128693483,
    0.8877849216773132,
    0.7798922574408701,
    0.6864683098882158,
    0.7698475668363483,
    0.6533599429041426,
    0.6765098009154061,
    0.774651791447791,
    0.6338459219887992,
    0.754073109025153,
    0.6266089594252756,
    0.6524515564196578,
    0.6891197439666107,
    0.6195893348934495,
    0.5972923458179581,
    0.6117066913676039,
    0.5811408067418036,
    0.5799073632632461,
    0.5711438594577468,
    0.6124020101868104,
    0.5903893558778496,
    0.5866502735102288,
    0.5868178360930113,
    0.5749533365820055,
    0.6129933929889002,
    0.5758458932983541,
    0.5781884483087842,
    0.57643439390949,
    0.579072145101066,
    0.5850409809674058,
    0.5808538287599511
  ],
  "train_acc": [
    0.805955168952827,
    0.8862495817999331,
    0.9029775844764135,
    0.9337571094011375,
    0.9330879892940783,
    0.9514887922382067,
    0.9521579123452659,
    0.9618601538976246,
    0.9565071930411508,
    0.9739043158246905,
    0.9755771160923385,
    0.9792572766811642,
    0.9799263967882235,
    0.9805955168952827,
    0.984610237537638,
    0.9886249581799933,
    0.9852793576446972,
    0.9929742388758782,
    0.9946470391435263,
    0.9946470391435263,
    0.9946470391435263,
    0.9946470391435263,
    0.9929742388758782,
    0.9966543994647039,
    0.9979926396788223,
    0.9979926396788223,
    1.0,
    1.0,
    0.9989963198394112,
    0.9979926396788223,
    0.9996654399464704,
    0.9996654399464704,
    0.9996654399464704,
    0.9996654399464704,
    0.9996654399464704,
    1.0,
    1.0,
    1.0,
    0.9996654399464704,
    1.0
  ],
  "val_acc": [
    0.7605140186915887,
    0.735981308411215,
    0.8983644859813084,
    0.8358644859813084,
    0.735981308411215,
    0.8907710280373832,
    0.8966121495327103,
    0.8720794392523364,
    0.9135514018691588,
    0.7464953271028038,
    0.8311915887850467,
    0.884929906542056,
    0.9088785046728972,
    0.8785046728971962,
    0.9199766355140186,
    0.9147196261682243,
    0.8685747663551402,
    0.9281542056074766,
    0.893107476635514,
    0.9339953271028038,
    0.9252336448598131,
    0.9094626168224299,
    0.945677570093458,
    0.9480140186915887,
    0.9480140186915887,
    0.9544392523364486,
    0.9573598130841121,
    0.9620327102803738,
    0.9462616822429907,
    0.9526869158878505,
    0.9550233644859814,
    0.9561915887850467,
    0.9573598130841121,
    0.947429906542056,
    0.9602803738317757,
    0.9585280373831776,
    0.9561915887850467,
    0.9567757009345794,
    0.9573598130841121,
    0.9614485981308412
  ],
  "train_grad_norm": [
    0.9999997502946273,
    0.9999995962924509,
    0.9999995143808563,
    0.9921959864034109,
    0.9999994491565974,
    0.995645216418863,
    0.9589976974492792,
    0.9354586361359619,
    0.9825351106802852,
    0.9269509774240422,
    0.9290716531308342,
    0.8414193614200343,
    0.8582631860113593,
    0.8372693166893604,
    0.75607975381045,
    0.6778502013821524,
    0.7427199653192673,
    0.6382531472152213,
    0.5136390662433609,
    0.5173570141356476,
    0.5295996367362635,
    0.4909758748892991,
    0.5159914647274001,
    0.4459869889668701,
    0.3071623544876516,
    0.29628322885598707,
    0.17215620572018206,
    0.15567416257095132,
    0.18984498547995346,
    0.2918178390150128,
    0.19656128717825588,
    0.16348018020056476,
    0.1632860674405958,
    0.1376391218242585,
    0.12417752324833999,
    0.12254068060546995,
    0.08820744073413418,
    0.07768307764800068,
    0.10991514277890745,
    0.0987700427289464
  ],
  "val_ece": [
    0.0465216276314214,
    0.03204824665787621,
    0.06069654055705695,
    0.0637224896541126,
    0.050861245656612326,
    0.0508754552629228,
    0.03144182163839028,
    0.04713359804145087,
    0.08585932168448082,
    0.053851742071108245,
    0.04423616870054016,
    0.0343362519813475,
    0.052116882299708435,
    0.05690073881681281,
    0.06447515796835177,
    0.05858063468030684,
    0.06088590632392983,
    0.06731028995850936,
    0.04374521239617168,
    0.06615890418048774,
    0.07218954969789378,
    0.062256680000747466,
    0.06807669347030254,
    0.0664805398087635,
    0.06702375344096498,
    0.07341131688069512,
    0.07005503764985312,
    0.07674889275194888,
    0.06161755426116634,
    0.07157861766901537,
    0.06510063031009432,
    0.07531082252406075,
    0.06717451430300136,
    0.06881009341678881,
    0.07051360299027415,
    0.06665211693148748,
    0.07279975768004619,
    0.07043365994903522,
    0.07203046998409464,
    0.06984581613791324
  ],
  "val_brier": [
    0.33822794175622856,
    0.37850226581357854,
    0.1620543327396887,
    0.23251399208284054,
    0.37076295993873604,
    0.1731013466498352,
    0.15666347494197574,
    0.1946256106123707,
    0.13611562497964044,
    0.3939268234836031,
    0.26487498814215354,
    0.18305305661762825,
    0.14081081396939463,
    0.1797753755477548,
    0.1238087103469176,
    0.1333780069617465,
    0.19556857004856573,
    0.1126050949830155,
    0.17383559523592823,
    0.10507263404611904,
    0.11812026018752841,
    0.14268306376628673,
    0.0974699863006522,
    0.08784952397836324,
    0.0927903597638641,
    0.07740781646493093,
    0.07567374839963485,
    0.07115602810552206,
    0.09354101449372362,
    0.08299591262240348,
    0.07888618448982808,
    0.08025808758303309,
    0.07314793589325326,
    0.0923363785492283,
    0.07271567674339229,
    0.07404851493053956,
    0.07397057470487749,
    0.07495070515819402,
    0.07788053012080376,
    0.0735630281025132
  ],
  "val_f1_macro": [
    0.7183799006625189,
    0.6837245296446828,
    0.8696081878538473,
    0.8167852459742094,
    0.6624349039218707,
    0.8755502325645669,
    0.8776977444726172,
    0.847621875081035,
    0.8958167171338637,
    0.6263893360073429,
    0.8081256120996916,
    0.8542253841769077,
    0.8938217618451691,
    0.8608366246003138,
    0.9052203274084796,
    0.9046279535023735,
    0.855853836432697,
    0.9212562977050089,
    0.8554725334743659,
    0.9239463609779439,
    0.9152022473858459,
    0.8899442609297972,
    0.940636280544143,
    0.9422312603488051,
    0.9427316057737856,
    0.9496391935324526,
    0.9524416115818071,
    0.9596699275575342,
    0.938887764009686,
    0.9466672252066661,
    0.9512140360102246,
    0.9512177703426205,
    0.954290358916366,
    0.9453024360337583,
    0.9582446395492988,
    0.9551674265509753,
    0.9525853067633142,
    0.952504079282164,
    0.9533231410603696,
    0.9585845345823579
  ],
  "best_epoch": 33,
  "best_val_loss": 0.5749533365820055
}