{
  "accuracy": 0.9485530546623794,
  "precision_macro": 0.9492289387400129,
  "recall_macro": 0.9391059600301468,
  "f1_macro": 0.9436271271515193,
  "ece": 0.07299387536004281,
  "precision_per_class": [
    0.9493670886075949,
    0.9967897271268058,
    0.9545454545454546,
    0.8462757527733756,
    0.9458333333333333,
    0.93359375,
    0.969558599695586,
    0.997867803837953
  ],
  "recall_per_class": [
    0.9221311475409836,
    0.9951923076923077,
    0.9453376205787781,
    0.9222797927461139,
    0.934156378600823,
    0.8415492957746479,
    0.9564564564564565,
    0.9957446808510638
  ],
  "f1_per_class": [
    0.9355509355509356,
    0.9959903769045709,
    0.9499192245557351,
    0.8826446280991735,
    0.9399585921325052,
    0.8851851851851852,
    0.9629629629629629,
    0.9968051118210862
  ],
  "accuracy_per_class": [
    0.9221311475409836,
    0.9951923076923077,
    0.9453376205787781,
    0.9222797927461139,
    0.934156378600823,
    0.8415492957746479,
    0.9564564564564565,
    0.9957446808510638
  ],
  "reliability_diagram": {
    "bin_edges": [
      0.0,
      0.06666666666666667,
      0.13333333333333333,
      0.2,
      0.26666666666666666,
      0.3333333333333333,
      0.4,
      0.4666666666666667,
      0.5333333333333333,
      0.6,
      0.6666666666666666,
      0.7333333333333333,
      0.8,
      0.8666666666666667,
      0.9333333333333333,
      1.0
    ],
    "bin_accuracy": [
      0.0,
      0.0,
      0.0,
      0.0,
      0.6,
      0.5,
      0.42857142857142855,
      0.4444444444444444,
      0.5333333333333333,
      0.71875,
      0.6410256410256411,
      0.6216216216216216,
      0.6702127659574468,
      0.9817073170731707,
      1.0
    ],
    "bin_confidence": [
      0.0,
      0.0,
      0.0,
      0.0,
      0.30190367102622984,
      0.37691112421453,
      0.4441821958337511,
      0.49850457685965077,
      0.5636402249336243,
      0.6380567699670792,
      0.7020978407982068,
      0.7732069089606002,
      0.8371831958598279,
      0.9120567309955884,
      0.93590347468853
    ],
    "bin_count": [
      0,
      0,
      0,
      0,
      5,
      16,
      21,
      27,
      30,
      32,
      39,
      37,
      94,
      3116,
      4
    ]
  },
  "confusion_matrix": [
    [
      225,
      0,
      1,
      12,
      1,
      3,
      2,
      0
    ],
    [
      0,
      621,
      0,
      1,
      0,
      1,
      1,
      0
    ],
    [
      1,
      0,
      294,
      11,
      1,
      1,
      2,
      1
    ],
    [
      8,
      0,
      5,
      534,
      6,
      11,
      15,
      0
    ],
    [
      1,
      0,
      5,
      9,
      227,
      1,
      0,
      0
    ],
    [
      2,
      1,
      0,
      37,
      5,
      239,
      0,
      0
    ],
    [
      0,
      1,
      1,
      27,
      0,
      0,
      637,
      0
    ],
    [
      0,
      0,
      2,
      0,
      0,
      0,
      0,
      468
    ]
  ],
  "brier_score": 0.08600651118139242,
  "confidence_histogram": {
    "bin_edges": [
      0.0,
      0.05,
      0.1,
      0.15000000000000002,
      0.2,
      0.25,
      0.30000000000000004,
      0.35000000000000003,
      0.4,
      0.45,
      0.5,
      0.55,
      0.6000000000000001,
      0.65,
      0.7000000000000001,
      0.75,
      0.8,
      0.8500000000000001,
      0.9,
      0.9500000000000001,
      1.0
    ],
    "counts": [
      0,
      0,
      0,
      0,
      0,
      3,
      3,
      15,
      12,
      23,
      22,
      21,
      21,
      28,
      28,
      31,
      65,
      222,
      2927,
      0
    ],
    "density": [
      0.0,
      0.0,
      0.0,
      0.0,
      0.0,
      0.0008769365682548962,
      0.0008769365682548962,
      0.0043846828412744815,
      0.0035077462730195848,
      0.006723180356620871,
      0.006430868167202572,
      0.006138555977784273,
      0.006138555977784273,
      0.008184741303712365,
      0.008184741303712365,
      0.009061677871967261,
      0.01900029231218942,
      0.06489330605086233,
      0.8555977784273604,
      0.0
    ]
  },
  "entropy_histogram": {
    "bin_edges": [
      0.34431976079940796,
      0.4209400683641434,
      0.4975603759288788,
      0.5741806834936142,
      0.6508009910583497,
      0.727421298623085,
      0.8040416061878204,
      0.8806619137525559,
      0.9572822213172912,
      1.0339025288820265,
      1.110522836446762,
      1.1871431440114975,
      1.2637634515762328,
      1.3403837591409684,
      1.4170040667057038,
      1.4936243742704391,
      1.5702446818351745,
      1.6468649893999099,
      1.7234852969646453,
      1.8001056045293808,
      1.8767259120941162
    ],
    "counts": [
      91,
      2709,
      257,
      77,
      32,
      41,
      26,
      13,
      26,
      27,
      21,
      32,
      20,
      8,
      13,
      11,
      10,
      2,
      4,
      1
    ],
    "density": [
      0.026600409237065185,
      0.7918737211341713,
      0.07512423268050278,
      0.022508038585209004,
      0.00935399006138556,
      0.011984799766150248,
      0.007600116924875768,
      0.003800058462437884,
      0.007600116924875768,
      0.007892429114294067,
      0.006138555977784273,
      0.00935399006138556,
      0.005846243788365975,
      0.00233849751534639,
      0.003800058462437884,
      0.003215434083601286,
      0.0029231218941829875,
      0.0005846243788365975,
      0.001169248757673195,
      0.00029231218941829873
    ]
  },
  "logit_magnitude_histogram": {
    "bin_edges": [
      1.3011621236801147,
      1.4439769327640533,
      1.586791741847992,
      1.7296065509319305,
      1.8724213600158692,
      2.0152361690998077,
      2.1580509781837462,
      2.3008657872676848,
      2.4436805963516237,
      2.586495405435562,
      2.7293102145195007,
      2.8721250236034392,
      3.0149398326873778,
      3.1577546417713167,
      3.3005694508552548,
      3.4433842599391937,
      3.5861990690231322,
      3.7290138781070707,
      3.8718286871910093,
      4.014643496274948,
      4.157458305358887
    ],
    "counts": [
      2,
      6,
      25,
      22,
      28,
      34,
      26,
      24,
      25,
      29,
      43,
      80,
      629,
      674,
      659,
      772,
      277,
      52,
      11,
      3
    ],
    "density": [
      0.0005846243788365975,
      0.0017538731365097924,
      0.007307804735457469,
      0.006430868167202572,
      0.008184741303712365,
      0.009938614440222157,
      0.007600116924875768,
      0.0070154925460391695,
      0.007307804735457469,
      0.008477053493130663,
      0.012569424144986846,
      0.0233849751534639,
      0.18386436714410992,
      0.19701841566793335,
      0.19263373282665888,
      0.22566501023092664,
      0.08097047646886875,
      0.015200233849751535,
      0.003215434083601286,
      0.0008769365682548962
    ]
  },
  "roc_auc_ovr_per_class": [
    0.9965737343715331,
    0.9996768515717389,
    0.9983219776470467,
    0.9869171896023016,
    0.9954833513325927,
    0.9858357989826109,
    0.99647760282969,
    0.9999978370116153
  ],
  "roc_auc_ovr_macro": 0.9949105429186411,
  "roc_auc_ovr_micro": 0.9958122955610574,
  "support_analysis": {
    "support": [
      244,
      624,
      311,
      579,
      243,
      284,
      666,
      470
    ],
    "support_fraction": [
      0.07132417421806489,
      0.1824028061970184,
      0.09090909090909091,
      0.16924875767319497,
      0.0710318620286466,
      0.08301666179479684,
      0.19467991815258695,
      0.1373867290266004
    ],
    "class_accuracy": [
      0.9221311475409836,
      0.9951923076923077,
      0.9453376205787781,
      0.9222797927461139,
      0.934156378600823,
      0.8415492957746479,
      0.9564564564564565,
      0.9957446808510638
    ],