accuracy,f1_macro,ece,brier_score,roc_auc_ovr_macro,roc_auc_ovr_micro
0.9485530546623794,0.9436271271515193,0.07299387536004281,0.08600651118139242,0.9949105429186411,0.9958122955610574
