{
  "train_loss": [
    1.116651740429911,
    0.8608345878128225,
    0.7454627229242908,
    0.7085982712864995,
    0.68049049491107,
    0.6464031707008134,
    0.6203226721099325,
    0.596619543083219,
    0.5752742412138958,
    0.5619654628136916,
    0.5659080971918524,
    0.5455837784981241,
    0.5389744269086111,
    0.5221315071948917,
    0.5234804742309951,
    0.5037596789280601,
    0.5014315150022587,
    0.5060744637448319,
    0.5055394557935013,
    0.5000888195951952,
    0.495875532260584,
    0.4943025188926232,
    0.47734382945025955,
    0.4743677878726801,
    0.47349142671309413,
    0.4718830400922698,
    0.47167309828528836,
    0.475679731271306,
    0.4717578687229935,
    0.4706151812680392,
    0.4699519394871063,
    0.4695311807676796,
    0.46910907904931876,
    0.4691952032044246,
    0.4686356450291771,
    0.468712894024758,
    0.4689341937969185,
    0.468477192920919,
    0.4685307939182599,
    0.46836417773847555,
    0.4683056658189326,
    0.4682090252727599,
    0.4681305383890119,
    0.4683426379878292,
    0.46854552496991136,
    0.46820470149320037
  ],
  "val_loss": [
    2.1139645509630722,
    1.1597545815405446,
    1.243217958468143,
    0.9069860499595928,
    0.9838011209095749,
    1.0586744151382803,
    1.2413597452306302,
    0.786570981841221,
    0.8460452562180635,
    1.0308475717205867,
    0.8110222209279783,
    0.7792115774110099,
    0.7738908724250081,
    1.2812471100103076,
    0.8533994221241674,
    0.8150179386138916,
    0.7791349676167854,
    0.8644672448389998,
    0.7461380067272722,
    0.712749839943146,
    0.7298217276546443,
    0.7410931291981279,
    0.7205515643146551,
    0.6915720110741731,
    0.7033374498937731,
    0.6914617480518662,
    0.7319015643306982,
    0.6786213968401758,
    0.7025036867533889,
    0.6897600209601572,
    0.6844518463188243,
    0.6755965547026875,
    0.6830946719535044,
    0.6874971768566381,
    0.6739376772229917,
    0.6754087894876427,
    0.6791870371203557,
    0.6715641244549617,
    0.6744020597957004,
    0.6797830791116874,
    0.6700919894414528,
    0.68827746070434,
    0.6821026033330186,
    0.6751452974069898,
    0.6795424568318875,
    0.6801396630634772
  ],
  "train_acc": [
    0.7035797925727668,
    0.8216794914687187,
    0.8765473402475744,
    0.8986283037805286,
    0.9160254265640683,
    0.9253931080628973,
    0.942790230846437,
    0.9478086316493811,
    0.963198394111743,
    0.9672131147540983,
    0.961525593844095,
    0.9739043158246905,
    0.9782535965205754,
    0.9805955168952827,
    0.9815991970558715,
    0.9886249581799933,
    0.9902977584476413,
    0.9866175978588156,
    0.9859484777517564,
    0.9889595182335229,
    0.9919705587152894,
    0.9919705587152894,
    0.9996654399464704,
    0.9989963198394112,
    0.9989963198394112,
    0.9996654399464704,
    0.9993308798929408,
    0.9979926396788223,
    0.9996654399464704,
    0.9996654399464704,
    1.0,
    1.0,
    1.0,
    0.9996654399464704,
    1.0,
    1.0,
    1.0,
    1.0,
    1.0,
    1.0,
    1.0,
    1.0,
    1.0,
    1.0,
    0.9996654399464704,
    1.0
  ],
  "val_acc": [
    0.4088785046728972,
    0.7143691588785047,
    0.7073598130841121,
    0.8241822429906542,
    0.7961448598130841,
    0.7657710280373832,
    0.6985981308411215,
    0.8598130841121495,
    0.8492990654205608,
    0.7873831775700935,
    0.8580607476635514,
    0.8714953271028038,
    0.8674065420560748,
    0.7032710280373832,
    0.8411214953271028,
    0.8644859813084113,
    0.8755841121495327,
    0.8452102803738317,
    0.883177570093458,
    0.8901869158878505,
    0.8837616822429907,
    0.8837616822429907,
    0.8966121495327103,
    0.907126168224299,
    0.9036214953271028,
    0.905373831775701,
    0.8948598130841121,
    0.9141355140186916,
    0.897196261682243,
    0.9047897196261683,
    0.9117990654205608,
    0.9147196261682243,
    0.9100467289719626,
    0.9077102803738317,
    0.9176401869158879,
    0.9170560747663551,
    0.9147196261682243,
    0.9158878504672897,
    0.9158878504672897,
    0.9129672897196262,
    0.915303738317757,
    0.9106308411214953,
    0.9094626168224299,
    0.9164719626168224,
    0.9123831775700935,
    0.9106308411214953
  ],
  "train_grad_norm": [
    0.9999997943040835,
    0.9999996511506531,
    0.9999995796878026,
    0.9999995540735328,
    0.9999995193089035,
    0.9969163216066167,
    0.9960810508720067,
    0.9768322299252028,
    0.9553293699562933,
    0.9438890464735396,
    0.9338019338815091,
    0.9174377764042692,
    0.8685833391425876,
    0.8562907409893202,
    0.8183064696582939,
    0.6802255395072172,
    0.6980957086558705,
    0.7372358930947147,
    0.6978615262374056,
    0.7117809695311273,
    0.6022370384743497,
    0.6076848805550938,
    0.3179945448918912,
    0.2626302877732645,
    0.25664013373940725,
    0.20368377344619207,
    0.22070685548233884,
    0.2445924699506429,
    0.2006915060432109,
    0.1733253530573728,
    0.15331321428159544,
    0.13614371158901373,
    0.1158952912203118,
    0.12566223886312491,
    0.09832230817837777,
    0.10248559792186177,
    0.10955283242095044,
    0.09160732252465169,
    0.09344508624695741,
    0.08447055183474565,
    0.0873766151490974,
    0.07993825768122709,
    0.07473783805493234,
    0.08842111639472225,
    0.09190358923073026,
    0.0790620318233301
  ],
  "val_ece": [
    0.3004799196496606,
    0.027684852324217264,
    0.10522726745666744,
    0.02544094502020665,
    0.0488929800584773,
    0.027471135727295256,
    0.0719915699283375,
    0.04592768675604155,
    0.035866382610157274,
    0.04431634962071327,
    0.04655134890263328,
    0.053273449617081164,
    0.059097558416635054,
    0.1161178018654061,
    0.0353576869956244,
    0.041074101839249415,
    0.04527490985553674,
    0.023506180496416312,
    0.055921334947381066,
    0.06453958735148481,
    0.06140390339646945,
    0.0503108232743411,
    0.06030092804440269,
    0.057672736887759105,
    0.061013346955737235,
    0.06248531692495964,
    0.0598899308835791,
    0.06356521951748391,
    0.06925011957151309,
    0.06504408538202255,
    0.06329648661488124,
    0.07472102808826994,
    0.06992156384077587,
    0.06595037412768777,
    0.058798814714651274,
    0.05593188235832144,
    0.06097681893505787,
    0.06479141812458208,
    0.055484299147588616,
    0.05569020827588078,
    0.06084775971683944,
    0.05998364064807651,
    0.060523327605398455,
    0.0563112526400903,
    0.05624679341981901,
    0.06113188159347414
  ],
  "val_brier": [
    0.8159118732259747,
    0.4129087686503699,
    0.4267515117782879,
    0.260869797323834,
    0.30617599075858454,
    0.339496761457021,
    0.4384791027028083,
    0.2063309725330872,
    0.22809773183694354,
    0.3160680796228208,
    0.21741896487751117,
    0.19557231353224447,
    0.19207327688759357,
    0.452571714306677,
    0.23818176153560813,
    0.20915516483408125,
    0.19371099431374603,
    0.23885026542725002,
    0.17749111943337337,
    0.16398344145820343,
    0.17664118324806183,
    0.17549710124459703,
    0.16289274515269903,
    0.14501481613176925,
    0.15534605701719903,
    0.1470401990243233,
    0.1653474705514761,
    0.14015484141825124,
    0.15370719499987032,
    0.14540643964581362,
    0.14178021399709487,
    0.1379287199776856,
    0.1417603044803793,
    0.14429264856052185,
    0.13438171384657843,
    0.13513618620893092,
    0.13695009348220946,
    0.13256477645632622,
    0.1331910786544412,
    0.13802229167509278,
    0.13311857477314118,
    0.14359685351957127,
    0.13936693820907842,
    0.13476130193192112,
    0.13717815168964362,
    0.13817778564968763
  ],