{
  "accuracy": 0.91581408944753,
  "precision_macro": 0.9118063491053139,
  "recall_macro": 0.9037633245204619,
  "f1_macro": 0.9074510770147752,
  "ece": 0.05904627611190378,
  "precision_per_class": [
    0.8883928571428571,
    0.931782945736434,
    0.9437086092715232,
    0.8118811881188119,
    0.9221311475409836,
    0.8309352517985612,
    0.967741935483871,
    0.9978768577494692
  ],
  "recall_per_class": [
    0.8155737704918032,
    0.9631410256410257,
    0.9163987138263665,
    0.8497409326424871,
    0.9259259259259259,
    0.8133802816901409,
    0.9459459459459459,
    1.0
  ],
  "f1_per_class": [
    0.8504273504273504,
    0.9472025216706068,
    0.9298531810766721,
    0.830379746835443,
    0.9240246406570842,
    0.8220640569395018,
    0.9567198177676538,
    0.9989373007438895
  ],
  "accuracy_per_class": [
    0.8155737704918032,
    0.9631410256410257,
    0.9163987138263665,
    0.8497409326424871,
    0.9259259259259259,
    0.8133802816901409,
    0.9459459459459459,
    1.0
  ],
  "reliability_diagram": {
    "bin_edges": [
      0.0,
      0.06666666666666667,
      0.13333333333333333,
      0.2,
      0.26666666666666666,
      0.3333333333333333,
      0.4,
      0.4666666666666667,
      0.5333333333333333,
      0.6,
      0.6666666666666666,
      0.7333333333333333,
      0.8,
      0.8666666666666667,
      0.9333333333333333,
      1.0
    ],
    "bin_accuracy": [
      0.0,
      0.0,
      0.0,
      0.0,
      0.5,
      0.47058823529411764,
      0.4375,
      0.5111111111111111,
      0.56,
      0.4827586206896552,
      0.6619718309859155,
      0.6097560975609756,
      0.7686567164179104,
      0.9664728019158398,
      1.0
    ],
    "bin_confidence": [
      0.0,
      0.0,
      0.0,
      0.0,
      0.3205433487892151,
      0.3718356753096861,
      0.4376417240127921,
      0.5049794316291809,
      0.5659647846221924,
      0.6354191488233106,
      0.7010953182905493,
      0.7658976621744109,
      0.8370115370003145,
      0.9099889193501246,
      0.9351261496543884
    ],
    "bin_count": [
      0,
      0,
      0,
      0,
      4,
      17,
      32,
      45,
      50,
      58,
      71,
      82,
      134,
      2923,
      5
    ]
  },
  "confusion_matrix": [
    [
      199,
      10,
      3,
      18,
      3,
      10,
      1,
      0
    ],
    [
      1,
      601,
      3,
      12,
      1,
      3,
      3,
      0
    ],
    [
      3,
      1,
      285,
      16,
      2,
      1,
      2,
      1
    ],
    [
      12,
      19,
      4,
      492,
      6,
      32,
      14,
      0
    ],
    [
      3,
      1,
      3,
      11,
      225,
      0,
      0,
      0
    ],
    [
      5,
      5,
      0,
      37,
      5,
      231,
      1,
      0
    ],
    [
      1,
      8,
      4,
      20,
      2,
      1,
      630,
      0
    ],
    [
      0,
      0,
      0,
      0,
      0,
      0,
      0,
      470
    ]
  ],
  "brier_score": 0.13763897269132339,
  "confidence_histogram": {
    "bin_edges": [
      0.0,
      0.05,
      0.1,
      0.15000000000000002,
      0.2,
      0.25,
      0.30000000000000004,
      0.35000000000000003,
      0.4,
      0.45,
      0.5,
      0.55,
      0.6000000000000001,
      0.65,
      0.7000000000000001,
      0.75,
      0.8,
      0.8500000000000001,
      0.9,
      0.9500000000000001,
      1.0
    ],
    "counts": [
      0,
      0,
      0,
      0,
      0,
      0,
      6,
      15,
      24,
      29,
      39,
      35,
      43,
      47,
      64,
      57,
      89,
      251,
      2722,
      0
    ],
    "density": [
      0.0,
      0.0,
      0.0,
      0.0,
      0.0,
      0.0,
      0.0017538731365097924,
      0.0043846828412744815,
      0.0070154925460391695,
      0.008477053493130663,
      0.01140017538731365,
      0.010230926629640456,
      0.012569424144986846,
      0.01373867290266004,
      0.01870798012277112,
      0.01666179479684303,
      0.02601578485822859,
      0.07337035954399299,
      0.7956737795966092,
      0.0
    ]
  },
  "entropy_histogram": {
    "bin_edges": [
      0.3610118627548218,
      0.4345411598682404,
      0.508070456981659,
      0.5815997540950775,
      0.6551290512084961,
      0.7286583483219147,
      0.8021876454353332,
      0.8757169425487518,
      0.9492462396621704,
      1.022775536775589,
      1.0963048338890076,
      1.169834131002426,
      1.2433634281158445,
      1.3168927252292633,
      1.3904220223426818,
      1.4639513194561005,
      1.537480616569519,
      1.6110099136829374,
      1.6845392107963562,
      1.7580685079097746,
      1.8315978050231934
    ],
    "counts": [
      157,
      2511,
      207,
      67,
      54,
      53,
      31,
      35,
      45,
      45,
      45,
      48,
      38,
      28,
      22,
      12,
      8,
      6,
      4,
      5
    ],
    "density": [
      0.045893013738672904,
      0.7339959076293482,
      0.06050862320958784,
      0.019584916691026015,
      0.015784858228588133,
      0.015492546039169833,
      0.009061677871967261,
      0.010230926629640456,
      0.013154048523823443,
      0.013154048523823443,
      0.013154048523823443,
      0.014030985092078339,
      0.011107863197895352,
      0.008184741303712365,
      0.006430868167202572,
      0.0035077462730195848,
      0.00233849751534639,
      0.0017538731365097924,
      0.001169248757673195,
      0.0014615609470914938
    ]
  },
  "logit_magnitude_histogram": {
    "bin_edges": [
      1.2536213397979736,
      1.401970088481903,
      1.5503188371658325,
      1.698667585849762,
      1.8470163345336914,
      1.9953650832176208,
      2.1437138319015503,
      2.2920625805854797,
      2.440411329269409,
      2.5887600779533386,
      2.737108826637268,
      2.8854575753211975,
      3.033806324005127,
      3.1821550726890564,
      3.330503821372986,
      3.4788525700569153,
      3.6272013187408447,
      3.775550067424774,
      3.9238988161087036,
      4.072247564792633,
      4.2205963134765625
    ],
    "counts": [
      4,
      10,
      29,
      33,
      38,
      46,
      47,
      52,
      54,
      38,
      67,
      61,
      107,
      999,
      1118,
      495,
      210,
      12,
      0,
      1
    ],
    "density": [
      0.001169248757673195,
      0.0029231218941829875,
      0.008477053493130663,
      0.00964630225080386,
      0.011107863197895352,
      0.013446360713241743,
      0.01373867290266004,
      0.015200233849751535,
      0.015784858228588133,
      0.011107863197895352,
      0.019584916691026015,
      0.017831043554516222,
      0.03127740426775796,
      0.29201987722888045,
      0.326805027769658,
      0.14469453376205788,
      0.061385559777842734,
      0.0035077462730195848,
      0.0,
      0.00029231218941829873
    ]
  },
  "roc_auc_ovr_per_class": [
    0.9805066641898481,
    0.9953120559573903,
    0.9923222464614717,
    0.9664646634069028,
    0.9950081190903511,
    0.9707949642387317,
    0.9886975905124725,
    0.9999899060542045
  ],
  "roc_auc_ovr_macro": 0.9861370262389215,
  "roc_auc_ovr_micro": 0.9876107335200078,
  "support_analysis": {
    "support": [
      244,
      624,
      311,
      579,
      243,
      284,
      666,
      470
    ],
    "support_fraction": [
      0.07132417421806489,
      0.1824028061970184,
      0.09090909090909091,
      0.16924875767319497,
      0.0710318620286466,
      0.08301666179479684,
      0.19467991815258695,
      0.1373867290266004
    ],
    "class_accuracy": [
      0.8155737704918032,
      0.9631410256410257,
      0.9163987138263665,
      0.8497409326424871,
      0.9259259259259259,
      0.8133802816901409,
      0.9459459459459459,
      1.0
    ],