accuracy,f1_macro,ece,brier_score,roc_auc_ovr_macro,roc_auc_ovr_micro
0.91581408944753,0.9074510770147752,0.05904627611190378,0.13763897269132339,0.9861370262389215,0.9876107335200078
