{
  "accuracy": 0.8025069637883009,
  "precision_macro": 0.8119794708482129,
  "recall_macro": 0.7871309021096172,
  "f1_macro": 0.7809787405553732,
  "confusion_matrix": [
    [
      743,
      0,
      3,
      0,
      4,
      588,
      0,
      0,
      0
    ],
    [
      0,
      847,
      0,
      0,
      0,
      0,
      0,
      0,
      0
    ],
    [
      6,
      3,
      228,
      0,
      0,
      89,
      0,
      11,
      2
    ],
    [
      0,
      0,
      37,
      580,
      0,
      0,
      2,
      1,
      14
    ],
    [
      40,
      83,
      3,
      0,
      866,
      2,
      32,
      0,
      9
    ],
    [
      55,
      7,
      29,
      0,
      0,
      473,
      0,
      26,
      2
    ],
    [
      0,
      0,
      15,
      7,
      2,
      4,
      622,
      7,
      84
    ],
    [
      1,
      5,
      80,
      2,
      6,
      64,
      0,
      210,
      53
    ],
    [
      0,
      0,
      12,
      6,
      0,
      3,
      19,
      0,
      1193
    ]
  ]
}