{
  "train_loss": [
    0.858826078689439,
    0.5004682449800364,
    0.403976880783208,
    0.34439919983483913,
    0.29554783408072444,
    0.26203172546587256,
    0.23891079097044426,
    0.21166417113547484,
    0.18756360379283846,
    0.1895516183394698,
    0.16881239340699425,
    0.15875344684618972,
    0.1500302414510445,
    0.14376320804511633,
    0.13410375691108203,
    0.12548839883267274,
    0.1248257061112822,
    0.1194615944858376,
    0.11136336768590517,
    0.1061742533943927,
    0.10465428040548877,
    0.09340128545573226,
    0.09557391083941491,
    0.08594603377758935,
    0.08982199500106887,
    0.07941292014207785,
    0.08446353219727357,
    0.06978873429873174,
    0.07523034450011633,
    0.07364636239059619,
    0.07905447207573561,
    0.06526900086038785,
    0.061574490558679085,
    0.05836880505230698,
    0.06612753728597123,
    0.06417760001848571
  ],
  "val_loss": [
    0.7853785657444176,
    0.44170899432404237,
    0.423378806407811,
    0.46581113875889385,
    0.40660128176140814,
    0.28871905779848095,
    0.32769231587016834,
    0.19925110936105275,
    0.19334571230940606,
    0.40904992198000334,
    0.3546609543219227,
    0.19410945375005706,
    0.2981019479150726,
    0.23376407309240554,
    0.42616033046448626,
    0.17555419639533446,
    0.21764739152820098,
    0.28467081748440665,
    0.20681689445470058,
    0.14120325962098682,
    0.22690350693113945,
    0.23242678567439448,
    0.13517443557195022,
    0.15930633303500422,
    0.19238394043329762,
    0.13343875742450756,
    0.12984318644559084,
    0.30187056859175426,
    0.11966369532701113,
    0.20588251354633832,
    0.23283647678558622,
    0.25310113542273444,
    0.17423084796499796,
    0.1664115218568544,
    0.24145517660016683,
    0.19231009892061776
  ],
  "train_acc": [
    0.6926974532201431,
    0.8236810524912218,
    0.8591937419440864,
    0.8812391661851637,
    0.8995066447397662,
    0.9098626605626917,
    0.9167074092181875,
    0.9290635139339526,
    0.9374638872838793,
    0.9365305124672207,
    0.9438197253211253,
    0.9472865460687142,
    0.9508867060758256,
    0.9525312236099382,
    0.9547979910218232,
    0.9574203297924352,
    0.9583537046090937,
    0.9587537223876617,
    0.9625761144939775,
    0.9654651317836348,
    0.9654651317836348,
    0.9687097204320192,
    0.968043024134406,
    0.9703097915462909,
    0.9699986666074047,
    0.9737321658740389,
    0.9723543268589715,
    0.9771100937819459,
    0.9755100226676742,
    0.9757767011867194,
    0.9731099159962665,
    0.9794213076136717,
    0.9800880039112849,
    0.9808880394684208,
    0.9776878972398774,
    0.9786657184763767
  ],
  "val_acc": [
    0.7218112754898041,
    0.834266293482607,
    0.8537584966013595,
    0.8332666933226709,
    0.8716513394642144,
    0.8951419432227109,
    0.8887445021991204,
    0.9320271891243502,
    0.939624150339864,
    0.8628548580567773,
    0.892842862854858,
    0.9402239104358256,
    0.9015393842463015,
    0.9250299880047981,
    0.87375049980008,
    0.9431227508996401,
    0.9277289084366254,
    0.9176329468212715,
    0.9373250699720111,
    0.9530187924830068,
    0.9259296281487405,
    0.925529788084766,
    0.95671731307477,
    0.9453218712514994,
    0.9408236705317873,
    0.9575169932027189,
    0.9599160335865654,
    0.9104358256697321,
    0.9655137944822071,
    0.942423030787685,
    0.9354258296681327,
    0.9211315473810476,
    0.9467213114754098,
    0.9504198320671732,
    0.9350259896041584,
    0.9473210715713715
  ],
  "best_epoch": 29,
  "best_val_loss": 0.11966369532701113
}