{
  "train_loss": [
    0.7839686351541127,
    0.4677083439745158,
    0.3928746810486181,
    0.33934265167174105,
    0.30790076925943277,
    0.2674321952308674,
    0.2520856401317252,
    0.23346103253012324,
    0.2118943276548498,
    0.20691514039537398,
    0.1886819231069863,
    0.18441049764289227,
    0.1651848372087049,
    0.15495653884082436,
    0.14878543979084763,
    0.1352426015657554,
    0.13421081109250182,
    0.11876895935001668
  ],
  "val_loss": [
    0.8603395069899058,
    0.43961520447153324,
    0.5467014818227753,
    0.4843264916023222,
    0.22790540271594686,
    0.33933330695183933,
    0.39572611895621845,
    0.28517627149450925,
    0.21039465205615066,
    0.22705510169303403,
    0.1766439464772906,
    0.24849413763709374,
    0.26800788097122297,
    0.3724417422876888,
    0.22137703129597922,
    0.3934150423373474,
    0.2476351174031768,
    0.2188389491839487
  ],
  "train_acc": [
    0.7276323392150762,
    0.836792746344282,
    0.864260633805947,
    0.8848393261922752,
    0.8943953064580648,
    0.9088848393261922,
    0.9136850526690075,
    0.918796390950709,
    0.92741899639984,
    0.9299524423307702,
    0.9350193341926308,
    0.9377750122227655,
    0.9444864216187386,
    0.9484421529845771,
    0.9497310991599627,
    0.9537757233654829,
    0.9549757767011867,
    0.9583981510289347
  ],
  "val_acc": [
    0.7040183926429429,
    0.8354658136745302,
    0.804578168732507,
    0.8321671331467413,
    0.9208316673330668,
    0.8855457816873251,
    0.8594562175129948,
    0.8995401839264294,
    0.9295281887245102,
    0.9242303078768492,
    0.9404238304678129,
    0.9086365453818472,
    0.9060375849660136,
    0.8881447421031587,
    0.9273290683726509,
    0.877249100359856,
    0.9223310675729708,
    0.9296281487405038
  ],
  "best_epoch": 11,
  "best_val_loss": 0.1766439464772906
}