{
  "accuracy": 0.8682451253481894,
  "precision_macro": 0.8355900544538755,
  "recall_macro": 0.8196885932327784,
  "f1_macro": 0.8133402208144127,
  "confusion_matrix": [
    [
      1290,
      1,
      0,
      0,
      3,
      44,
      0,
      0,
      0
    ],
    [
      0,
      847,
      0,
      0,
      0,
      0,
      0,
      0,
      0
    ],
    [
      0,
      3,
      250,
      1,
      1,
      51,
      0,
      31,
      2
    ],
    [
      0,
      0,
      44,
      582,
      0,
      0,
      1,
      0,
      7
    ],
    [
      39,
      54,
      2,
      0,
      935,
      0,
      4,
      0,
      1
    ],
    [
      0,
      2,
      64,
      1,
      1,
      506,
      0,
      17,
      1
    ],
    [
      1,
      0,
      20,
      48,
      12,
      1,
      539,
      0,
      120
    ],
    [
      0,
      0,
      117,
      3,
      15,
      76,
      0,
      147,
      63
    ],
    [
      0,
      1,
      38,
      25,
      9,
      6,
      16,
      0,
      1138
    ]
  ]
}