{
  "train_loss": [
    0.8742874866273913,
    0.5300222347882532,
    0.4099200642730423,
    0.34157132627015707,
    0.2895064624718939,
    0.26492252094177965,
    0.23927279021947764,
    0.20454214009355293,
    0.19178735857590276,
    0.1744213263041878,
    0.17958468731532992,
    0.1491927357773086,
    0.14467296759321072,
    0.14460396966611955,
    0.13112814428594474,
    0.12718454132516296,
    0.12566058571779534,
    0.11092242898126513,
    0.10321576292504654,
    0.11127729278353035,
    0.10119189286528442,
    0.10055610533621402,
    0.08548529926857856,
    0.0893770710797494,
    0.07883206888641896,
    0.08274222896297145,
    0.08262758385127605
  ],
  "val_loss": [
    0.8292420765296405,
    0.43402280832757384,
    0.6264755837872523,
    0.45956819850366054,
    0.3090261346766683,
    0.37874238443870345,
    0.30476503183202047,
    0.23967837289970714,
    0.3781610052378737,
    0.180108581505409,
    0.4332206182983197,
    0.2071399422513633,
    0.28201574022795667,
    0.17000371378893758,
    0.24503616773572173,
    0.2964920976885506,
    0.20364693432796102,
    0.2647490295015874,
    0.15754678506390757,
    0.11652382129284947,
    0.27876408230729316,
    0.1731517179781606,
    0.17546243909172943,
    0.14564687607646798,
    0.22584365896198427,
    0.1607384155722248,
    0.14818126422579123
  ],
  "train_acc": [
    0.6823414373972176,
    0.8115027334548203,
    0.8558158140361793,
    0.8816391839637318,
    0.8974176630072448,
    0.909373749944442,
    0.918796390950709,
    0.9322636561624961,
    0.9358638161696076,
    0.9414196186497178,
    0.939108404817992,
    0.95110893817503,
    0.9511533845948709,
    0.9506644739766212,
    0.955998044357527,
    0.9571980976932308,
    0.9584425974487755,
    0.9639539535090449,
    0.9665762922796569,
    0.963109471532068,
    0.9652873461042712,
    0.9673763278367927,
    0.9716876305613583,
    0.9687541668518601,
    0.9730210231565848,
    0.9722654340192898,
    0.9727987910573803
  ],
  "val_acc": [
    0.7147141143542582,
    0.8424630147940824,
    0.7741903238704518,
    0.8384646141543383,
    0.892842862854858,
    0.8647540983606558,
    0.8951419432227109,
    0.9143342662934826,
    0.8735505797680928,
    0.9393242702918833,
    0.8609556177528989,
    0.9324270291883247,
    0.9131347461015594,
    0.9435225909636146,
    0.9214314274290284,
    0.9124350259896041,
    0.9408236705317873,
    0.9228308676529389,
    0.9485205917632947,
    0.9631147540983607,
    0.9231307477009196,
    0.9422231107556978,
    0.945421831267493,
    0.9556177528988404,
    0.9349260295881647,
    0.947421031587365,
    0.9533186725309876
  ],
  "best_epoch": 20,
  "best_val_loss": 0.11652382129284947
}