{
  "accuracy": 0.8874651810584958,
  "precision_macro": 0.8645303692983565,
  "recall_macro": 0.855609689486684,
  "f1_macro": 0.8475614213088826,
  "confusion_matrix": [
    [
      1319,
      2,
      0,
      0,
      2,
      10,
      4,
      0,
      1
    ],
    [
      0,
      847,
      0,
      0,
      0,
      0,
      0,
      0,
      0
    ],
    [
      9,
      0,
      314,
      0,
      0,
      9,
      0,
      7,
      0
    ],
    [
      0,
      0,
      5,
      625,
      0,
      0,
      3,
      0,
      1
    ],
    [
      114,
      93,
      1,
      0,
      820,
      0,
      4,
      1,
      2
    ],
    [
      56,
      1,
      46,
      0,
      1,
      451,
      0,
      34,
      3
    ],
    [
      0,
      0,
      15,
      14,
      5,
      0,
      693,
      0,
      14
    ],
    [
      6,
      0,
      95,
      5,
      3,
      93,
      7,
      164,
      48
    ],
    [
      0,
      0,
      12,
      31,
      6,
      1,
      44,
      0,
      1139
    ]
  ]
}