{
  "train_loss": [
    0.8103176692182887,
    0.464191034999846,
    0.39517488465414474,
    0.34401454998099057,
    0.30667078080158866,
    0.2775938368247898,
    0.24703088189022843,
    0.23140690229491045,
    0.2153250404217862,
    0.19355695015592328,
    0.18638157830237706,
    0.17541069054549002,
    0.15831966123820315,
    0.14625177839544487,
    0.14446415529009385,
    0.1282854911445435,
    0.1211389172103638,
    0.12043362525819307,
    0.11209126237517086,
    0.0973691195896959,
    0.09991219497647856,
    0.10309161988860942,
    0.08675244430633824,
    0.08729799717361383
  ],
  "val_loss": [
    0.49585789626762894,
    0.40889214105555555,
    0.3838498605365326,
    0.41416181701986565,
    0.331824671264078,
    0.3425569580059822,
    0.2374346396211432,
    0.25063452346236265,
    0.23223294416924373,
    0.21186715475276488,
    0.27446700143413705,
    0.23815673089227596,
    0.17726564749342497,
    0.19785229067524068,
    0.1996687585499133,
    0.29801437564369965,
    0.1731433478630528,
    0.33686734203909074,
    0.3716593348875088,
    0.24960411865203108,
    0.6026863550148407,
    0.1796796740066619,
    0.23568516651519247,
    0.2762820414546393
  ],
  "train_acc": [
    0.7130983599271079,
    0.8407484777101204,
    0.8631494733099249,
    0.8827058980399128,
    0.8960398239921774,
    0.9059069291968532,
    0.9166185163785057,
    0.9223521045379794,
    0.927774567758567,
    0.9367082981465843,
    0.9396417618560825,
    0.9422641006266945,
    0.9467976354504645,
    0.951864527312325,
    0.9519534201520068,
    0.9573758833725944,
    0.9591092937463888,
    0.9597759900440019,
    0.9634205964709542,
    0.9679985777145651,
    0.9671096493177475,
    0.9650651140050669,
    0.9712431663629495,
    0.9705320236454954
  ],
  "val_acc": [
    0.8134746101559376,
    0.8594562175129948,
    0.869452219112355,
    0.8628548580567773,
    0.8921431427429029,
    0.8862455017992803,
    0.9173330667732906,
    0.9136345461815274,
    0.9202319072371051,
    0.9314274290283886,
    0.9042383046781287,
    0.9192323070771692,
    0.9431227508996401,
    0.9358256697321071,
    0.9320271891243502,
    0.9068372650939625,
    0.9441223510595762,
    0.9035385845661735,
    0.8933426629348261,
    0.9239304278288685,
    0.8713514594162335,
    0.9393242702918833,
    0.9374250299880048,
    0.9229308276689324
  ],
  "best_epoch": 17,
  "best_val_loss": 0.1731433478630528
}