{
  "accuracy": 0.8729805013927576,
  "precision_macro": 0.8328594747327094,
  "recall_macro": 0.8270633560133525,
  "f1_macro": 0.8240078784833159,
  "confusion_matrix": [
    [
      1321,
      3,
      2,
      0,
      0,
      7,
      4,
      1,
      0
    ],
    [
      0,
      847,
      0,
      0,
      0,
      0,
      0,
      0,
      0
    ],
    [
      0,
      0,
      278,
      9,
      0,
      6,
      0,
      45,
      1
    ],
    [
      0,
      0,
      24,
      532,
      0,
      0,
      13,
      0,
      65
    ],
    [
      47,
      65,
      2,
      0,
      865,
      2,
      28,
      25,
      1
    ],
    [
      0,
      51,
      35,
      4,
      0,
      372,
      0,
      122,
      8
    ],
    [
      1,
      0,
      15,
      2,
      2,
      1,
      671,
      1,
      48
    ],
    [
      0,
      4,
      104,
      0,
      1,
      52,
      0,
      196,
      64
    ],
    [
      0,
      0,
      16,
      4,
      1,
      5,
      18,
      3,
      1186
    ]
  ]
}