{
  "accuracy": 0.9646302250803859,
  "precision_macro": 0.9662594418363173,
  "recall_macro": 0.9584484045539323,
  "f1_macro": 0.9620930690061679,
  "ece": 0.07730715127062354,
  "precision_per_class": [
    0.9747899159663865,
    0.9951768488745981,
    1.0,
    0.8914100486223663,
    0.9585062240663901,
    0.9407407407407408,
    0.9757942511346445,
    0.9936575052854123
  ],
  "recall_per_class": [
    0.9508196721311475,
    0.9919871794871795,
    0.9614147909967846,
    0.9499136442141624,
    0.9506172839506173,
    0.8943661971830986,
    0.9684684684684685,
    1.0
  ],
  "f1_per_class": [
    0.9626556016597511,
    0.9935794542536116,
    0.980327868852459,
    0.919732441471572,
    0.9545454545454546,
    0.9169675090252708,
    0.9721175584024114,
    0.9968186638388123
  ],
  "accuracy_per_class": [
    0.9508196721311475,
    0.9919871794871795,
    0.9614147909967846,
    0.9499136442141624,
    0.9506172839506173,
    0.8943661971830986,
    0.9684684684684685,
    1.0
  ],
  "reliability_diagram": {
    "bin_edges": [
      0.0,
      0.06666666666666667,
      0.13333333333333333,
      0.2,
      0.26666666666666666,
      0.3333333333333333,
      0.4,
      0.4666666666666667,
      0.5333333333333333,
      0.6,
      0.6666666666666666,
      0.7333333333333333,
      0.8,
      0.8666666666666667,
      0.9333333333333333,
      1.0
    ],
    "bin_accuracy": [
      0.0,
      0.0,
      0.0,
      0.0,
      1.0,
      0.6,
      0.3333333333333333,
      0.6756756756756757,
      0.5151515151515151,
      0.5789473684210527,
      0.7142857142857143,
      0.7391304347826086,
      0.915,
      0.9894736842105263,
      0.9942028985507246
    ],
    "bin_confidence": [
      0.0,
      0.0,
      0.0,
      0.0,
      0.29430490732192993,
      0.3851641774177551,
      0.4443888134426541,
      0.4985449330226795,
      0.5711808710387258,
      0.6337584539463645,
      0.7024277562186831,
      0.7698783105698185,
      0.8462294727563858,
      0.9083313929855376,
      0.9381848079570826
    ],
    "bin_count": [
      0,
      0,
      0,
      0,
      2,
      5,
      9,
      37,
      33,
      19,
      42,
      69,
      200,
      2660,
      345
    ]
  },
  "confusion_matrix": [
    [
      232,
      2,
      0,
      7,
      0,
      2,
      1,
      0
    ],
    [
      3,
      619,
      0,
      1,
      0,
      0,
      1,
      0
    ],
    [
      0,
      0,
      299,
      4,
      1,
      4,
      0,
      3
    ],
    [
      2,
      0,
      0,
      550,
      6,
      7,
      14,
      0
    ],
    [
      1,
      0,
      0,
      8,
      231,
      3,
      0,
      0
    ],
    [
      0,
      0,
      0,
      27,
      3,
      254,
      0,
      0
    ],
    [
      0,
      1,
      0,
      20,
      0,
      0,
      645,
      0
    ],
    [
      0,
      0,
      0,
      0,
      0,
      0,
      0,
      470
    ]
  ],
  "brier_score": 0.06368708514197709,
  "confidence_histogram": {
    "bin_edges": [
      0.0,
      0.05,
      0.1,
      0.15000000000000002,
      0.2,
      0.25,
      0.30000000000000004,
      0.35000000000000003,
      0.4,
      0.45,
      0.5,
      0.55,
      0.6000000000000001,
      0.65,
      0.7000000000000001,
      0.75,
      0.8,
      0.8500000000000001,
      0.9,
      0.9500000000000001,
      1.0
    ],
    "counts": [
      0,
      0,
      0,
      0,
      0,
      1,
      1,
      5,
      5,
      21,
      25,
      28,
      13,
      23,
      35,
      59,
      94,
      874,
      2216,
      21
    ],
    "density": [
      0.0,
      0.0,
      0.0,
      0.0,
      0.0,
      0.00029231218941829873,
      0.00029231218941829873,
      0.0014615609470914938,
      0.0014615609470914938,
      0.006138555977784273,
      0.007307804735457469,
      0.008184741303712365,
      0.003800058462437884,
      0.006723180356620871,
      0.010230926629640456,
      0.017246419175679626,
      0.02747734580532008,
      0.2554808535515931,
      0.64776381175095,
      0.006138555977784273
    ]
  },
  "entropy_histogram": {
    "bin_edges": [
      0.18955852091312408,
      0.2654081307351589,
      0.34125774055719377,
      0.41710735037922864,
      0.49295696020126345,
      0.5688065700232983,
      0.6446561798453332,
      0.720505789667368,
      0.7963553994894028,
      0.8722050093114376,
      0.9480546191334724,
      1.0239042289555074,
      1.0997538387775423,
      1.175603448599577,
      1.251453058421612,
      1.3273026682436466,
      1.4031522780656815,
      1.4790018878877165,
      1.5548514977097512,
      1.630701107531786,
      1.7065507173538208
    ],
    "counts": [
      8,
      65,
      897,
      932,
      753,
      357,
      135,
      56,
      29,
      43,
      27,
      31,
      19,
      23,
      22,
      9,
      5,
      5,
      3,
      2
    ],
    "density": [
      0.00233849751534639,
      0.01900029231218942,
      0.26220403390821395,
      0.27243496053785443,
      0.22011107863197896,
      0.10435545162233265,
      0.03946214557147033,
      0.01636948260742473,
      0.008477053493130663,
      0.012569424144986846,
      0.007892429114294067,
      0.009061677871967261,
      0.005553931598947676,
      0.006723180356620871,
      0.006430868167202572,
      0.002630809704764689,
      0.0014615609470914938,
      0.0014615609470914938,
      0.0008769365682548962,
      0.0005846243788365975
    ]
  },
  "logit_magnitude_histogram": {
    "bin_edges": [
      1.6125361919403076,
      1.799374258518219,
      1.9862123250961303,
      2.1730503916740416,
      2.359888458251953,
      2.5467265248298645,
      2.733564591407776,
      2.9204026579856874,
      3.1072407245635985,
      3.2940787911415104,
      3.4809168577194214,
      3.667754924297333,
      3.8545929908752443,
      4.041431057453156,
      4.228269124031067,
      4.415107190608978,
      4.601945257186889,
      4.788783323764801,
      4.975621390342713,
      5.162459456920624,
      5.349297523498535
    ],
    "counts": [
      5,
      22,
      53,
      115,
      124,
      157,
      417,
      1308,
      819,
      174,
      119,
      54,
      25,
      11,
      9,
      4,
      1,
      1,
      1,
      2
    ],
    "density": [
      0.0014615609470914938,
      0.006430868167202572,
      0.015492546039169833,
      0.033615901783104356,
      0.036246711487869045,
      0.045893013738672904,
      0.12189418298743057,
      0.38234434375913473,
      0.23940368313358668,
      0.05086232095878398,
      0.03478515054077755,
      0.015784858228588133,
      0.007307804735457469,
      0.003215434083601286,
      0.002630809704764689,
      0.001169248757673195,
      0.00029231218941829873,
      0.00029231218941829873,
      0.00029231218941829873,
      0.0005846243788365975
    ]
  },
  "roc_auc_ovr_per_class": [
    0.9986274297331744,
    0.9999627577166011,
    0.9997601348207732,
    0.9910830510514014,
    0.9967316452876903,
    0.9895903954168107,
    0.9970863785745818,
    1.0
  ],
  "roc_auc_ovr_macro": 0.9966052240751291,
  "roc_auc_ovr_micro": 0.9970117130069233,
  "support_analysis": {
    "support": [
      244,
      624,
      311,
      579,
      243,
      284,
      666,
      470
    ],
    "support_fraction": [
      0.07132417421806489,
      0.1824028061970184,
      0.09090909090909091,
      0.16924875767319497,
      0.0710318620286466,
      0.08301666179479684,
      0.19467991815258695,
      0.1373867290266004
    ],
    "class_accuracy": [
      0.9508196721311475,
      0.9919871794871795,
      0.9614147909967846,
      0.9499136442141624,
      0.9506172839506173,
      0.8943661971830986,
      0.9684684684684685,
      1.0
    ],