{
  "train_loss": [
    0.8061155094884022,
    0.672865914612633,
    0.6316766742347328,
    0.6075045702409314,
    0.5895492852245875,
    0.5791706531685004,
    0.5611565708383055,
    0.5628192851955189,
    0.5439379495818927,
    0.5407684373608374,
    0.5319710306425347,
    0.5190726017882851,
    0.5249219928541129,
    0.5154200501200852,
    0.509135509177931,
    0.5040708047142927,
    0.5015045949508679,
    0.4985192846010489,
    0.4960959877659743,
    0.493843753184479,
    0.4888121573233075,
    0.4889661286078989,
    0.487455321496008,
    0.4825330245506805,
    0.47843241171901185,
    0.48008651391281465,
    0.47971926361890604,
    0.4776115056257315,
    0.47382824183547095,
    0.47429978568387254
  ],
  "val_loss": [
    1.0760785513949171,
    0.8646222258282599,
    0.6546236766833011,
    0.7595833929899697,
    0.9291033310310863,
    0.5810249230571997,
    0.6448564340021009,
    0.6523256151475639,
    0.6170500522462007,
    0.5697468547063453,
    0.6195548360592851,
    0.6606969070211749,
    0.6026642467373999,
    0.5813372447111896,
    0.6513129305616717,
    0.5827895102099837,
    0.611991545307302,
    0.6018351271887806,
    0.6111095998888818,
    0.5509290316394556,
    0.5588424534441154,
    0.6175288886667412,
    0.5453819303869087,
    0.5877257128742254,
    0.597220862580237,
    0.554462535359035,
    0.5638805928631364,
    0.5537110121450691,
    0.5951480453259477,
    0.5726482249866022
  ],
  "train_acc": [
    0.8472516445534619,
    0.9124763072806333,
    0.9297580555245847,
    0.9433604638198239,
    0.9489352213178727,
    0.9549559594157654,
    0.9598617460140484,
    0.9595272605641655,
    0.9685583677110046,
    0.971234251310068,
    0.9751365815587022,
    0.980711339056751,
    0.9763630282082729,
    0.9812688148065559,
    0.9842791838555023,
    0.9865090868547218,
    0.9868435723046047,
    0.9886274947039804,
    0.9898539413535511,
    0.9899654365035121,
    0.9925298249526145,
    0.9924183298026535,
    0.9931987958523805,
    0.995317203701639,
    0.9964321552012487,
    0.9962091649013268,
    0.9957631843014829,
    0.9969896309510536,
    0.9981045824506634,
    0.9983275727505854
  ],
  "val_acc": [
    0.7336448598130841,
    0.8253504672897196,
    0.9176401869158879,
    0.8720794392523364,
    0.8019859813084113,
    0.951518691588785,
    0.9258177570093458,
    0.9228971962616822,
    0.9421728971962616,
    0.9573598130841121,
    0.9322429906542056,
    0.9228971962616822,
    0.9421728971962616,
    0.9503504672897196,
    0.9199766355140186,
    0.9521028037383178,
    0.9363317757009346,
    0.9450934579439252,
    0.9421728971962616,
    0.9608644859813084,
    0.9602803738317757,
    0.9351635514018691,
    0.9667056074766355,
    0.9509345794392523,
    0.945677570093458,
    0.9602803738317757,
    0.955607476635514,
    0.9643691588785047,
    0.9532710280373832,
    0.9550233644859814
  ],
  "train_grad_norm": [
    0.9999996424413434,
    0.9977997588094566,
    0.9890315078981016,
    0.9753898106145211,
    0.9525873195333655,
    0.934719453069882,
    0.8871742779069143,
    0.9001305790268659,
    0.8486201425233495,
    0.8385280240458394,
    0.7819481483698079,
    0.7313794819496141,
    0.7567660105096514,
    0.7267713099198925,
    0.6711334956674432,
    0.6503129346059119,
    0.6330370543570447,
    0.571220154076657,
    0.6118319758450673,
    0.5782315018423192,
    0.5204864039569864,
    0.5666298984252331,
    0.5610588039852238,
    0.44227557952032276,
    0.3658517990404217,
    0.39171955030247424,
    0.43478187778195065,
    0.3349499613031533,
    0.272442152499563,
    0.2882869099291457
  ],
  "val_ece": [
    0.0537517574206691,
    0.042886232643901734,
    0.06510556179368614,
    0.05163964754510146,
    0.035211943124777774,
    0.07317312963515796,
    0.08390083571321495,
    0.07473849076951775,
    0.08314105011870927,
    0.08258027926296273,
    0.0772235934039421,
    0.06132602639426699,
    0.07153470445180607,
    0.06885496857706634,
    0.06575643450509162,
    0.07827246309231933,
    0.06824949650076503,
    0.07528854043127219,
    0.07269650093654045,
    0.08172585573221486,
    0.07370109930982657,
    0.0676314182335807,
    0.07734846424694372,
    0.06897409007858446,
    0.08289996672108352,
    0.07928695000499203,
    0.08227182917784301,
    0.08116757058512385,
    0.07138011216351364,
    0.07242176633014862
  ],
  "val_brier": [
    0.3775737128953288,
    0.2567243136151871,
    0.12728050183279802,
    0.18670630263888244,
    0.28570881761121,
    0.08050720925012154,
    0.12075819568864837,
    0.12856022336106698,
    0.09998874029557274,
    0.07082812312465368,
    0.10988409497697171,
    0.12428550063905655,
    0.09448821014621961,
    0.07822935515642454,
    0.12451601818531367,
    0.08034643366210063,
    0.10017853029877268,
    0.09339276543914277,
    0.0984285100815209,
    0.06401215970164517,
    0.06696043648343197,
    0.10516443850091128,
    0.05953498688874483,
    0.0810283675277126,
    0.08713960481402308,
    0.06528420872238842,
    0.07057627824265433,
    0.06300917544698244,
    0.08240935155728413,
    0.07350942789986013
  ],
  "val_f1_macro": [
    0.6666146281145628,
    0.8045528205315009,
    0.9065599008584861,
    0.8573791796000281,
    0.7823045205757881,
    0.9488163223730248,
    0.9191489894970819,
    0.9150329488605176,
    0.932878006785181,
    0.9545818317385595,
    0.922206770281667,
    0.9125794424563755,
    0.937271017202516,
    0.9440349637738631,
    0.909028188307244,
    0.9495388953523796,
    0.9263215816444886,
    0.9379198760698144,
    0.9375522055081081,
    0.9570041033559517,
    0.9544433487846476,
    0.9281434327162108,
    0.9627703396887546,
    0.9456586266642139,
    0.9311831351731039,
    0.9573769366273558,
    0.9493370291420995,
    0.9594155454591865,
    0.9470271934229166,
    0.9509235223153536
  ],
  "best_epoch": 23,
  "best_val_loss": 0.5453819303869087
}