accuracy,f1_macro,ece,brier_score,roc_auc_ovr_macro,roc_auc_ovr_micro
0.9646302250803859,0.9620930690061679,0.07730715127062354,0.06368708514197709,0.9966052240751291,0.9970117130069233
