{
  "accuracy": 0.9280912014030985,
  "precision_macro": 0.9378104486293573,
  "recall_macro": 0.9116676601418943,
  "f1_macro": 0.9221458525891562,
  "ece": 0.05982982325679342,
  "precision_per_class": [
    0.9534883720930233,
    0.9693548387096774,
    0.9601328903654485,
    0.7724039829302988,
    0.9578059071729957,
    0.9137931034482759,
    0.9797507788161994,
    0.9957537154989384
  ],
  "recall_per_class": [
    0.8401639344262295,
    0.9631410256410257,
    0.9292604501607717,
    0.9378238341968912,
    0.934156378600823,
    0.7464788732394366,
    0.9444444444444444,
    0.997872340425532
  ],
  "f1_per_class": [
    0.8932461873638344,
    0.9662379421221865,
    0.9444444444444444,
    0.8471138845553822,
    0.9458333333333333,
    0.8217054263565892,
    0.9617737003058104,
    0.9968119022316685
  ],
  "accuracy_per_class": [
    0.8401639344262295,
    0.9631410256410257,
    0.9292604501607717,
    0.9378238341968912,
    0.934156378600823,
    0.7464788732394366,
    0.9444444444444444,
    0.997872340425532
  ],
  "reliability_diagram": {
    "bin_edges": [
      0.0,
      0.06666666666666667,
      0.13333333333333333,
      0.2,
      0.26666666666666666,
      0.3333333333333333,
      0.4,
      0.4666666666666667,
      0.5333333333333333,
      0.6,
      0.6666666666666666,
      0.7333333333333333,
      0.8,
      0.8666666666666667,
      0.9333333333333333,
      1.0
    ],
    "bin_accuracy": [
      0.0,
      0.0,
      0.0,
      0.0,
      0.25,
      0.75,
      0.2692307692307692,
      0.5652173913043478,
      0.5681818181818182,
      0.425,
      0.5970149253731343,
      0.6794871794871795,
      0.8142857142857143,
      0.9721518987341772,
      0.9710144927536232
    ],
    "bin_confidence": [
      0.0,
      0.0,
      0.0,
      0.0,
      0.31409165263175964,
      0.36243995279073715,
      0.44054801303606766,
      0.49987010269061377,
      0.5708451528440822,
      0.6380263537168502,
      0.6965664349385162,
      0.7648064142618424,
      0.837480069909777,
      0.9129085418113101,
      0.9401313481123551
    ],
    "bin_count": [
      0,
      0,
      0,
      0,
      4,
      4,
      26,
      46,
      44,
      40,
      67,
      78,
      140,
      2765,
      207
    ]
  },
  "confusion_matrix": [
    [
      205,
      3,
      3,
      27,
      1,
      5,
      0,
      0
    ],
    [
      1,
      601,
      1,
      14,
      0,
      1,
      6,
      0
    ],
    [
      2,
      0,
      289,
      19,
      0,
      0,
      0,
      1
    ],
    [
      2,
      5,
      2,
      543,
      6,
      13,
      7,
      1
    ],
    [
      1,
      0,
      4,
      10,
      227,
      1,
      0,
      0
    ],
    [
      4,
      3,
      0,
      62,
      3,
      212,
      0,
      0
    ],
    [
      0,
      8,
      1,
      28,
      0,
      0,
      629,
      0
    ],
    [
      0,
      0,
      1,
      0,
      0,
      0,
      0,
      469
    ]
  ],
  "brier_score": 0.11434611951502412,
  "confidence_histogram": {
    "bin_edges": [
      0.0,
      0.05,
      0.1,
      0.15000000000000002,
      0.2,
      0.25,
      0.30000000000000004,
      0.35000000000000003,
      0.4,
      0.45,
      0.5,
      0.55,
      0.6000000000000001,
      0.65,
      0.7000000000000001,
      0.75,
      0.8,
      0.8500000000000001,
      0.9,
      0.9500000000000001,
      1.0
    ],
    "counts": [
      0,
      0,
      0,
      0,
      0,
      1,
      5,
      2,
      12,
      36,
      34,
      34,
      25,
      53,
      53,
      54,
      92,
      446,
      2562,
      12
    ],
    "density": [
      0.0,
      0.0,
      0.0,
      0.0,
      0.0,
      0.00029231218941829873,
      0.0014615609470914938,
      0.0005846243788365975,
      0.0035077462730195848,
      0.010523238819058756,
      0.009938614440222157,
      0.009938614440222157,
      0.007307804735457469,
      0.015492546039169833,
      0.015492546039169833,
      0.015784858228588133,
      0.026892721426483485,
      0.13037123648056123,
      0.7489038292896814,
      0.0035077462730195848
    ]
  },
  "entropy_histogram": {
    "bin_edges": [
      0.21859708428382874,
      0.2912807747721672,
      0.3639644652605057,
      0.4366481557488442,
      0.5093318462371826,
      0.5820155367255211,
      0.6546992272138596,
      0.7273829177021981,
      0.8000666081905365,
      0.872750298678875,
      0.9454339891672134,
      1.018117679655552,
      1.0908013701438906,
      1.163485060632229,
      1.2361687511205675,
      1.3088524416089058,
      1.3815361320972444,
      1.454219822585583,
      1.5269035130739212,
      1.5995872035622598,
      1.6722708940505981
    ],
    "counts": [
      12,
      152,
      899,
      1477,
      350,
      116,
      60,
      47,
      37,
      46,
      51,
      44,
      45,
      24,
      18,
      20,
      10,
      5,
      5,
      3
    ],
    "density": [
      0.0035077462730195848,
      0.04443145279158141,
      0.26278865828705056,
      0.43174510377082725,
      0.10230926629640456,
      0.03390821397252265,
      0.017538731365097926,
      0.01373867290266004,
      0.010815551008477054,
      0.013446360713241743,
      0.014907921660333235,
      0.012861736334405145,
      0.013154048523823443,
      0.0070154925460391695,
      0.005261619409529378,
      0.005846243788365975,
      0.0029231218941829875,
      0.0014615609470914938,
      0.0014615609470914938,
      0.0008769365682548962
    ]
  },
  "logit_magnitude_histogram": {
    "bin_edges": [
      1.7105896472930908,
      1.8754655718803406,
      2.0403414964675903,
      2.20521742105484,
      2.37009334564209,
      2.5349692702293396,
      2.6998451948165894,
      2.864721119403839,
      3.029597043991089,
      3.1944729685783386,
      3.3593488931655884,
      3.524224817752838,
      3.689100742340088,
      3.8539766669273376,
      4.018852591514587,
      4.183728516101837,
      4.348604440689087,
      4.513480365276337,
      4.678356289863586,
      4.843232214450836,
      5.008108139038086
    ],
    "counts": [
      10,
      38,
      83,
      96,
      89,
      76,
      135,
      326,
      1276,
      725,
      400,
      97,
      38,
      17,
      7,
      5,
      1,
      0,
      0,
      2
    ],
    "density": [
      0.0029231218941829875,
      0.011107863197895352,
      0.024261911721718796,
      0.028061970184156678,
      0.02601578485822859,
      0.022215726395790704,
      0.03946214557147033,
      0.0952937737503654,
      0.3729903536977492,
      0.2119263373282666,
      0.1169248757673195,
      0.028354282373574978,
      0.011107863197895352,
      0.004969307220111079,
      0.0020461853259280912,
      0.0014615609470914938,
      0.00029231218941829873,
      0.0,
      0.0,
      0.0005846243788365975
    ]
  },
  "roc_auc_ovr_per_class": [
    0.9856009122948239,
    0.9975202368838407,
    0.9939175566836571,
    0.9799595021142278,
    0.9973855752123006,
    0.9718455777700953,
    0.9930434972177259,
    0.9999963950193588
  ],
  "roc_auc_ovr_macro": 0.9899086566495037,
  "roc_auc_ovr_micro": 0.9918099732251213,
  "support_analysis": {
    "support": [
      244,
      624,
      311,
      579,
      243,
      284,
      666,
      470
    ],
    "support_fraction": [
      0.07132417421806489,
      0.1824028061970184,
      0.09090909090909091,
      0.16924875767319497,
      0.0710318620286466,
      0.08301666179479684,
      0.19467991815258695,
      0.1373867290266004
    ],
    "class_accuracy": [
      0.8401639344262295,
      0.9631410256410257,
      0.9292604501607717,
      0.9378238341968912,
      0.934156378600823,
      0.7464788732394366,
      0.9444444444444444,
      0.997872340425532
    ],