{
  "train_loss": [
    0.9542541201596596,
    0.7646526281404873,
    0.7043531247240097,
    0.671311247227835,
    0.6546921807529535,
    0.6248640344219737,
    0.6119004821867724,
    0.5965090537166925,
    0.573078558043315,
    0.5592386659564136,
    0.5536092615855924,
    0.5376694817210217,
    0.533278655389145,
    0.5225242274649394,
    0.5146771176415073,
    0.5168295948650808,
    0.5053866227237473,
    0.5082970251140154,
    0.5006823210310066,
    0.49681472039990954,
    0.4893821693075475,
    0.48736568629136917,
    0.48185232627922137,
    0.4856403615977376,
    0.47958267570432445,
    0.4792040015877868,
    0.47518683885741175,
    0.4756371530485414,
    0.4749413140941349
  ],
  "val_loss": [
    0.9922410996160774,
    0.8957500034403578,
    1.110644367253669,
    0.8061902311360725,
    0.7136127330432428,
    0.8631129331677874,
    0.6859730270421394,
    0.7375358031174847,
    0.657300221028729,
    0.748556537048839,
    0.6785088666131563,
    0.6817451336673487,
    0.6900830196443005,
    0.6643205725144004,
    0.687797175389584,
    0.6950736703159653,
    0.7003820883893521,
    0.6301912375699694,
    0.7477785471443817,
    0.6354920284770359,
    0.6746437950669048,
    0.6242261935617323,
    0.6679297239980965,
    0.6751248847658389,
    0.6654662996809059,
    0.631689422598509,
    0.6653025562518111,
    0.6482178552128445,
    0.6403708647344714
  ],
  "train_acc": [
    0.779797078827071,
    0.8657598394469841,
    0.8974244620359014,
    0.9120303266807894,
    0.91894302597837,
    0.9316534730739213,
    0.9415765414204482,
    0.9461478425688482,
    0.9574088527149069,
    0.9645445423124094,
    0.9652135132121753,
    0.9722377076597168,
    0.9752480767086632,
    0.9814918051064778,
    0.9843906790054633,
    0.9820492808562827,
    0.9876240383543315,
    0.9850596499052291,
    0.9876240383543315,
    0.9897424462035902,
    0.9927528152525366,
    0.9930873007024195,
    0.9958746794514438,
    0.9938677667521463,
    0.9968781358010926,
    0.9964321552012487,
    0.9985505630505073,
    0.9974356115508975,
    0.9982160776006244
  ],
  "val_acc": [
    0.7663551401869159,
    0.8130841121495327,
    0.768107476635514,
    0.8557242990654206,
    0.8983644859813084,
    0.8382009345794392,
    0.9077102803738317,
    0.8732476635514018,
    0.9240654205607477,
    0.8843457943925234,
    0.9100467289719626,
    0.9088785046728972,
    0.9082943925233645,
    0.9182242990654206,
    0.9112149532710281,
    0.9106308411214953,
    0.905373831775701,
    0.9287383177570093,
    0.8855140186915887,
    0.9328271028037384,
    0.9117990654205608,
    0.9322429906542056,
    0.9188084112149533,
    0.919392523364486,
    0.9223130841121495,
    0.9339953271028038,
    0.9170560747663551,
    0.9339953271028038,
    0.9310747663551402
  ],
  "train_grad_norm": [
    0.9999996774416057,
    0.999937064531914,
    0.9975472000007041,
    0.9900540866967548,
    0.9835759092160411,
    0.9628966007016735,
    0.9495889534902245,
    0.9408335971850897,
    0.8782235947387649,
    0.8435561806789367,
    0.8574784121595657,
    0.8023066077547989,
    0.7852027855820928,
    0.7552402352610671,
    0.6809755447238872,
    0.7286224562106552,
    0.6514630385765185,
    0.7025379963124802,
    0.6120801935675868,
    0.5847505902103038,
    0.5135114793261881,
    0.4727023475202349,
    0.4125054409008789,
    0.46162628066789974,
    0.38220234370306677,
    0.3917236059930584,
    0.27001630434641805,
    0.323110830141217,
    0.3004136411514094
  ],
  "val_ece": [
    0.037700623787382495,
    0.05940584631236358,
    0.0799895332969516,
    0.042515648041512345,
    0.06762815214623913,
    0.05593730294293614,
    0.07251615561196735,
    0.050685432974562475,
    0.07971691684884448,
    0.06043073132843054,
    0.06163694187302453,
    0.0555556948148759,
    0.05931262637131681,
    0.05352594750437223,
    0.06772134397352966,
    0.056044439323873145,
    0.05503030688823944,
    0.07154023619455714,
    0.04765002988278863,
    0.06408646518242692,
    0.06970456344397546,
    0.06649014421642942,
    0.06391682355690778,
    0.06088425856188078,
    0.06673742332887428,
    0.07237520664234028,
    0.0655418264496828,
    0.06212041121428822,
    0.06526481502941832
  ],
  "val_brier": [
    0.3267606608423732,
    0.2758486967458626,
    0.3575278101836792,
    0.21728644675742914,
    0.1607761944701539,
    0.2401053997046503,
    0.14742111561475424,
    0.18273673706721819,
    0.12832232484720668,
    0.1849191389302442,
    0.1384349730053929,
    0.13901611204847747,
    0.14376394067795822,
    0.1257754279081107,
    0.14157939168286976,
    0.14465810631785675,
    0.149894876036586,
    0.1124515231575835,
    0.1805110910202252,
    0.11005707776438607,
    0.13807518345345676,
    0.10723031411945907,
    0.12899825602810064,
    0.12936593979014557,
    0.12759434095210595,
    0.10623624304692994,
    0.12887615788762333,
    0.11272706028542631,
    0.11092051214572489
  ],
  "val_f1_macro": [
    0.7554579639705716,
    0.7943446014843093,
    0.7539064948306471,
    0.8596988759945805,
    0.8884663382506469,
    0.8191446360293188,
    0.8916069932617228,
    0.8609376108520013,
    0.9226616986522647,
    0.8679326211953958,
    0.8957593249018454,
    0.8984786230417054,
    0.9006344223845362,
    0.9083562519268169,
    0.8983595312427951,
    0.9029633728962021,
    0.890071045069052,
    0.9213792738247115,
    0.8878472735928084,
    0.9248331379491722,
    0.9025064819166668,
    0.9257194748724924,
    0.9104533543585036,
    0.9127057529088376,
    0.9151977527222352,
    0.9253643944132038,
    0.9100950540644068,
    0.9262628896608561,
    0.9240895719622834
  ],
  "best_epoch": 22,
  "best_val_loss": 0.6242261935617323
}