accuracy,f1_macro,ece,brier_score,roc_auc_ovr_macro,roc_auc_ovr_micro
0.9280912014030985,0.9221458525891562,0.05982982325679342,0.11434611951502412,0.9899086566495037,0.9918099732251213
