{
  "train_loss": [
    0.600928146775967,
    0.3081307593115309,
    0.23579343484080556,
    0.1948640397127069,
    0.17168897378057799,
    0.15588256201224462,
    0.14172879385485807,
    0.12769931503487886,
    0.12093036712599745,
    0.11143166183778946,
    0.10687119955854064,
    0.09999586780276096,
    0.09538090184980218,
    0.0874023887971086,
    0.08623121131572144,
    0.08213114061209592,
    0.08032559315477703,
    0.07350749957084105
  ],
  "val_loss": [
    0.318755372077739,
    0.34953688027285806,
    0.3585936216796126,
    0.16134322747760943,
    0.1326010706948071,
    0.15751826379452644,
    0.11083242867360922,
    0.12169611531465066,
    0.20840247375507062,
    0.08684991027225927,
    0.0846350786835849,
    0.10908055240463395,
    0.1321267720545735,
    0.10145391380844093,
    0.1507285217591068,
    0.11036038190880117,
    0.1814624639268948,
    0.1561087287697302
  ],
  "train_acc": [
    0.7872942501148199,
    0.8946323540305495,
    0.9203520156451398,
    0.9351674889254338,
    0.9425752255655807,
    0.9474939626946383,
    0.9528423485488244,
    0.9567980799146629,
    0.9601908232958501,
    0.9637465368831207,
    0.9649614056921049,
    0.9671096493177475,
    0.9682208098137695,
    0.9712727973095101,
    0.9715394758285554,
    0.9726654517978577,
    0.9731839933626679,
    0.9756285464539165
  ],
  "val_acc": [
    0.8873450619752099,
    0.8783486605357856,
    0.866953218712515,
    0.9441223510595762,
    0.9590163934426229,
    0.9475209916033587,
    0.9619152339064374,
    0.9585165933626549,
    0.9291283486605358,
    0.9705117952818872,
    0.9711115553778489,
    0.9642143142742903,
    0.9575169932027189,
    0.9654138344662135,
    0.9516193522590963,
    0.9644142343062775,
    0.9466213514594163,
    0.948920431827269
  ],
  "best_epoch": 11,
  "best_val_loss": 0.0846350786835849
}