{
  "accuracy": 0.8633704735376044,
  "precision_macro": 0.8322618496035434,
  "recall_macro": 0.8455486322273337,
  "f1_macro": 0.8346496474440781,
  "confusion_matrix": [
    [
      1123,
      0,
      12,
      0,
      1,
      189,
      10,
      1,
      2
    ],
    [
      0,
      847,
      0,
      0,
      0,
      0,
      0,
      0,
      0
    ],
    [
      8,
      0,
      301,
      0,
      0,
      23,
      0,
      7,
      0
    ],
    [
      0,
      0,
      7,
      619,
      0,
      0,
      6,
      0,
      2
    ],
    [
      129,
      69,
      3,
      0,
      817,
      0,
      7,
      1,
      9
    ],
    [
      0,
      0,
      39,
      0,
      4,
      425,
      1,
      118,
      5
    ],
    [
      1,
      0,
      4,
      7,
      0,
      0,
      703,
      1,
      25
    ],
    [
      0,
      0,
      68,
      0,
      0,
      67,
      11,
      220,
      55
    ],
    [
      1,
      0,
      6,
      9,
      4,
      2,
      66,
      1,
      1144
    ]
  ]
}