{
  "train_loss": [
    0.5595292866553215,
    0.3301220546110248,
    0.2604341210806895,
    0.22409787664761807,
    0.19769485280193014,
    0.17605824874644227,
    0.16351342319917656,
    0.1491476075505842,
    0.14009067459969346,
    0.12956107872899733,
    0.12486202815563563,
    0.11272662358004253,
    0.11140015414575348,
    0.10415314953987088,
    0.09526305574346612,
    0.09709142414906209,
    0.08659194455954605,
    0.08625408011409871
  ],
  "val_loss": [
    0.35166563542901585,
    0.33136708357009065,
    0.16089921807203708,
    0.18537011638921244,
    0.21177137061292198,
    0.20971726801623253,
    0.12721551857629523,
    0.17379981080373255,
    0.1622032715779979,
    0.10866362564280624,
    0.1059643318805872,
    0.13364612225626335,
    0.16940694020205332,
    0.12986627639364787,
    0.12392828913509059,
    0.19659313426071146,
    0.14026890488498595,
    0.13870210058447935
  ],
  "train_acc": [
    0.8038579492421886,
    0.8862764271004637,
    0.9117886720891298,
    0.9248707349956294,
    0.9342341141087752,
    0.9410936782375513,
    0.9445753144584204,
    0.9496125753737203,
    0.9529460568617865,
    0.9564721395024964,
    0.9583240736625331,
    0.9613464302117131,
    0.9626650073336592,
    0.965524393676756,
    0.9682356252870498,
    0.9678652384550425,
    0.9708875950042224,
    0.9708431485843815
  ],
  "val_acc": [
    0.8779488204718113,
    0.8855457816873251,
    0.9458216713314674,
    0.936125549780088,
    0.9232307077169132,
    0.9326269492203119,
    0.9561175529788085,
    0.9378248700519792,
    0.943922431027589,
    0.9632147141143542,
    0.961515393842463,
    0.955217912834866,
    0.9410235905637745,
    0.9566173530587765,
    0.9590163934426229,
    0.9328268692522991,
    0.9513194722111156,
    0.9571171531387445
  ],
  "best_epoch": 11,
  "best_val_loss": 0.1059643318805872
}