{
  "accuracy": 0.8873259052924791,
  "precision_macro": 0.8596170134499016,
  "recall_macro": 0.8431578991897772,
  "f1_macro": 0.8362368493816924,
  "confusion_matrix": [
    [
      1309,
      0,
      0,
      0,
      3,
      26,
      0,
      0,
      0
    ],
    [
      0,
      847,
      0,
      0,
      0,
      0,
      0,
      0,
      0
    ],
    [
      0,
      0,
      287,
      9,
      0,
      33,
      0,
      7,
      3
    ],
    [
      0,
      0,
      5,
      623,
      0,
      0,
      2,
      0,
      4
    ],
    [
      77,
      49,
      0,
      0,
      904,
      1,
      1,
      0,
      3
    ],
    [
      0,
      33,
      35,
      22,
      1,
      476,
      0,
      24,
      1
    ],
    [
      4,
      0,
      9,
      17,
      16,
      1,
      632,
      0,
      62
    ],
    [
      0,
      5,
      105,
      9,
      3,
      75,
      16,
      129,
      79
    ],
    [
      0,
      0,
      5,
      23,
      4,
      2,
      35,
      0,
      1164
    ]
  ]
}