accuracy,f1_macro,ece,brier_score,roc_auc_ovr_macro,roc_auc_ovr_micro
0.9543992984507454,0.9501279912822386,0.07161927047231612,0.08033538956968835,0.9949131462739382,0.9960067960173231
