{
  "train_loss": [
    0.9409703148292753,
    0.7253161539557627,
    0.6951981823593527,
    0.65761421152723,
    0.6252966409903699,
    0.6042458090585943,
    0.5984748935332542,
    0.5587180639318337,
    0.571691664416242,
    0.551905164953138,
    0.5423738324909395,
    0.5211282785060853,
    0.5399229171564045,
    0.5368121445139102,
    0.49913771018291164,
    0.4942873322712454,
    0.495756629100409,
    0.4941340765154613,
    0.5038927294570652,
    0.4955293682555604,
    0.4868332961802899,
    0.488504770339313,
    0.4869368662300537,
    0.4854262479973222,
    0.49073856853649106,
    0.4739938967500733,
    0.4750919288000003,
    0.4746715680298178,
    0.4738799351120761,
    0.47299478647500703,
    0.47294414693513975,
    0.47022281509851205,
    0.46953359444670234,
    0.4694001702869086,
    0.4686720329269832,
    0.4686992647915869,
    0.4683662475890322,
    0.4681810847131175,
    0.46832720098307234,
    0.46825393286585687,
    0.46835810553273777,
    0.46802771340727845,
    0.46809214327637666,
    0.46817365742399764,
    0.46823811846139957,
    0.468194309845143,
    0.468436065476728
  ],
  "val_loss": [
    0.9074093504486797,
    1.3048607099836118,
    0.9024526504712684,
    1.0450324477436386,
    0.7013794356417433,
    0.7470655608400006,
    0.7399018083777383,
    0.8581351142063319,
    0.6622953871700251,
    0.7055270220631751,
    0.6853574001900503,
    0.7255772040269085,
    0.728928013382671,
    0.6276692736928708,
    0.6962937300450334,
    0.8388942101291407,
    0.6337131306389782,
    0.6734267306104998,
    0.7027776692515222,
    0.6897955475566543,
    0.6197244062601963,
    0.616777152658623,
    0.6163002419694562,
    0.7191561271097059,
    0.6130256842229967,
    0.5976248734465269,
    0.6156444349021555,
    0.6168489400471482,
    0.5936205331410203,
    0.5981791153132359,
    0.5988559578066674,
    0.5934408234658642,
    0.5853053398221453,
    0.6030410160528166,
    0.5912140262461154,
    0.5890115376944854,
    0.5889443331789748,
    0.5850249980097619,
    0.5866101523426092,
    0.5838581256777327,
    0.5858211495051874,
    0.5857934639832684,
    0.5848402486783322,
    0.5869793880765684,
    0.5862468514487008,
    0.5854981786736818,
    0.5864963932572124
  ],
  "train_acc": [
    0.7929073268651723,
    0.8892606222816996,
    0.9023084643693543,
    0.9173636667781867,
    0.9374372699899632,
    0.9451321512211442,
    0.9511542321846771,
    0.9672131147540983,
    0.9585145533623285,
    0.9685513549682168,
    0.9749079959852793,
    0.9826028772164603,
    0.969220475075276,
    0.9739043158246905,
    0.9916359986617598,
    0.9919705587152894,
    0.9916359986617598,
    0.9933087989294078,
    0.9882903981264637,
    0.9902977584476413,
    0.9953161592505855,
    0.9936433589829374,
    0.9943124790899966,
    0.9949815991970559,
    0.9902977584476413,
    0.9996654399464704,
    0.998327199732352,
    0.998327199732352,
    0.9979926396788223,
    0.9989963198394112,
    0.9986617597858816,
    1.0,
    1.0,
    1.0,
    1.0,
    1.0,
    1.0,
    1.0,
    1.0,
    1.0,
    1.0,
    1.0,
    1.0,
    1.0,
    1.0,
    1.0,
    1.0
  ],
  "val_acc": [
    0.8113317757009346,
    0.6787383177570093,
    0.8084112149532711,
    0.7727803738317757,
    0.9018691588785047,
    0.8639018691588785,
    0.884929906542056,
    0.8393691588785047,
    0.9199766355140186,
    0.9047897196261683,
    0.907126168224299,
    0.8837616822429907,
    0.8837616822429907,
    0.9410046728971962,
    0.9030373831775701,
    0.8539719626168224,
    0.9287383177570093,
    0.9170560747663551,
    0.905373831775701,
    0.9117990654205608,
    0.9357476635514018,
    0.9380841121495327,
    0.9339953271028038,
    0.8966121495327103,
    0.9386682242990654,
    0.9462616822429907,
    0.9357476635514018,
    0.9392523364485982,
    0.9462616822429907,
    0.9468457943925234,
    0.945677570093458,
    0.9462616822429907,
    0.9503504672897196,
    0.9445093457943925,
    0.9468457943925234,
    0.9497663551401869,
    0.9497663551401869,
    0.951518691588785,
    0.951518691588785,
    0.9497663551401869,
    0.9503504672897196,
    0.9503504672897196,
    0.951518691588785,
    0.9503504672897196,
    0.9503504672897196,
    0.9503504672897196,
    0.9509345794392523
  ],
  "train_grad_norm": [
    0.9999997463483457,
    0.9999995891889915,
    0.9999995382193351,
    0.9999994622914933,
    0.9895221892514452,
    0.9923418521898759,
    0.9965154203395167,
    0.9328095603390666,
    0.9697996519405834,
    0.9510219797691344,
    0.9238450205252429,
    0.8314060121649962,
    0.9190786160787289,
    0.8799370784432554,
    0.6666376365726866,
    0.6127755797408527,
    0.6968544303628014,
    0.6718096794843549,
    0.7421253563141802,
    0.6354422369430532,
    0.5849926268672657,
    0.5560044092769629,
    0.5647439081809275,
    0.5526227071518014,
    0.6014213393389133,
    0.2890957024346367,
    0.36668928469216056,
    0.2759477851237297,
    0.2595526655045527,
    0.24364525634366038,
    0.2465043685142501,
    0.17736126363549498,
    0.12880691116591259,
    0.1288751192711213,
    0.09098624953068409,
    0.09852356876486305,
    0.08522747965292056,
    0.07669598949831921,
    0.0829136509699044,
    0.0844792732283065,
    0.0854794790062472,
    0.0704949503814749,
    0.07321937042213136,
    0.08277720897650162,
    0.08117230539042043,
    0.07610539280703403,
    0.09001430743800994
  ],
  "val_ece": [
    0.04292154427025919,
    0.08828614563376545,
    0.027281513080766828,
    0.06356082944565011,
    0.05503693793978644,
    0.07377865687708988,
    0.05332795742933993,
    0.03052807276389586,
    0.0801944761911285,
    0.062028210140138006,
    0.07419458265790588,
    0.0539481579282573,
    0.049557394879025815,
    0.06391163492383803,
    0.0619129076704522,
    0.04639524912513861,
    0.06616928652973383,
    0.07378313380563374,
    0.05556867484038118,
    0.06030319646766804,
    0.06835808591029358,
    0.05835444375733345,
    0.06846638333713889,
    0.062138390692525386,
    0.06771942912209253,
    0.06990812649236658,
    0.07084542671305562,
    0.06839406072536362,
    0.07450878968305681,
    0.06949068984521604,
    0.07353134392369014,
    0.0751204907058556,
    0.07444287749512173,
    0.07422868080576449,
    0.07553476633103652,
    0.07617952178502194,
    0.07119620302430939,
    0.07212553658983972,
    0.07469910658269292,
    0.07327165553851099,
    0.07285128305796706,
    0.072136753334481,
    0.0738614421407475,
    0.07559572161984775,
    0.07344451638930874,
    0.07386964526480037,
    0.07353970394513314
  ],
  "val_brier": [
    0.27181619573484195,
    0.45180825479941406,
    0.2743425707493561,
    0.3242425895318237,
    0.15320296683097592,
    0.19584394725269655,
    0.17680919936459205,
    0.24161842295291802,
    0.12894096590471768,
    0.14938446669907723,
    0.1473258630020221,
    0.16995135549318835,
    0.1668154444557961,
    0.10120187551894098,
    0.14899018223460167,
    0.22311940595558188,
    0.1108836855329759,
    0.13526135271266418,
    0.14896404352368806,
    0.14208221328416884,
    0.10325562309806006,
    0.09983405678845671,
    0.10273948449478755,
    0.15926088257199145,
    0.0978618294420718,
    0.09013448290047893,
    0.10383957353341025,
    0.09958024540577654,
    0.08831651659399402,
    0.08875788513165457,
    0.08797335434962736,
    0.08595325473873165,
    0.08177428614548073,
    0.08925628858671487,
    0.0847374427910365,
    0.08431908820740784,
    0.08268875086377087,
    0.0809030215010175,
    0.08150234218316867,
    0.08079546092213233,
    0.0813377165941041,
    0.0807637287430182,
    0.08025354948079436,
    0.08218290514943224,
    0.08112647969659977,
    0.08081072100639022,
    0.08079491722604924
  ],