{
  "accuracy": 0.9543992984507454,
  "precision_macro": 0.9546979864563745,
  "recall_macro": 0.946140120922865,
  "f1_macro": 0.9501279912822386,
  "ece": 0.07161927047231612,
  "precision_per_class": [
    0.9691629955947136,
    0.9951690821256038,
    0.9832775919732442,
    0.8778877887788779,
    0.9390243902439024,
    0.9166666666666666,
    0.9585185185185185,
    0.9978768577494692
  ],
  "recall_per_class": [
    0.9016393442622951,
    0.9903846153846154,
    0.9453376205787781,
    0.918825561312608,
    0.9506172839506173,
    0.8908450704225352,
    0.9714714714714715,
    1.0
  ],
  "f1_per_class": [
    0.9341825902335457,
    0.9927710843373494,
    0.9639344262295082,
    0.8978902953586498,
    0.9447852760736196,
    0.9035714285714286,
    0.964951528709918,
    0.9989373007438895
  ],
  "accuracy_per_class": [
    0.9016393442622951,
    0.9903846153846154,
    0.9453376205787781,
    0.918825561312608,
    0.9506172839506173,
    0.8908450704225352,
    0.9714714714714715,
    1.0
  ],
  "reliability_diagram": {
    "bin_edges": [
      0.0,
      0.06666666666666667,
      0.13333333333333333,
      0.2,
      0.26666666666666666,
      0.3333333333333333,
      0.4,
      0.4666666666666667,
      0.5333333333333333,
      0.6,
      0.6666666666666666,
      0.7333333333333333,
      0.8,
      0.8666666666666667,
      0.9333333333333333,
      1.0
    ],
    "bin_accuracy": [
      0.0,
      0.0,
      0.0,
      0.0,
      0.0,
      0.5,
      0.625,
      0.59375,
      0.5294117647058824,
      0.6521739130434783,
      0.6904761904761905,
      0.631578947368421,
      0.8241758241758241,
      0.9819935691318328,
      0.0
    ],
    "bin_confidence": [
      0.0,
      0.0,
      0.0,
      0.0,
      0.0,
      0.3787910044193268,
      0.4415162925918897,
      0.5053528845310211,
      0.5644851922988892,
      0.6340693183567213,
      0.6989479675179436,
      0.7698361863169754,
      0.8374406269618443,
      0.9094035179668684,
      0.0
    ],
    "bin_count": [
      0,
      0,
      0,
      0,
      0,
      8,
      24,
      32,
      34,
      23,
      42,
      57,
      91,
      3110,
      0
    ]
  },
  "confusion_matrix": [
    [
      220,
      1,
      0,
      16,
      0,
      5,
      2,
      0
    ],
    [
      1,
      618,
      0,
      2,
      0,
      0,
      3,
      0
    ],
    [
      1,
      0,
      294,
      6,
      5,
      0,
      4,
      1
    ],
    [
      4,
      1,
      4,
      532,
      3,
      16,
      19,
      0
    ],
    [
      1,
      0,
      1,
      8,
      231,
      2,
      0,
      0
    ],
    [
      0,
      0,
      0,
      25,
      6,
      253,
      0,
      0
    ],
    [
      0,
      1,
      0,
      17,
      1,
      0,
      647,
      0
    ],
    [
      0,
      0,
      0,
      0,
      0,
      0,
      0,
      470
    ]
  ],
  "brier_score": 0.08033538956968835,
  "confidence_histogram": {
    "bin_edges": [
      0.0,
      0.05,
      0.1,
      0.15000000000000002,
      0.2,
      0.25,
      0.30000000000000004,
      0.35000000000000003,
      0.4,
      0.45,
      0.5,
      0.55,
      0.6000000000000001,
      0.65,
      0.7000000000000001,
      0.75,
      0.8,
      0.8500000000000001,
      0.9,
      0.9500000000000001,
      1.0
    ],
    "counts": [
      0,
      0,
      0,
      0,
      0,
      0,
      1,
      7,
      17,
      20,
      25,
      28,
      19,
      24,
      36,
      43,
      61,
      264,
      2876,
      0
    ],
    "density": [
      0.0,
      0.0,
      0.0,
      0.0,
      0.0,
      0.0,
      0.00029231218941829873,
      0.0020461853259280912,
      0.004969307220111079,
      0.005846243788365975,
      0.007307804735457469,
      0.008184741303712365,
      0.005553931598947676,
      0.0070154925460391695,
      0.010523238819058756,
      0.012569424144986846,
      0.017831043554516222,
      0.07717041800643087,
      0.8406898567670272,
      0.0
    ]
  },
  "entropy_histogram": {
    "bin_edges": [
      0.37597066164016724,
      0.4389317721128464,
      0.5018928825855256,
      0.5648539930582046,
      0.6278151035308838,
      0.6907762140035629,
      0.753737324476242,
      0.8166984349489211,
      0.8796595454216003,
      0.9426206558942795,
      1.0055817663669586,
      1.0685428768396377,
      1.1315039873123167,
      1.194465097784996,
      1.257426208257675,
      1.3203873187303543,
      1.3833484292030334,
      1.4463095396757124,
      1.5092706501483917,
      1.5722317606210707,
      1.63519287109375
    ],
    "counts": [
      101,
      2381,
      561,
      61,
      37,
      31,
      25,
      25,
      25,
      20,
      19,
      19,
      31,
      24,
      18,
      18,
      5,
      12,
      3,
      5
    ],
    "density": [
      0.029523531131248174,
      0.6959953230049694,
      0.1639871382636656,
      0.017831043554516222,
      0.010815551008477054,
      0.009061677871967261,
      0.007307804735457469,
      0.007307804735457469,
      0.007307804735457469,
      0.005846243788365975,
      0.005553931598947676,
      0.005553931598947676,
      0.009061677871967261,
      0.0070154925460391695,
      0.005261619409529378,
      0.005261619409529378,
      0.0014615609470914938,
      0.0035077462730195848,
      0.0008769365682548962,
      0.0014615609470914938
    ]
  },
  "logit_magnitude_histogram": {
    "bin_edges": [
      1.3744574785232544,
      1.5096425473690034,
      1.6448276162147522,
      1.7800126850605011,
      1.91519775390625,
      2.050382822751999,
      2.185567891597748,
      2.320752960443497,
      2.4559380292892454,
      2.591123098134995,
      2.7263081669807434,
      2.8614932358264924,
      2.9966783046722414,
      3.13186337351799,
      3.2670484423637394,
      3.402233511209488,
      3.537418580055237,
      3.672603648900986,
      3.807788717746735,
      3.9429737865924834,
      4.078158855438232
    ],
    "counts": [
      2,
      12,
      18,
      30,
      18,
      26,
      25,
      28,
      31,
      27,
      34,
      51,
      108,
      1181,
      996,
      440,
      150,
      152,
      77,
      15
    ],
    "density": [
      0.0005846243788365975,
      0.0035077462730195848,
      0.005261619409529378,
      0.008769365682548963,
      0.005261619409529378,
      0.007600116924875768,
      0.007307804735457469,
      0.008184741303712365,
      0.009061677871967261,
      0.007892429114294067,
      0.009938614440222157,
      0.014907921660333235,
      0.03156971645717627,
      0.34522069570301084,
      0.29114294066062557,
      0.12861736334405144,
      0.043846828412744815,
      0.04443145279158141,
      0.022508038585209004,
      0.0043846828412744815
    ]
  },
  "roc_auc_ovr_per_class": [
    0.995203744124006,
    0.9995811675513142,
    0.9985566733181005,
    0.9869019968180234,
    0.9975021171790628,
    0.9849928387667414,
    0.9965680744265136,
    0.9999985580077435
  ],
  "roc_auc_ovr_macro": 0.9949131462739382,
  "roc_auc_ovr_micro": 0.9960067960173231,
  "support_analysis": {
    "support": [
      244,
      624,
      311,
      579,
      243,
      284,
      666,
      470
    ],
    "support_fraction": [
      0.07132417421806489,
      0.1824028061970184,
      0.09090909090909091,
      0.16924875767319497,
      0.0710318620286466,
      0.08301666179479684,
      0.19467991815258695,
      0.1373867290266004
    ],
    "class_accuracy": [
      0.9016393442622951,
      0.9903846153846154,
      0.9453376205787781,
      0.918825561312608,
      0.9506172839506173,
      0.8908450704225352,
      0.9714714714714715,
      1.0
    ],