{
  "accuracy": 0.8667056416252558,
  "precision_macro": 0.8709389918964903,
  "recall_macro": 0.8314746872173128,
  "f1_macro": 0.8476095930862646,
  "ece": 0.045733187603553244,
  "precision_per_class": [
    0.7607655502392344,
    0.9309791332263242,
    0.9632352941176471,
    0.6643454038997214,
    0.9390862944162437,
    0.7738095238095238,
    0.93952802359882,
    0.9957627118644068
  ],
  "recall_per_class": [
    0.6516393442622951,
    0.9294871794871795,
    0.842443729903537,
    0.8238341968911918,
    0.7613168724279835,
    0.6866197183098591,
    0.9564564564564565,
    1.0
  ],
  "f1_per_class": [
    0.7019867549668874,
    0.9302325581395349,
    0.8987993138936535,
    0.7355435620663069,
    0.8409090909090909,
    0.7276119402985075,
    0.9479166666666666,
    0.9978768577494692
  ],
  "accuracy_per_class": [
    0.6516393442622951,
    0.9294871794871795,
    0.842443729903537,
    0.8238341968911918,
    0.7613168724279835,
    0.6866197183098591,
    0.9564564564564565,
    1.0
  ],
  "reliability_diagram": {
    "bin_edges": [
      0.0,
      0.06666666666666667,
      0.13333333333333333,
      0.2,
      0.26666666666666666,
      0.3333333333333333,
      0.4,
      0.4666666666666667,
      0.5333333333333333,
      0.6,
      0.6666666666666666,
      0.7333333333333333,
      0.8,
      0.8666666666666667,
      0.9333333333333333,
      1.0
    ],
    "bin_accuracy": [
      0.0,
      0.0,
      0.0,
      0.5,
      0.5294117647058824,
      0.36538461538461536,
      0.49,
      0.4852941176470588,
      0.5769230769230769,
      0.6095890410958904,
      0.764367816091954,
      0.8434163701067615,
      0.9023746701846965,
      0.9671977507029054,
      0.9743863393810032
    ],
    "bin_confidence": [
      0.0,
      0.0,
      0.0,
      0.2596202492713928,
      0.29895588229684267,
      0.3710484905884816,
      0.43292712479829787,
      0.49995119102737484,
      0.5664238906823672,
      0.6327764632767194,
      0.7015441371791664,
      0.7684043756159175,
      0.8356137237951434,
      0.9106010056703919,
      0.9513249944342875
    ],
    "bin_count": [
      0,
      0,
      0,
      2,
      17,
      52,
      100,
      136,
      130,
      146,
      174,
      281,
      379,
      1067,
      937
    ]
  },
  "confusion_matrix": [
    [
      159,
      5,
      2,
      65,
      3,
      8,
      2,
      0
    ],
    [
      2,
      580,
      0,
      34,
      0,
      5,
      3,
      0
    ],
    [
      7,
      7,
      262,
      22,
      5,
      0,
      7,
      1
    ],
    [
      14,
      15,
      5,
      477,
      3,
      37,
      27,
      1
    ],
    [
      13,
      0,
      1,
      36,
      185,
      7,
      1,
      0
    ],
    [
      14,
      4,
      0,
      69,
      1,
      195,
      1,
      0
    ],
    [
      0,
      12,
      2,
      15,
      0,
      0,
      637,
      0
    ],
    [
      0,
      0,
      0,
      0,
      0,
      0,
      0,
      470
    ]
  ],
  "brier_score": 0.19895446728876123,
  "confidence_histogram": {
    "bin_edges": [
      0.0,
      0.05,
      0.1,
      0.15000000000000002,
      0.2,
      0.25,
      0.30000000000000004,
      0.35000000000000003,
      0.4,
      0.45,
      0.5,
      0.55,
      0.6000000000000001,
      0.65,
      0.7000000000000001,
      0.75,
      0.8,
      0.8500000000000001,
      0.9,
      0.9500000000000001,
      1.0
    ],
    "counts": [
      0,
      0,
      0,
      0,
      0,
      12,
      16,
      43,
      70,
      95,
      97,
      104,
      110,
      117,
      148,
      226,
      262,
      397,
      1321,
      403
    ],
    "density": [
      0.0,
      0.0,
      0.0,
      0.0,
      0.0,
      0.0035077462730195848,
      0.00467699503069278,
      0.012569424144986846,
      0.02046185325928091,
      0.02776965799473838,
      0.028354282373574978,
      0.03040046769950307,
      0.03215434083601286,
      0.034200526161940956,
      0.043262204033908215,
      0.06606255480853551,
      0.07658579362759427,
      0.1160479391990646,
      0.38614440222157265,
      0.1178018123355744
    ]
  },
  "entropy_histogram": {
    "bin_edges": [
      0.01021101139485836,
      0.10327058592811227,
      0.19633016046136617,
      0.28938973499462006,
      0.382449309527874,
      0.4755088840611279,
      0.5685684585943818,
      0.6616280331276357,
      0.7546876076608896,
      0.8477471821941435,
      0.9408067567273974,
      1.0338663312606513,
      1.1269259057939052,
      1.219985480327159,
      1.3130450548604131,
      1.406104629393667,
      1.4991642039269208,
      1.5922237784601747,
      1.6852833529934286,
      1.7783429275266827,
      1.8714025020599365
    ],
    "counts": [
      42,
      92,
      262,
      665,
      592,
      265,
      198,
      171,
      154,
      193,
      181,
      128,
      109,
      117,
      93,
      71,
      43,
      24,
      18,
      3
    ],
    "density": [
      0.012277111955568546,
      0.026892721426483485,
      0.07658579362759427,
      0.19438760596316867,
      0.17304881613563286,
      0.07746273019584916,
      0.05787781350482315,
      0.04998538439052908,
      0.04501607717041801,
      0.05641625255773166,
      0.052908506284712074,
      0.03741596024554224,
      0.03186202864659456,
      0.034200526161940956,
      0.027185033615901782,
      0.02075416544869921,
      0.012569424144986846,
      0.0070154925460391695,
      0.005261619409529378,
      0.0008769365682548962
    ]
  },
  "logit_magnitude_histogram": {
    "bin_edges": [
      1.142641305923462,
      1.5453855395317078,
      1.9481297731399536,
      2.3508740067481995,
      2.7536182403564453,
      3.156362473964691,
      3.559106707572937,
      3.961850941181183,
      4.364595174789429,
      4.767339408397675,
      5.17008364200592,
      5.572827875614166,
      5.975572109222412,
      6.378316342830658,
      6.781060576438904,
      7.18380481004715,
      7.5865490436553955,
      7.989293277263641,
      8.392037510871887,
      8.794781744480133,
      9.197525978088379
    ],
    "counts": [
      6,
      64,
      146,
      272,
      392,
      493,
      786,
      878,
      191,
      78,
      44,
      30,
      25,
      10,
      5,
      0,
      0,
      0,
      0,
      1
    ],
    "density": [
      0.0017538731365097924,
      0.01870798012277112,
      0.042677579655071615,
      0.07950891552177726,
      0.11458637825197311,
      0.14410990938322127,
      0.2297573808827828,
      0.25665010230926627,
      0.05583162817889506,
      0.0228003507746273,
      0.012861736334405145,
      0.008769365682548963,
      0.007307804735457469,
      0.0029231218941829875,
      0.0014615609470914938,
      0.0,
      0.0,
      0.0,
      0.0,
      0.00029231218941829873
    ]
  },
  "roc_auc_ovr_per_class": [
    0.958963503047003,
    0.9954249287239991,
    0.9869873140269435,
    0.9449091410729022,
    0.9726644342405478,
    0.970333637143229,
    0.9949995367418235,
    0.9999899060542045
  ],
  "roc_auc_ovr_macro": 0.9780340501313316,
  "roc_auc_ovr_micro": 0.9841217854585262,
  "support_analysis": {
    "support": [
      244,
      624,
      311,
      579,
      243,
      284,
      666,
      470
    ],
    "support_fraction": [
      0.07132417421806489,
      0.1824028061970184,
      0.09090909090909091,
      0.16924875767319497,
      0.0710318620286466,
      0.08301666179479684,
      0.19467991815258695,
      0.1373867290266004
    ],
    "class_accuracy": [
      0.6516393442622951,
      0.9294871794871795,
      0.842443729903537,
      0.8238341968911918,
      0.7613168724279835,
      0.6866197183098591,
      0.9564564564564565,
      1.0
    ],