{
  "train_loss": [
    1.084420701658977,
    0.8418248918153004,
    0.7576861523114227,
    0.7076958736156133,
    0.6622571496510434,
    0.6465369634063557,
    0.6037855228679002,
    0.5932519203765451,
    0.5575887927565538,
    0.5579468375785409,
    0.5434766480379497,
    0.5593658698247244,
    0.5280878587126453,
    0.5209319804096828
  ],
  "val_loss": [
    1.9751382342008788,
    0.98856317439926,
    0.9849475844998226,
    0.9083773114970911,
    0.8678696656895575,
    0.8345843280587241,
    0.7918611341547743,
    0.7992957373645818,
    0.8417625895170407,
    1.203310585467615,
    1.4051962366728026,
    0.9049950264324652,
    1.2042290796743376,
    0.9182178662202068
  ],
  "train_acc": [
    0.7142857142857143,
    0.8263633322181332,
    0.8742054198728672,
    0.9023084643693543,
    0.9187019069923051,
    0.9263967882234861,
    0.9514887922382067,
    0.9558380729340916,
    0.9645366343258615,
    0.9662094345935095,
    0.9742388758782201,
    0.9658748745399799,
    0.9799263967882235,
    0.9826028772164603
  ],
  "val_acc": [
    0.43633177570093457,
    0.780373831775701,
    0.768107476635514,
    0.8253504672897196,
    0.8311915887850467,
    0.842873831775701,
    0.8603971962616822,
    0.8627336448598131,
    0.8329439252336449,
    0.7383177570093458,
    0.6711448598130841,
    0.8487149532710281,
    0.7494158878504673,
    0.820677570093458
  ],
  "train_grad_norm": [
    0.9999997790101133,
    0.9999996583625758,
    0.9999995975525585,
    0.9999995376293477,
    0.9987786005120326,
    0.9966387287052314,
    0.9845024556870412,
    0.9828953792794127,
    0.9624264259207853,
    0.9330408718014492,
    0.9161370599636887,
    0.9391643928880087,
    0.8552881630125393,
    0.8353373648832971
  ],
  "val_ece": [
    0.16467256033706051,
    0.04754918872892301,
    0.045142360814960245,
    0.039754089281380744,
    0.07166691130532003,
    0.043555381881926127,
    0.048134186035283265,
    0.04542613468159021,
    0.04321835996913851,
    0.09900537705936724,
    0.10755875281919941,
    0.044554750426350355,
    0.08488681663489227,
    0.04816346008017244
  ],
  "val_brier": [
    0.7224996733179705,
    0.3097758585506166,
    0.3257635811080452,
    0.2593907344266173,
    0.24974267345196086,
    0.2331235041813023,
    0.20810441283483025,
    0.20436758920992132,
    0.23840744229600142,
    0.40703643469789275,
    0.5017374112065537,
    0.23739099396189933,
    0.3788816737282791,
    0.2781543210462612
  ],
  "val_f1_macro": [
    0.31559392236030304,
    0.7187334008419591,
    0.7396272496722035,
    0.814641427779951,
    0.8198972441342804,
    0.8269147532155376,
    0.8446555330291813,
    0.837547116155527,
    0.8120105044486247,
    0.6826951345088179,
    0.6243607546598011,
    0.8335706254859205,
    0.7176022825499642,
    0.8058937913535055
  ],
  "best_epoch": 7,
  "best_val_loss": 0.7918611341547743
}