accuracy,f1_macro,ece,brier_score,roc_auc_ovr_macro,roc_auc_ovr_micro
0.8667056416252558,0.8476095930862646,0.045733187603553244,0.19895446728876123,0.9780340501313316,0.9841217854585262
