{
  "train_loss": [
    0.8155133282411243,
    0.6621998684875994,
    0.6345082388791847,
    0.6066090837677581,
    0.5901908062150053,
    0.5673962538159136,
    0.5638604638156238,
    0.5446978858886508,
    0.548190164597939,
    0.5385150326203444,
    0.528063840831,
    0.5209055986674497,
    0.51706859783752,
    0.508594372756559,
    0.5040973305090811,
    0.5082643954753078,
    0.49970495643683777,
    0.49715110392112744,
    0.4946544372871948,
    0.48808466232478226,
    0.4873184702949043,
    0.4890303505358854,
    0.48709896255701146,
    0.4845514603715927,
    0.4815771924251829,
    0.4760903280399917,
    0.477906126251108,
    0.47714342402699456,
    0.47515492083595967,
    0.47898519643906273,
    0.4732237420880631,
    0.4702763986043912,
    0.46895243465229214,
    0.4695209605011444,
    0.46997673730279227,
    0.4687848825633612,
    0.46829894014605844,
    0.4683140164527995,
    0.46883249682903766,
    0.46823679938977186,
    0.46810203085563457,
    0.4679511573544871,
    0.4680533320266595,
    0.4679135859564191,
    0.4678522568041963,
    0.468007770107268,
    0.46788397392496667,
    0.4678940216173016,
    0.4680079230231869,
    0.4677940006837729
  ],
  "val_loss": [
    1.156918139101189,
    0.6957798104419887,
    0.7580964097352786,
    0.8825826617044823,
    0.8471294034307248,
    0.6332919419368851,
    0.6042717450132994,
    0.5953126455021795,
    0.5917587413966099,
    0.60395415809667,
    0.5923766109430901,
    0.5902642512989935,
    0.5942023546896248,
    0.5692097383124806,
    0.5812052683295491,
    0.6152282997826549,
    0.5868083700955471,
    0.5957997084778046,
    0.5494596284126567,
    0.5676980787348525,
    0.6073129188234561,
    0.5822384803094597,
    0.5546962162044561,
    0.5490446213249848,
    0.556609341474337,
    0.5746876725526614,
    0.5586629922144881,
    0.5686847885078359,
    0.5526246088687504,
    0.5672953234654721,
    0.5469520582216922,
    0.551223635673523,
    0.5447961715894325,
    0.5416360508615725,
    0.5439285429838662,
    0.5430784114053316,
    0.5413589917610739,
    0.5422910034099472,
    0.5414956212043762,
    0.5398467517344752,
    0.5414974438809903,
    0.5427805614248614,
    0.5397307839349051,
    0.5369838125237795,
    0.5394369776003829,
    0.5416365332692583,
    0.53863395374512,
    0.5393016171232562,
    0.5379601861828955,
    0.5387349663493789
  ],
  "train_acc": [
    0.8475861300033448,
    0.9172705987289553,
    0.932991414873453,
    0.9415765414204482,
    0.9506076485672873,
    0.9589697848143606,
    0.9618686587133459,
    0.9701192998104582,
    0.9697848143605753,
    0.9726836882595608,
    0.9763630282082729,
    0.9804883487568291,
    0.980822834206712,
    0.9848366596053072,
    0.9872895529044486,
    0.9833872226558145,
    0.9885159995540194,
    0.9886274947039804,
    0.990411417103356,
    0.9925298249526145,
    0.9929758055524585,
    0.9921953395027316,
    0.9934217861523024,
    0.9946482328018731,
    0.9954286988515999,
    0.9972126212509755,
    0.9957631843014829,
    0.9965436503512097,
    0.9977700970007805,
    0.9956516891515219,
    0.9982160776006244,
    0.9994425242501951,
    0.999888504850039,
    0.9996655145501171,
    0.9995540194001561,
    0.999888504850039,
    0.999888504850039,
    1.0,
    0.9997770097000781,
    1.0,
    1.0,
    1.0,
    1.0,
    1.0,
    1.0,
    1.0,
    1.0,
    1.0,
    0.999888504850039,
    1.0
  ],
  "val_acc": [
    0.7050233644859814,
    0.897196261682243,
    0.8714953271028038,
    0.8417056074766355,
    0.8563084112149533,
    0.929322429906542,
    0.9427570093457944,
    0.9421728971962616,
    0.945677570093458,
    0.9392523364485982,
    0.9450934579439252,
    0.9503504672897196,
    0.9503504672897196,
    0.9585280373831776,
    0.9521028037383178,
    0.9404205607476636,
    0.9480140186915887,
    0.9485981308411215,
    0.9661214953271028,
    0.9573598130841121,
    0.9427570093457944,
    0.9497663551401869,
    0.9608644859813084,
    0.9684579439252337,
    0.9626168224299065,
    0.9561915887850467,
    0.9637850467289719,
    0.9579439252336449,
    0.9626168224299065,
    0.9608644859813084,
    0.9707943925233645,
    0.969626168224299,
    0.9690420560747663,
    0.9690420560747663,
    0.9667056074766355,
    0.9719626168224299,
    0.9737149532710281,
    0.9748831775700935,
    0.9713785046728972,
    0.9737149532710281,
    0.9737149532710281,
    0.9725467289719626,
    0.9713785046728972,
    0.9742990654205608,
    0.9731308411214953,
    0.9731308411214953,
    0.9766355140186916,
    0.9748831775700935,
    0.9766355140186916,
    0.9760514018691588
  ],
  "train_grad_norm": [
    0.9999996203908059,
    0.9982089162956361,
    0.9917418562419451,
    0.9678274034121683,
    0.9727625691796452,
    0.9169849705704599,
    0.9007254971230926,
    0.8711470587701879,
    0.8588089081033924,
    0.8394567213128648,
    0.7870795235412061,
    0.749887432717868,
    0.7244344355520889,
    0.6866545138443756,
    0.6770566690657976,
    0.7055529110508574,
    0.6283948548387224,
    0.6326054385984784,
    0.5872858062222547,
    0.5321858590388814,
    0.5282990196345962,
    0.5394189745069576,
    0.5055729008442641,
    0.4682402792214219,
    0.4427420597882217,
    0.3630001375790947,
    0.4116327013323408,
    0.3711644077713849,
    0.3135152277463111,
    0.36539406763750665,
    0.2353219143758388,
    0.15306716792065364,
    0.07213236599179598,
    0.0983907457913278,
    0.10883178839656645,
    0.08840612129896279,
    0.05434559981611782,
    0.06476857361449191,
    0.07313709123227473,
    0.06499413392348792,
    0.05350843276399659,
    0.046625406626638055,
    0.04533559938824071,
    0.046074302786050056,
    0.041273787534433046,
    0.043986170800438165,
    0.04288962374284762,
    0.0432737416530612,
    0.04499286962157348,
    0.04000221023301669
  ],
  "val_ece": [
    0.07236992117783456,
    0.0701295355874523,
    0.05941416255294162,
    0.05490037327127482,
    0.033965298993008146,
    0.08738910510404928,
    0.07651496633330235,
    0.07277053483178683,
    0.07076597967507121,
    0.07241511019381969,
    0.08491141768607584,
    0.06786313701734362,
    0.07384737121446107,
    0.07410762258848852,
    0.08375436313032543,
    0.07329346297012869,
    0.0825910455434122,
    0.07784582100042674,
    0.08380477295788098,
    0.07231423894169729,
    0.07403882357909859,
    0.0787314210156692,
    0.07987092588549467,
    0.0752677078767914,
    0.07447747539763691,
    0.0799999192322247,
    0.07289338233732738,
    0.07773863080297123,
    0.08384871978974229,
    0.07276207234745269,
    0.0771178608916908,
    0.07710927230453934,
    0.07575219067109525,
    0.08034745137268137,
    0.0820908831589133,
    0.07556180907500405,
    0.07422332068748567,
    0.07598354392380349,
    0.07801048656072568,
    0.07818951314994102,
    0.07689997811462278,
    0.07939077718792671,
    0.078674974024435,
    0.0774593972644517,
    0.07892524456239755,
    0.07880854472587605,
    0.07985809050221869,
    0.07401928914902371,
    0.07756410776768054,
    0.07925501248198685
  ],