{
  "accuracy": 0.9693072201110786,
  "precision_macro": 0.9682506535940035,
  "recall_macro": 0.9663535974706582,
  "f1_macro": 0.9672612190989374,
  "ece": 0.07624142307943856,
  "precision_per_class": [
    0.9669421487603306,
    0.9920382165605095,
    0.9869281045751634,
    0.9156829679595279,
    0.9629629629629629,
    0.9430604982206405,
    0.9847328244274809,
    0.9936575052854123
  ],
  "recall_per_class": [
    0.9590163934426229,
    0.9983974358974359,
    0.9710610932475884,
    0.9378238341968912,
    0.9629629629629629,
    0.9330985915492958,
    0.9684684684684685,
    1.0
  ],
  "f1_per_class": [
    0.9629629629629629,
    0.9952076677316294,
    0.9789303079416531,
    0.9266211604095563,
    0.9629629629629629,
    0.9380530973451328,
    0.9765329295987888,
    0.9968186638388123
  ],
  "accuracy_per_class": [
    0.9590163934426229,
    0.9983974358974359,
    0.9710610932475884,
    0.9378238341968912,
    0.9629629629629629,
    0.9330985915492958,
    0.9684684684684685,
    1.0
  ],
  "reliability_diagram": {
    "bin_edges": [
      0.0,
      0.06666666666666667,
      0.13333333333333333,
      0.2,
      0.26666666666666666,
      0.3333333333333333,
      0.4,
      0.4666666666666667,
      0.5333333333333333,
      0.6,
      0.6666666666666666,
      0.7333333333333333,
      0.8,
      0.8666666666666667,
      0.9333333333333333,
      1.0
    ],
    "bin_accuracy": [
      0.0,
      0.0,
      0.0,
      0.0,
      0.0,
      0.0,
      0.7142857142857143,
      0.5,
      0.46153846153846156,
      0.6,
      0.631578947368421,
      0.56,
      0.7704918032786885,
      0.9850061199510404,
      0.0
    ],
    "bin_confidence": [
      0.0,
      0.0,
      0.0,
      0.0,
      0.288543701171875,
      0.3762145936489105,
      0.443887071950095,
      0.49631018936634064,
      0.5633861376689031,
      0.6421316941579183,
      0.6981831945871052,
      0.7721136593818665,
      0.8395644641313397,
      0.9102299731940651,
      0.0
    ],
    "bin_count": [
      0,
      0,
      0,
      0,
      1,
      4,
      7,
      8,
      13,
      15,
      19,
      25,
      61,
      3268,
      0
    ]
  },
  "confusion_matrix": [
    [
      234,
      2,
      1,
      4,
      0,
      3,
      0,
      0
    ],
    [
      0,
      623,
      0,
      1,
      0,
      0,
      0,
      0
    ],
    [
      1,
      0,
      302,
      4,
      1,
      0,
      1,
      2
    ],
    [
      7,
      1,
      1,
      543,
      5,
      13,
      9,
      0
    ],
    [
      0,
      1,
      2,
      6,
      234,
      0,
      0,
      0
    ],
    [
      0,
      0,
      0,
      15,
      3,
      265,
      0,
      1
    ],
    [
      0,
      1,
      0,
      20,
      0,
      0,
      645,
      0
    ],
    [
      0,
      0,
      0,
      0,
      0,
      0,
      0,
      470
    ]
  ],
  "brier_score": 0.05705369924203067,
  "confidence_histogram": {
    "bin_edges": [
      0.0,
      0.05,
      0.1,
      0.15000000000000002,
      0.2,
      0.25,
      0.30000000000000004,
      0.35000000000000003,
      0.4,
      0.45,
      0.5,
      0.55,
      0.6000000000000001,
      0.65,
      0.7000000000000001,
      0.75,
      0.8,
      0.8500000000000001,
      0.9,
      0.9500000000000001,
      1.0
    ],
    "counts": [
      0,
      0,
      0,
      0,
      0,
      1,
      1,
      3,
      3,
      8,
      10,
      7,
      8,
      16,
      14,
      21,
      41,
      162,
      3126,
      0
    ],
    "density": [
      0.0,
      0.0,
      0.0,
      0.0,
      0.0,
      0.00029231218941829873,
      0.00029231218941829873,
      0.0008769365682548962,
      0.0008769365682548962,
      0.00233849751534639,
      0.0029231218941829875,
      0.0020461853259280912,
      0.00233849751534639,
      0.00467699503069278,
      0.0040923706518561824,
      0.006138555977784273,
      0.011984799766150248,
      0.04735457468576439,
      0.9137679041216019,
      0.0
    ]
  },
  "entropy_histogram": {
    "bin_edges": [
      0.3763277530670166,
      0.4490890920162201,
      0.5218504309654236,
      0.594611769914627,
      0.6673731088638306,
      0.7401344478130341,
      0.8128957867622375,
      0.8856571257114411,
      0.9584184646606445,
      1.0311798036098478,
      1.1039411425590515,
      1.176702481508255,
      1.2494638204574584,
      1.322225159406662,
      1.3949864983558655,
      1.467747837305069,
      1.5405091762542724,
      1.6132705152034759,
      1.6860318541526793,
      1.758793193101883,
      1.8315545320510864
    ],
    "counts": [
      98,
      3041,
      99,
      46,
      23,
      16,
      13,
      14,
      10,
      15,
      15,
      11,
      7,
      4,
      1,
      3,
      2,
      2,
      0,
      1
    ],
    "density": [
      0.028646594562993278,
      0.8889213680210465,
      0.028938906752411574,
      0.013446360713241743,
      0.006723180356620871,
      0.00467699503069278,
      0.003800058462437884,
      0.0040923706518561824,
      0.0029231218941829875,
      0.0043846828412744815,
      0.0043846828412744815,
      0.003215434083601286,
      0.0020461853259280912,
      0.001169248757673195,
      0.00029231218941829873,
      0.0008769365682548962,
      0.0005846243788365975,
      0.0005846243788365975,
      0.0,
      0.00029231218941829873
    ]
  },
  "logit_magnitude_histogram": {
    "bin_edges": [
      1.6791273355484009,
      1.7712622821331023,
      1.863397228717804,
      1.9555321753025054,
      2.047667121887207,
      2.1398020684719086,
      2.23193701505661,
      2.3240719616413115,
      2.4162069082260134,
      2.508341854810715,
      2.6004768013954163,
      2.6926117479801177,
      2.784746694564819,
      2.876881641149521,
      2.969016587734222,
      3.061151534318924,
      3.1532864809036254,
      3.245421427488327,
      3.3375563740730287,
      3.4296913206577297,
      3.5218262672424316
    ],
    "counts": [
      3,
      7,
      15,
      15,
      22,
      27,
      23,
      22,
      28,
      30,
      54,
      91,
      254,
      1053,
      1130,
      545,
      76,
      18,
      5,
      3
    ],
    "density": [
      0.0008769365682548962,
      0.0020461853259280912,
      0.0043846828412744815,
      0.0043846828412744815,
      0.006430868167202572,
      0.007892429114294067,
      0.006723180356620871,
      0.006430868167202572,
      0.008184741303712365,
      0.008769365682548963,
      0.015784858228588133,
      0.026600409237065185,
      0.07424729611224788,
      0.30780473545746856,
      0.33031277404267756,
      0.15931014323297282,
      0.022215726395790704,
      0.005261619409529378,
      0.0014615609470914938,
      0.0008769365682548962
    ]
  },
  "roc_auc_ovr_per_class": [
    0.9990054025604111,
    0.9999724980061055,
    0.9997528975093309,
    0.9896093509764099,
    0.999285209270525,
    0.9926973379967404,
    0.9952486061378983,
    0.9999992790038718
  ],
  "roc_auc_ovr_macro": 0.9969463226826616,
  "roc_auc_ovr_micro": 0.9969984993290076,
  "support_analysis": {
    "support": [
      244,
      624,
      311,
      579,
      243,
      284,
      666,
      470
    ],
    "support_fraction": [
      0.07132417421806489,
      0.1824028061970184,
      0.09090909090909091,
      0.16924875767319497,
      0.0710318620286466,
      0.08301666179479684,
      0.19467991815258695,
      0.1373867290266004
    ],
    "class_accuracy": [
      0.9590163934426229,
      0.9983974358974359,
      0.9710610932475884,
      0.9378238341968912,
      0.9629629629629629,
      0.9330985915492958,
      0.9684684684684685,
      1.0
    ],