accuracy,f1_macro,ece,brier_score,roc_auc_ovr_macro,roc_auc_ovr_micro
0.9693072201110786,0.9672612190989374,0.07624142307943856,0.05705369924203067,0.9969463226826616,0.9969984993290076
