{
  "accuracy": 0.9339374451914645,
  "precision_macro": 0.9295236055988141,
  "recall_macro": 0.9288510222960227,
  "f1_macro": 0.9287873902568653,
  "ece": 0.06518294003859351,
  "precision_per_class": [
    0.9388646288209607,
    0.9544025157232704,
    0.9661016949152542,
    0.8641975308641975,
    0.9215686274509803,
    0.8283828382838284,
    0.9669172932330827,
    0.9957537154989384
  ],
  "recall_per_class": [
    0.8811475409836066,
    0.9727564102564102,
    0.9163987138263665,
    0.846286701208981,
    0.9670781893004116,
    0.8838028169014085,
    0.9654654654654654,
    0.997872340425532
  ],
  "f1_per_class": [
    0.9090909090909091,
    0.9634920634920635,
    0.9405940594059405,
    0.8551483420593369,
    0.9437751004016064,
    0.8551959114139693,
    0.966190833959429,
    0.9968119022316685
  ],
  "accuracy_per_class": [
    0.8811475409836066,
    0.9727564102564102,
    0.9163987138263665,
    0.846286701208981,
    0.9670781893004116,
    0.8838028169014085,
    0.9654654654654654,
    0.997872340425532
  ],
  "reliability_diagram": {
    "bin_edges": [
      0.0,
      0.06666666666666667,
      0.13333333333333333,
      0.2,
      0.26666666666666666,
      0.3333333333333333,
      0.4,
      0.4666666666666667,
      0.5333333333333333,
      0.6,
      0.6666666666666666,
      0.7333333333333333,
      0.8,
      0.8666666666666667,
      0.9333333333333333,
      1.0
    ],
    "bin_accuracy": [
      0.0,
      0.0,
      0.0,
      0.0,
      0.5,
      0.45454545454545453,
      0.3888888888888889,
      0.5,
      0.6041666666666666,
      0.5208333333333334,
      0.7285714285714285,
      0.7346938775510204,
      0.8296703296703297,
      0.9808282208588958,
      0.9850746268656716
    ],
    "bin_confidence": [
      0.0,
      0.0,
      0.0,
      0.0,
      0.3166640140116215,
      0.373968861319802,
      0.43427255749702454,
      0.5007295750758864,
      0.568544959028562,
      0.6361005293826262,
      0.6982618808746338,
      0.7672453291562139,
      0.8399086515982073,
      0.9070375816770858,
      0.9398949457638299
    ],
    "bin_count": [
      0,
      0,
      0,
      0,
      8,
      11,
      36,
      44,
      48,
      48,
      70,
      98,
      182,
      2608,
      268
    ]
  },
  "confusion_matrix": [
    [
      215,
      2,
      1,
      11,
      5,
      10,
      0,
      0
    ],
    [
      2,
      607,
      0,
      3,
      1,
      5,
      5,
      1
    ],
    [
      0,
      4,
      285,
      18,
      1,
      0,
      2,
      1
    ],
    [
      10,
      15,
      6,
      490,
      8,
      35,
      15,
      0
    ],
    [
      1,
      0,
      0,
      6,
      235,
      1,
      0,
      0
    ],
    [
      1,
      1,
      0,
      27,
      4,
      251,
      0,
      0
    ],
    [
      0,
      7,
      2,
      12,
      1,
      1,
      643,
      0
    ],
    [
      0,
      0,
      1,
      0,
      0,
      0,
      0,
      469
    ]
  ],
  "brier_score": 0.10603723149230124,
  "confidence_histogram": {
    "bin_edges": [
      0.0,
      0.05,
      0.1,
      0.15000000000000002,
      0.2,
      0.25,
      0.30000000000000004,
      0.35000000000000003,
      0.4,
      0.45,
      0.5,
      0.55,
      0.6000000000000001,
      0.65,
      0.7000000000000001,
      0.75,
      0.8,
      0.8500000000000001,
      0.9,
      0.9500000000000001,
      1.0
    ],
    "counts": [
      0,
      0,
      0,
      0,
      0,
      2,
      7,
      10,
      28,
      29,
      34,
      37,
      28,
      59,
      53,
      76,
      112,
      882,
      2056,
      8
    ],
    "density": [
      0.0,
      0.0,
      0.0,
      0.0,
      0.0,
      0.0005846243788365975,
      0.0020461853259280912,
      0.0029231218941829875,
      0.008184741303712365,
      0.008477053493130663,
      0.009938614440222157,
      0.010815551008477054,
      0.008184741303712365,
      0.017246419175679626,
      0.015492546039169833,
      0.022215726395790704,
      0.03273896521484946,
      0.2578193510669395,
      0.6009938614440222,
      0.00233849751534639
    ]
  },
  "entropy_histogram": {
    "bin_edges": [
      0.21958017349243164,
      0.29723145961761477,
      0.37488274574279784,
      0.4525340318679809,
      0.530185317993164,
      0.6078366041183472,
      0.6854878902435302,
      0.7631391763687133,
      0.8407904624938964,
      0.9184417486190796,
      0.9960930347442627,
      1.0737443208694457,
      1.1513956069946287,
      1.229046893119812,
      1.306698179244995,
      1.3843494653701782,
      1.4620007514953612,
      1.5396520376205443,
      1.6173033237457275,
      1.6949546098709105,
      1.7726058959960938
    ],
    "counts": [
      9,
      272,
      760,
      1197,
      599,
      118,
      78,
      45,
      49,
      58,
      54,
      52,
      39,
      28,
      22,
      17,
      7,
      9,
      5,
      3
    ],
    "density": [
      0.002630809704764689,
      0.07950891552177726,
      0.22215726395790705,
      0.3498976907337036,
      0.17509500146156096,
      0.03449283835135925,
      0.0228003507746273,
      0.013154048523823443,
      0.014323297281496639,
      0.016954106986261326,
      0.015784858228588133,
      0.015200233849751535,
      0.01140017538731365,
      0.008184741303712365,
      0.006430868167202572,
      0.004969307220111079,
      0.0020461853259280912,
      0.002630809704764689,
      0.0014615609470914938,
      0.0008769365682548962
    ]
  },
  "logit_magnitude_histogram": {
    "bin_edges": [
      1.720164179801941,
      1.8511015951633454,
      1.9820390105247498,
      2.112976425886154,
      2.2439138412475588,
      2.374851256608963,
      2.5057886719703673,
      2.6367260873317715,
      2.767663502693176,
      2.898600918054581,
      3.029538333415985,
      3.1604757487773893,
      3.2914131641387936,
      3.4223505795001983,
      3.5532879948616025,
      3.684225410223007,
      3.8151628255844114,
      3.9461002409458157,
      4.077037656307221,
      4.207975071668624,
      4.338912487030029
    ],
    "counts": [
      12,
      32,
      52,
      71,
      73,
      88,
      80,
      76,
      117,
      309,
      902,
      684,
      477,
      268,
      123,
      36,
      14,
      5,
      1,
      1
    ],
    "density": [
      0.0035077462730195848,
      0.00935399006138556,
      0.015200233849751535,
      0.02075416544869921,
      0.021338789827535808,
      0.02572347266881029,
      0.0233849751534639,
      0.022215726395790704,
      0.034200526161940956,
      0.0903244665302543,
      0.26366559485530544,
      0.19994153756211633,
      0.1394329143525285,
      0.07833966676410406,
      0.03595439929845075,
      0.010523238819058756,
      0.0040923706518561824,
      0.0014615609470914938,
      0.00029231218941829873,
      0.00029231218941829873
    ]
  },
  "roc_auc_ovr_per_class": [
    0.9959132494311057,
    0.9965891797988687,
    0.9938999803558689,
    0.9712777374662568,
    0.9983528735364272,
    0.9843698788202598,
    0.9956524582658883,
    0.9999949530271022
  ],
  "roc_auc_ovr_macro": 0.9920062888377222,
  "roc_auc_ovr_micro": 0.9922501321276243,
  "support_analysis": {
    "support": [
      244,
      624,
      311,
      579,
      243,
      284,
      666,
      470
    ],
    "support_fraction": [
      0.07132417421806489,
      0.1824028061970184,
      0.09090909090909091,
      0.16924875767319497,
      0.0710318620286466,
      0.08301666179479684,
      0.19467991815258695,
      0.1373867290266004
    ],
    "class_accuracy": [
      0.8811475409836066,
      0.9727564102564102,
      0.9163987138263665,
      0.846286701208981,
      0.9670781893004116,
      0.8838028169014085,
      0.9654654654654654,
      0.997872340425532
    ],