accuracy,f1_macro,ece,brier_score,roc_auc_ovr_macro,roc_auc_ovr_micro
0.9339374451914645,0.9287873902568653,0.06518294003859351,0.10603723149230124,0.9920062888377222,0.9922501321276243
