{
  "train_loss": [
    0.9450754277322561,
    0.7559267262549075,
    0.7008025373606023,
    0.6804522621231556,
    0.6464589433083102,
    0.6257309187600306,
    0.6100755097714804,
    0.5933751615609781,
    0.5770716215139622,
    0.5626696127356062,
    0.5558834990233346,
    0.5405561492014841,
    0.536091965913427,
    0.5225883230462309,
    0.5230829422058423,
    0.5109452226513111,
    0.5146246223708089,
    0.5005864670429757,
    0.5055882185315432,
    0.5001417259426204,
    0.489024730467161,
    0.48983909423461075,
    0.49134162117212377,
    0.4804545916008011,
    0.4815694758632614
  ],
  "val_loss": [
    0.7966877845960243,
    0.7235330120425358,
    0.9016429497816852,
    0.7678494687392333,
    0.8227826613132084,
    0.6643152504323799,
    0.6885614027486784,
    0.7610196766452254,
    0.7109044389189961,
    0.7197633290959295,
    0.9338839678006752,
    0.6836854854476786,
    0.668396511924601,
    0.709691806931362,
    0.6703325025389127,
    0.6776929118922937,
    0.6883598298669975,
    0.6278194060949521,
    0.6676795789014514,
    0.656451704346131,
    0.6516994861798866,
    0.6584871556157263,
    0.6412213745518266,
    0.6554396598138542,
    0.6316791906535069
  ],
  "train_acc": [
    0.7812465157765637,
    0.8752369271936671,
    0.9002118407849259,
    0.9073475303824283,
    0.9255212398260676,
    0.9348868324227896,
    0.9415765414204482,
    0.947820269818263,
    0.95662838666518,
    0.961422678113502,
    0.9655479986620582,
    0.9723492028096777,
    0.9720147173597948,
    0.9794848924071803,
    0.9784814360575315,
    0.9842791838555023,
    0.9812688148065559,
    0.9871780577544876,
    0.985394135355112,
    0.9878470286542536,
    0.9933102910023414,
    0.9921953395027316,
    0.9918608540528487,
    0.9964321552012487,
    0.9962091649013268
  ],
  "val_acc": [
    0.8563084112149533,
    0.8942757009345794,
    0.8241822429906542,
    0.8814252336448598,
    0.8376168224299065,
    0.9123831775700935,
    0.9141355140186916,
    0.8697429906542056,
    0.8936915887850467,
    0.8942757009345794,
    0.8095794392523364,
    0.9117990654205608,
    0.9188084112149533,
    0.897196261682243,
    0.9182242990654206,
    0.9100467289719626,
    0.9047897196261683,
    0.9304906542056075,
    0.9188084112149533,
    0.9246495327102804,
    0.9223130841121495,
    0.923481308411215,
    0.929322429906542,
    0.9217289719626168,
    0.9339953271028038
  ],
  "train_grad_norm": [
    0.9999996743690138,
    0.9999995277546568,
    0.9971078695672334,
    0.9957996400681709,
    0.9738382255155559,
    0.9599325785012428,
    0.9561036457448379,
    0.9262621751539786,
    0.893566141594295,
    0.8686355020238951,
    0.835590829734207,
    0.8027044853694775,
    0.8046193691282233,
    0.7239525234667258,
    0.7115852361453986,
    0.6580357247095056,
    0.7151751027929528,
    0.6120209766115172,
    0.6559505209955568,
    0.6134322994025182,
    0.4943333264182549,
    0.5507070069024241,
    0.5100116469052863,
    0.396845935165787,
    0.3869719406882253
  ],
  "val_ece": [
    0.062258295462440674,
    0.09492502188327434,
    0.03144504660827535,
    0.0607097082048933,
    0.042769281733258904,
    0.07143602662972205,
    0.08070544968141573,
    0.07435367606301727,
    0.0623651381895364,
    0.05539222077301173,
    0.04191003099223166,
    0.05114998074822891,
    0.05701587518033023,
    0.06196955297246712,
    0.05318457523587154,
    0.0658538743296516,
    0.06294704742172613,
    0.06634060364808439,
    0.05579816894692796,
    0.06382035920135327,
    0.07232961206583775,
    0.05863117250814063,
    0.057852991360509566,
    0.0695052267896516,
    0.06727147453995508
  ],
  "val_brier": [
    0.21115865356366606,
    0.1746526848464109,
    0.26908147893441253,
    0.1939776027427948,
    0.23233212418338348,
    0.13281514194728905,
    0.14092168113529993,
    0.19811695838517715,
    0.16424074306055858,
    0.15216592909724114,
    0.28721202331768064,
    0.14176021177854906,
    0.13179584123443366,
    0.15715284171999316,
    0.13312597121302722,
    0.13687245408066465,
    0.1457316859749366,
    0.10960723508924326,
    0.12665547285561235,
    0.11782665623511658,
    0.12474233340668281,
    0.12276260195602565,
    0.11104360489123967,
    0.12123693294247098,
    0.10946414338570336
  ],
  "val_f1_macro": [
    0.839899434935155,
    0.8843070068453195,
    0.8290175796676765,
    0.8779257005775523,
    0.787390122244156,
    0.9075880849518378,
    0.9015690802244254,
    0.8543327215960106,
    0.8822567472022133,
    0.8833548981857454,
    0.7705497865974387,
    0.9030376549284729,
    0.9105476030847708,
    0.8898612817409861,
    0.9140500290097298,
    0.9020124029213485,
    0.8988117178007462,
    0.9268013430941042,
    0.9102929168363425,
    0.9174644403831916,
    0.9089262475624097,
    0.9194006345175871,
    0.9214458758333912,
    0.9159230375872909,
    0.9283949563688304
  ],
  "best_epoch": 18,
  "best_val_loss": 0.6278194060949521
}