{
  "train_loss": [
    0.691966961249176,
    0.38463177391251296,
    0.2875952128072734,
    0.2377602825147999,
    0.20787012558512394,
    0.18155983207628373,
    0.1627331299513487,
    0.16080340808765364,
    0.14693097411709322,
    0.14494370953387073,
    0.12416715495633764,
    0.11922004831367622,
    0.11327201530487677,
    0.11003619870761643,
    0.10421810895181363,
    0.09504966097889468,
    0.09461462220206113,
    0.09118938906875534,
    0.09635455992705817,
    0.07831036155647933,
    0.08212859303327427,
    0.07494256370121588,
    0.07970658483661659,
    0.07408950529398825,
    0.06593565452090369,
    0.07336074043728606,
    0.06647828046903541,
    0.06433957896931626,
    0.06136644392507906,
    0.05920798029091428,
    0.06566714453132393,
    0.05325765696125426,
    0.05928300142640388
  ],
  "val_loss": [
    0.602838841069941,
    0.4254014579618706,
    0.33647985425723737,
    0.3283776753618926,
    0.22651946498174183,
    0.18468842687593942,
    0.19697798908602854,
    0.4844019064804117,
    0.20278777786996402,
    0.14514451260949934,
    0.1498507641878475,
    0.17063394594030445,
    0.16757548795581037,
    0.16140265909374737,
    0.11874080995698778,
    0.16601596504594326,
    0.21032696579251944,
    0.4252630275685708,
    0.1263584357845347,
    0.28235672885587054,
    0.12534484252637504,
    0.09301114994518664,
    0.15586339371626684,
    0.11247604960122885,
    0.226227207047517,
    0.09182067926465177,
    0.1390026465880542,
    0.14440556016208075,
    0.10396212108972452,
    0.09832034886969006,
    0.09657760336101413,
    0.20289791187123268,
    0.12524345822212268
  ],
  "train_acc": [
    0.7553669051957865,
    0.8665940708475932,
    0.9020623138806169,
    0.9202408995955376,
    0.9302635672696564,
    0.9385306013600605,
    0.9460864927330104,
    0.9470643139695097,
    0.9514422863238367,
    0.952264545090893,
    0.958620383128139,
    0.9606649184408196,
    0.9627094537535001,
    0.9625983377038979,
    0.9661096048713276,
    0.9684208187030535,
    0.9691097382105871,
    0.9686874972220988,
    0.9683319258633717,
    0.9747099871105382,
    0.9734432641450731,
    0.9749766656295835,
    0.9736654962442776,
    0.9749544424196631,
    0.9784212631672519,
    0.9761989421752078,
    0.9777545668696387,
    0.979132405884706,
    0.9794879772434331,
    0.9809324858882617,
    0.9778212364994,
    0.9822436552735677,
    0.9816214053957953
  ],
  "val_acc": [
    0.7680927628948421,
    0.8507596961215513,
    0.8788484606157537,
    0.8890443822471011,
    0.9237305077968813,
    0.93812475009996,
    0.9347261095561775,
    0.8652538984406237,
    0.9317273090763695,
    0.9524190323870452,
    0.947421031587365,
    0.9407237105157937,
    0.9413234706117553,
    0.9471211515393843,
    0.9626149540183926,
    0.9440223910435825,
    0.9393242702918833,
    0.8799480207916833,
    0.9587165133946421,
    0.9196321471411435,
    0.960515793682527,
    0.9679128348660536,
    0.9470211915233906,
    0.9647141143542582,
    0.9417233106757297,
    0.9706117552978808,
    0.958016793282687,
    0.9564174330267893,
    0.9682127149140344,
    0.9691123550579768,
    0.9694122351059576,
    0.941123550579768,
    0.960015993602559
  ],
  "best_epoch": 26,
  "best_val_loss": 0.09182067926465177
}