{
  "accuracy": 0.9236768802228412,
  "precision_macro": 0.8901214224667436,
  "recall_macro": 0.8833888677129972,
  "f1_macro": 0.8785562439626035,
  "confusion_matrix": [
    [
      1328,
      0,
      0,
      0,
      3,
      7,
      0,
      0,
      0
    ],
    [
      0,
      847,
      0,
      0,
      0,
      0,
      0,
      0,
      0
    ],
    [
      0,
      9,
      287,
      0,
      0,
      23,
      0,
      20,
      0
    ],
    [
      0,
      0,
      11,
      619,
      0,
      0,
      1,
      1,
      2
    ],
    [
      7,
      33,
      0,
      0,
      985,
      0,
      3,
      4,
      3
    ],
    [
      0,
      3,
      30,
      0,
      1,
      548,
      0,
      10,
      0
    ],
    [
      0,
      0,
      12,
      8,
      3,
      0,
      671,
      12,
      35
    ],
    [
      0,
      5,
      54,
      0,
      3,
      161,
      1,
      166,
      31
    ],
    [
      0,
      0,
      4,
      14,
      3,
      1,
      23,
      7,
      1181
    ]
  ]
}