{
  "train_loss": [
    0.6278613953351911,
    0.3796409902596369,
    0.3153436204941015,
    0.2657254673999237,
    0.2354418637355257,
    0.21158304170076728,
    0.1946357454235482,
    0.1817754188496948,
    0.16228064924214936,
    0.15782455875797374,
    0.14343185236672476,
    0.13191174519318222,
    0.12459867969476529,
    0.12483005035008213,
    0.10794746359365083,
    0.10954292509904347,
    0.10337363556573813,
    0.09975742330077839,
    0.08761345398585994,
    0.08637259146272726,
    0.08431292242077104,
    0.07661309627152701
  ],
  "val_loss": [
    0.3811971703823544,
    0.4021103676797294,
    0.2568317271384751,
    0.20154500429461547,
    0.28057304149816054,
    0.1693293195112092,
    0.17030943544065413,
    0.18189458704528594,
    0.26052892776500314,
    0.16871898171187685,
    0.2629653414050754,
    0.18845088521941383,
    0.16890467703938244,
    0.14258661331748163,
    0.13760738024731628,
    0.2212865356090026,
    0.24506775891242244,
    0.21899580531289986,
    0.13831806070253594,
    0.2606582285784951,
    0.1760875100269169,
    0.15908671637884572
  ],
  "train_acc": [
    0.7813902840126228,
    0.8714609538201697,
    0.8933730388017245,
    0.9107293657495888,
    0.9227743455264679,
    0.9290635139339526,
    0.9353749055513578,
    0.939263967287435,
    0.9457086981643629,
    0.9477532334770434,
    0.9529312413885062,
    0.9559313747277657,
    0.9583759278190142,
    0.9596648739943997,
    0.9643539712876128,
    0.9637761678296813,
    0.9662651673407707,
    0.9673318814169518,
    0.9709320414240633,
    0.9715098448819948,
    0.9727543446375394,
    0.9740655140228455
  ],
  "val_acc": [
    0.8706517393042783,
    0.8597560975609756,
    0.9105357856857257,
    0.9301279488204718,
    0.9067373050779688,
    0.9418232706917233,
    0.9399240303878449,
    0.9388244702119153,
    0.9217313074770092,
    0.9426229508196722,
    0.9215313874450219,
    0.9426229508196722,
    0.9476209516193522,
    0.9550179928028788,
    0.9565173930427829,
    0.9254298280687725,
    0.9241303478608557,
    0.928828468612555,
    0.9562175129948021,
    0.9188324670131948,
    0.9464214314274291,
    0.95171931227509
  ],
  "best_epoch": 15,
  "best_val_loss": 0.13760738024731628
}