{
  "accuracy": 0.8891364902506964,
  "precision_macro": 0.8669812228058277,
  "recall_macro": 0.8284296478116757,
  "f1_macro": 0.8324749592718234,
  "confusion_matrix": [
    [
      1320,
      1,
      2,
      0,
      4,
      9,
      2,
      0,
      0
    ],
    [
      0,
      847,
      0,
      0,
      0,
      0,
      0,
      0,
      0
    ],
    [
      0,
      0,
      229,
      0,
      0,
      82,
      0,
      24,
      4
    ],
    [
      0,
      0,
      16,
      562,
      1,
      0,
      2,
      0,
      53
    ],
    [
      35,
      23,
      0,
      0,
      962,
      0,
      12,
      0,
      3
    ],
    [
      0,
      0,
      10,
      0,
      0,
      547,
      0,
      18,
      17
    ],
    [
      0,
      0,
      4,
      1,
      6,
      0,
      590,
      0,
      140
    ],
    [
      0,
      0,
      70,
      3,
      5,
      105,
      2,
      116,
      120
    ],
    [
      0,
      0,
      4,
      6,
      3,
      1,
      8,
      0,
      1211
    ]
  ]
}