{
  "train_loss": [
    0.8724672682969123,
    0.5220975035126726,
    0.3971019923472395,
    0.34639668731701323,
    0.292651713879947,
    0.27814377539674146,
    0.24457887832501385,
    0.22150083883184132,
    0.20971506697330758,
    0.1928910478970078,
    0.17251731537120535,
    0.16436353799191955,
    0.15865836023577023,
    0.14879805235614976,
    0.15266006203084592,
    0.13747805390624376,
    0.13511054179732962,
    0.1186479457953627,
    0.11503740938296662,
    0.11396866005613272
  ],
  "val_loss": [
    0.9361155701131642,
    0.4944719092124274,
    0.445118044297107,
    0.41638090534479033,
    0.40068042224667066,
    0.22515251154138868,
    0.49139155691168585,
    0.355855934587015,
    0.3827956318497801,
    0.20854139247568834,
    0.28529131917751394,
    0.3420073909075057,
    0.15186137994412469,
    0.28723596998068485,
    0.26479375470833316,
    0.18653206046415968,
    0.2663420638660105,
    0.3491431148629673,
    0.386341093493099,
    0.15539647624125985
  ],
  "train_acc": [
    0.6847415440686253,
    0.8154584648206586,
    0.861993866394062,
    0.87852793457487,
    0.8992399662207209,
    0.9042179652428997,
    0.916529623538824,
    0.9245299791101826,
    0.9289746210942709,
    0.9345304235743811,
    0.9423085470465354,
    0.9439975110004889,
    0.9476865638472821,
    0.9493310813813948,
    0.9471087603893507,
    0.9525312236099382,
    0.9530201342281879,
    0.9587092759678207,
    0.9602204542424108,
    0.9621316502955687
  ],
  "val_acc": [
    0.6874250299880048,
    0.8215713714514195,
    0.8414634146341463,
    0.8542582966813275,
    0.8566573370651739,
    0.9169332267093163,
    0.8434626149540184,
    0.8803478608556577,
    0.8683526589364254,
    0.9262295081967213,
    0.9046381447421031,
    0.8861455417832866,
    0.9479208316673331,
    0.9086365453818472,
    0.9075369852059176,
    0.93812475009996,
    0.9207317073170732,
    0.9003398640543783,
    0.8722510995601759,
    0.9508196721311475
  ],
  "best_epoch": 13,
  "best_val_loss": 0.15186137994412469
}