{
  "accuracy": 0.863091922005571,
  "precision_macro": 0.8213310037207769,
  "recall_macro": 0.8223455443852938,
  "f1_macro": 0.8009758389827181,
  "confusion_matrix": [
    [
      1244,
      10,
      7,
      0,
      0,
      74,
      3,
      0,
      0
    ],
    [
      0,
      847,
      0,
      0,
      0,
      0,
      0,
      0,
      0
    ],
    [
      0,
      0,
      318,
      9,
      0,
      6,
      0,
      6,
      0
    ],
    [
      0,
      0,
      11,
      622,
      0,
      0,
      0,
      0,
      1
    ],
    [
      62,
      112,
      13,
      0,
      833,
      0,
      7,
      0,
      8
    ],
    [
      1,
      4,
      63,
      51,
      0,
      424,
      0,
      39,
      10
    ],
    [
      2,
      0,
      22,
      31,
      5,
      0,
      647,
      0,
      34
    ],
    [
      3,
      1,
      108,
      6,
      10,
      134,
      3,
      86,
      70
    ],
    [
      0,
      0,
      20,
      25,
      3,
      0,
      9,
      0,
      1176
    ]
  ]
}