{
  "train_loss": [
    0.8058896151334584,
    0.4640352464253661,
    0.38858519453669427,
    0.3381902125391559,
    0.3043856925805721,
    0.27678834849174533,
    0.24935138155748657,
    0.23112719058672573,
    0.21380221833387553,
    0.20137015211592252,
    0.1876523025505087,
    0.1772914970245376,
    0.16721705192155037,
    0.14959228909849098,
    0.15093835207114056,
    0.13458786618365695,
    0.13123109996387697,
    0.12498487581480418,
    0.1127637146249671
  ],
  "val_loss": [
    0.4930902632271371,
    1.069375549683996,
    0.47048520785672626,
    0.29999128813411846,
    0.5536228381529278,
    0.31259227754687463,
    0.28530437613382,
    0.3022358458919651,
    0.25352035506350284,
    0.25370918780934665,
    0.24171061932992954,
    0.20099031144096965,
    0.21342383143974275,
    0.2154780367731166,
    0.2387356989291228,
    0.2288925149669794,
    0.30114150509053544,
    0.27424351069651715,
    0.29641627030866424
  ],
  "train_acc": [
    0.7161651628961287,
    0.8373705498022135,
    0.865371794301969,
    0.8832837014978443,
    0.8955953597937686,
    0.9073292146317614,
    0.9151962309435975,
    0.9226187830570247,
    0.9269745322014312,
    0.9298635494910885,
    0.9355526912307214,
    0.9367527445664252,
    0.9438197253211253,
    0.9507978132361439,
    0.9482643673052136,
    0.9545313125027779,
    0.9534201520067559,
    0.9573758833725944,
    0.9629316858527046
  ],
  "val_acc": [
    0.8142742902838864,
    0.6531387445021991,
    0.8224710115953618,
    0.8921431427429029,
    0.8292682926829268,
    0.8873450619752099,
    0.899140343862455,
    0.9010395841663335,
    0.9125349860055978,
    0.9165333866453419,
    0.9193322670931627,
    0.9312275089964014,
    0.9304278288684527,
    0.9305277888844462,
    0.9204318272690923,
    0.923530587764894,
    0.8948420631747301,
    0.9169332267093163,
    0.9119352259096362
  ],
  "best_epoch": 12,
  "best_val_loss": 0.20099031144096965
}