{
  "accuracy": 0.8775766016713092,
  "precision_macro": 0.8401863278084896,
  "recall_macro": 0.8392209667054931,
  "f1_macro": 0.8317338581667187,
  "confusion_matrix": [
    [
      1331,
      6,
      0,
      0,
      0,
      0,
      1,
      0,
      0
    ],
    [
      0,
      847,
      0,
      0,
      0,
      0,
      0,
      0,
      0
    ],
    [
      0,
      0,
      292,
      9,
      0,
      4,
      0,
      33,
      1
    ],
    [
      4,
      0,
      2,
      617,
      1,
      0,
      2,
      0,
      8
    ],
    [
      93,
      70,
      0,
      0,
      852,
      0,
      17,
      0,
      3
    ],
    [
      0,
      3,
      72,
      52,
      0,
      397,
      1,
      61,
      6
    ],
    [
      6,
      0,
      0,
      15,
      10,
      1,
      676,
      3,
      30
    ],
    [
      0,
      1,
      100,
      2,
      13,
      56,
      2,
      174,
      73
    ],
    [
      7,
      1,
      17,
      41,
      16,
      2,
      32,
      2,
      1115
    ]
  ]
}