{
  "accuracy": 0.9462145571470331,
  "precision_macro": 0.9497868744781602,
  "recall_macro": 0.9314979289215232,
  "f1_macro": 0.9392174044209141,
  "ece": 0.07261869221167824,
  "precision_per_class": [
    0.944206008583691,
    0.9951845906902087,
    0.9932432432432432,
    0.8294930875576036,
    0.941908713692946,
    0.9322033898305084,
    0.9641791044776119,
    0.9978768577494692
  ],
  "recall_per_class": [
    0.9016393442622951,
    0.9935897435897436,
    0.9453376205787781,
    0.9326424870466321,
    0.934156378600823,
    0.7746478873239436,
    0.96996996996997,
    1.0
  ],
  "f1_per_class": [
    0.9224318658280922,
    0.9943865276663993,
    0.9686985172981878,
    0.8780487804878049,
    0.9380165289256198,
    0.8461538461538461,
    0.9670658682634731,
    0.9989373007438895
  ],
  "accuracy_per_class": [
    0.9016393442622951,
    0.9935897435897436,
    0.9453376205787781,
    0.9326424870466321,
    0.934156378600823,
    0.7746478873239436,
    0.96996996996997,
    1.0
  ],
  "reliability_diagram": {
    "bin_edges": [
      0.0,
      0.06666666666666667,
      0.13333333333333333,
      0.2,
      0.26666666666666666,
      0.3333333333333333,
      0.4,
      0.4666666666666667,
      0.5333333333333333,
      0.6,
      0.6666666666666666,
      0.7333333333333333,
      0.8,
      0.8666666666666667,
      0.9333333333333333,
      1.0
    ],
    "bin_accuracy": [
      0.0,
      0.0,
      0.0,
      1.0,
      0.6666666666666666,
      0.375,
      0.3333333333333333,
      0.5925925925925926,
      0.3103448275862069,
      0.5625,
      0.5952380952380952,
      0.8541666666666666,
      0.6792452830188679,
      0.9805510534846029,
      1.0
    ],
    "bin_confidence": [
      0.0,
      0.0,
      0.0,
      0.23857684433460236,
      0.29897956053415936,
      0.36533519998192787,
      0.4500576580564181,
      0.5029754837354025,
      0.5653502715045008,
      0.6311725762983164,
      0.6976158349286943,
      0.7737539435426394,
      0.8398486606354983,
      0.9137595434822565,
      0.938374529282252
    ],
    "bin_count": [
      0,
      0,
      0,
      1,
      3,
      8,
      12,
      27,
      29,
      48,
      42,
      48,
      106,
      3085,
      12
    ]
  },
  "confusion_matrix": [
    [
      220,
      2,
      0,
      15,
      0,
      4,
      3,
      0
    ],
    [
      0,
      620,
      0,
      1,
      0,
      0,
      3,
      0
    ],
    [
      1,
      0,
      294,
      11,
      1,
      0,
      3,
      1
    ],
    [
      10,
      0,
      0,
      540,
      5,
      10,
      14,
      0
    ],
    [
      0,
      0,
      2,
      13,
      227,
      1,
      0,
      0
    ],
    [
      2,
      0,
      0,
      54,
      7,
      220,
      1,
      0
    ],
    [
      0,
      1,
      0,
      17,
      1,
      1,
      646,
      0
    ],
    [
      0,
      0,
      0,
      0,
      0,
      0,
      0,
      470
    ]
  ],
  "brier_score": 0.08808186644564131,
  "confidence_histogram": {
    "bin_edges": [
      0.0,
      0.05,
      0.1,
      0.15000000000000002,
      0.2,
      0.25,
      0.30000000000000004,
      0.35000000000000003,
      0.4,
      0.45,
      0.5,
      0.55,
      0.6000000000000001,
      0.65,
      0.7000000000000001,
      0.75,
      0.8,
      0.8500000000000001,
      0.9,
      0.9500000000000001,
      1.0
    ],
    "counts": [
      0,
      0,
      0,
      0,
      1,
      2,
      5,
      4,
      5,
      19,
      23,
      21,
      39,
      32,
      26,
      41,
      64,
      220,
      2919,
      0
    ],
    "density": [
      0.0,
      0.0,
      0.0,
      0.0,
      0.00029231218941829873,
      0.0005846243788365975,
      0.0014615609470914938,
      0.001169248757673195,
      0.0014615609470914938,
      0.005553931598947676,
      0.006723180356620871,
      0.006138555977784273,
      0.01140017538731365,
      0.00935399006138556,
      0.007600116924875768,
      0.011984799766150248,
      0.01870798012277112,
      0.06430868167202572,
      0.8532592809120141,
      0.0
    ]
  },
  "entropy_histogram": {
    "bin_edges": [
      0.32146331667900085,
      0.40363106280565264,
      0.48579880893230437,
      0.5679665550589561,
      0.6501343011856079,
      0.7323020473122597,
      0.8144697934389113,
      0.8966375395655631,
      0.9788052856922149,
      1.0609730318188668,
      1.1431407779455185,
      1.2253085240721702,
      1.3074762701988218,
      1.3896440163254737,
      1.4718117624521254,
      1.5539795085787773,
      1.636147254705429,
      1.7183150008320807,
      1.8004827469587326,
      1.8826504930853842,
      1.9648182392120361
    ],
    "counts": [
      56,
      2638,
      354,
      66,
      47,
      40,
      28,
      28,
      29,
      46,
      37,
      18,
      13,
      7,
      4,
      5,
      2,
      2,
      0,
      1
    ],
    "density": [
      0.01636948260742473,
      0.7711195556854721,
      0.10347851505407775,
      0.01929260450160772,
      0.01373867290266004,
      0.01169248757673195,
      0.008184741303712365,
      0.008184741303712365,
      0.008477053493130663,
      0.013446360713241743,
      0.010815551008477054,
      0.005261619409529378,
      0.003800058462437884,
      0.0020461853259280912,
      0.001169248757673195,
      0.0014615609470914938,
      0.0005846243788365975,
      0.0005846243788365975,
      0.0,
      0.00029231218941829873
    ]
  },
  "logit_magnitude_histogram": {
    "bin_edges": [
      0.8669466376304626,
      1.02414313852787,
      1.1813396394252778,
      1.3385361403226852,
      1.4957326412200929,
      1.6529291421175003,
      1.8101256430149077,
      1.9673221439123154,
      2.124518644809723,
      2.28171514570713,
      2.438911646604538,
      2.5961081475019454,
      2.753304648399353,
      2.9105011492967603,
      3.067697650194168,
      3.2248941510915756,
      3.382090651988983,
      3.5392871528863905,
      3.696483653783798,
      3.853680154681206,
      4.010876655578613
    ],
    "counts": [
      1,
      0,
      1,
      1,
      5,
      13,
      20,
      28,
      41,
      37,
      34,
      34,
      57,
      81,
      290,
      712,
      1093,
      659,
      281,
      33
    ],
    "density": [
      0.00029231218941829873,
      0.0,
      0.00029231218941829873,
      0.00029231218941829873,
      0.0014615609470914938,
      0.003800058462437884,
      0.005846243788365975,
      0.008184741303712365,
      0.011984799766150248,
      0.010815551008477054,
      0.009938614440222157,
      0.009938614440222157,
      0.01666179479684303,
      0.023677287342882197,
      0.08477053493130664,
      0.2081262788658287,
      0.31949722303420053,
      0.19263373282665888,
      0.08213972522654195,
      0.00964630225080386
    ]
  },
  "roc_auc_ovr_per_class": [
    0.9983242774655955,
    0.9997100831476948,
    0.9980035359435903,
    0.9850302457949411,
    0.9952424979346173,
    0.9803717106592376,
    0.9955930522173716,
    1.0
  ],
  "roc_auc_ovr_macro": 0.994034425395381,
  "roc_auc_ovr_micro": 0.9951815911506907,
  "support_analysis": {
    "support": [
      244,
      624,
      311,
      579,
      243,
      284,
      666,
      470
    ],
    "support_fraction": [
      0.07132417421806489,
      0.1824028061970184,
      0.09090909090909091,
      0.16924875767319497,
      0.0710318620286466,
      0.08301666179479684,
      0.19467991815258695,
      0.1373867290266004
    ],
    "class_accuracy": [
      0.9016393442622951,
      0.9935897435897436,
      0.9453376205787781,
      0.9326424870466321,
      0.934156378600823,
      0.7746478873239436,
      0.96996996996997,
      1.0
    ],