{
  "train_loss": [
    0.9500825304417118,
    0.7589896215009386,
    0.677687123891461,
    0.6520796821204345,
    0.6059556983314098,
    0.587887632543724,
    0.5770485066338581,
    0.5575018560419756,
    0.5483707093642124,
    0.5310755436856757,
    0.5320803669433045,
    0.5274543800893218,
    0.5100471084434558,
    0.508020497217909,
    0.514859496131315,
    0.4994176587718671,
    0.49012729091842105,
    0.4925083211230849,
    0.48743373471664003,
    0.4977297516880565,
    0.49113408354222876,
    0.4828866802457584,
    0.48103478631673346,
    0.4929999682806774,
    0.485252033810665,
    0.48651812566327746,
    0.4739618237778749,
    0.47246924426572384,
    0.47346432217390255,
    0.47224407592478623,
    0.4701687700176526,
    0.4694962707021317,
    0.4698705176379458,
    0.4691390289774544,
    0.4685329163142294,
    0.46848606649510793,
    0.46850547567383827,
    0.4682044337708322,
    0.4684199941281931
  ],
  "val_loss": [
    1.3841820208825797,
    0.8714593426089421,
    0.8625922024807083,
    0.7958328584644282,
    0.7180998665150081,
    0.661128280318786,
    0.923186083263326,
    0.6372537189554945,
    0.6769195549955992,
    0.6235503415080988,
    0.6480560848646075,
    0.7407694135870889,
    0.6853435785970955,
    0.6401810880019286,
    0.6246828787794737,
    0.6108552874805772,
    0.6214215332102553,
    0.68469498313476,
    0.6437414199392372,
    0.6738227305011214,
    0.6136594164037259,
    0.6303047515521539,
    0.6467157368348023,
    0.6256052021668336,
    0.6756508250102818,
    0.5981311029362901,
    0.5763078460069461,
    0.5862405038325587,
    0.5924592775719189,
    0.5744730473678803,
    0.5677829153626879,
    0.568052919668572,
    0.5841706743307202,
    0.5711959767564435,
    0.5650360623252726,
    0.5665143321607714,
    0.5641090936749895,
    0.5661636290149153,
    0.566385810063264
  ],
  "train_acc": [
    0.7801940448310472,
    0.8732017397122783,
    0.912010705921713,
    0.9190364670458347,
    0.9461358313817331,
    0.9508196721311475,
    0.9581799933087989,
    0.9662094345935095,
    0.970893275342924,
    0.978588156574105,
    0.9765807962529274,
    0.9789227166276346,
    0.9852793576446972,
    0.9859484777517564,
    0.9829374372699899,
    0.9899631983941117,
    0.9926396788223486,
    0.9916359986617598,
    0.9949815991970559,
    0.9882903981264637,
    0.9916359986617598,
    0.9966543994647039,
    0.9956507193041151,
    0.9892940782870525,
    0.9949815991970559,
    0.9959852793576447,
    0.9993308798929408,
    0.9996654399464704,
    0.998327199732352,
    0.9989963198394112,
    1.0,
    0.9996654399464704,
    0.9993308798929408,
    1.0,
    1.0,
    1.0,
    1.0,
    1.0,
    1.0
  ],
  "val_acc": [
    0.6244158878504673,
    0.8598130841121495,
    0.8352803738317757,
    0.8516355140186916,
    0.8954439252336449,
    0.9240654205607477,
    0.8235981308411215,
    0.9299065420560748,
    0.9100467289719626,
    0.9328271028037384,
    0.9170560747663551,
    0.8755841121495327,
    0.9123831775700935,
    0.9269859813084113,
    0.9328271028037384,
    0.9345794392523364,
    0.9375,
    0.9088785046728972,
    0.9287383177570093,
    0.9176401869158879,
    0.9369158878504673,
    0.9310747663551402,
    0.9240654205607477,
    0.9345794392523364,
    0.9164719626168224,
    0.9468457943925234,
    0.955607476635514,
    0.9538551401869159,
    0.951518691588785,
    0.9532710280373832,
    0.9585280373831776,
    0.9614485981308412,
    0.9544392523364486,
    0.955607476635514,
    0.9585280373831776,
    0.9579439252336449,
    0.9614485981308412,
    0.959696261682243,
    0.9602803738317757
  ],
  "train_grad_norm": [
    0.9999997583197558,
    0.999999589279095,
    0.9999995036852874,
    0.9999995027605852,
    0.995911916682764,
    0.9786534016100674,
    0.982871451676596,
    0.9504401114367578,
    0.9173849974364867,
    0.8667311446449752,
    0.8931544798071325,
    0.8693559218316497,
    0.7588675610483105,
    0.7801826859574987,
    0.7753834481546984,
    0.6827183218204225,
    0.6104634386142628,
    0.6177967182018109,
    0.583103113911329,
    0.6720306131575142,
    0.5973576727990346,
    0.4260410897711405,
    0.43823186663192165,
    0.6405228635408018,
    0.5224704172796896,
    0.5312356857234686,
    0.2644569187747524,
    0.2567932024634397,
    0.2849607077295032,
    0.22369638772895298,
    0.15611294255111033,
    0.1307065085305784,
    0.16907551949854127,
    0.11555305355444022,
    0.0907983273762304,
    0.09855014979458715,
    0.09202815519650981,
    0.07868435286230513,
    0.08309890526345423
  ],
  "val_ece": [
    0.11208116313634076,
    0.04156186033005468,
    0.036057088088905676,
    0.05339536930773859,
    0.06940757483243944,
    0.08092870850498983,
    0.047587098658224164,
    0.06152790064148815,
    0.07337169058481668,
    0.07247867431735328,
    0.07200678728660133,
    0.0645888635070525,
    0.059873535611153265,
    0.06463981864573523,
    0.07756451271892154,
    0.08031984324627947,
    0.08687098149349481,
    0.06636727992967467,
    0.056041441979670044,
    0.05688330548528199,
    0.07354836402652419,
    0.06250531136745888,
    0.07020068400165191,
    0.06585426818335728,
    0.0582367919002459,
    0.07334741293757314,
    0.0717006655601418,
    0.07341033932274194,
    0.06781101215491507,
    0.07686826457904879,
    0.08232831547611229,
    0.07096776206951558,
    0.07052590022577296,
    0.07820611460151788,
    0.07769669933575335,
    0.07524095550527642,
    0.07528294857904731,
    0.0757266005379296,
    0.07424298975895226
  ],
  "val_brier": [
    0.5126282887327925,
    0.22349374861701637,
    0.2448027916375325,
    0.2182211059772621,
    0.1680059114297907,
    0.12324974125080923,
    0.2649006358372338,
    0.11081385965035292,
    0.14211440086448068,
    0.1084486987054742,
    0.12555220742645576,
    0.18229171200010463,
    0.1403239024729661,
    0.1151891195710099,
    0.10755627821083359,
    0.10166810992933914,
    0.10688855097842075,
    0.1408681810189459,
    0.11145698464500021,
    0.13084776967991085,
    0.09953044187363952,
    0.10842859652380496,
    0.11914602413372886,
    0.10638055430246438,
    0.13537958621218546,
    0.0887147088744837,
    0.07567425114802484,
    0.08003250942489515,
    0.08398998877873218,
    0.0750178528393003,
    0.0708465461416896,
    0.06942204792330336,
    0.07969202282414178,
    0.07272452111099396,
    0.06909989244817392,
    0.06998622468507085,
    0.06772947663935575,
    0.06943462103457769,
    0.06875610478701419
  ],
  "val_f1_macro": [
    0.5168155395474653,
    0.8362493224285112,
    0.8165765752023381,
    0.8321066755941943,
    0.8751261900429325,
    0.9141980924510656,
    0.8096725799277917,
    0.9155785805069268,
    0.9057216545709377,
    0.9229568128028359,
    0.9008669239500757,
    0.8693312090145492,
    0.8975142295708654,
    0.9134549621606018,
    0.9256024372697296,
    0.9231591131705978,
    0.9304378167303867,
    0.8918658131002941,
    0.9177840241689559,
    0.9064381439383843,
    0.9245689358178273,
    0.9187927886036604,
    0.9095136822998624,
    0.9252665816201295,
    0.9047342146944761,
    0.939544715575483,
    0.9511575775417627,
    0.9504601087131157,
    0.948581131393696,
    0.9474416247068287,
    0.9545433532512793,
    0.9580333040696759,
    0.9478420530063884,
    0.9500909453668288,
    0.9535961066607241,
    0.9532585773326978,
    0.9573679160190465,
    0.9552661010304899,
    0.9559147356966838
  ],
  "best_epoch": 32,
  "best_val_loss": 0.568052919668572
}