accuracy,f1_macro,ece,brier_score,roc_auc_ovr_macro,roc_auc_ovr_micro
0.9462145571470331,0.9392174044209141,0.07261869221167824,0.08808186644564131,0.994034425395381,0.9951815911506907
