{
  "train_loss": [
    1.0933004148272059,
    0.8298343731711724,
    0.7439326975966983,
    0.6986314919968838,
    0.6719407063337742,
    0.6577304572554965,
    0.6178665690575208,
    0.5826153037100582,
    0.5692264526813235,
    0.5534494124594721,
    0.5575596871444636,
    0.53888437318419,
    0.5465738615809416,
    0.5134174109462433,
    0.5145028267627817,
    0.5177032256672797,
    0.515386848116288,
    0.4917998203927356,
    0.4843101051588368,
    0.48493044509581396,
    0.48749109645996974,
    0.48458122778353624,
    0.4838902283249272,
    0.4777305005644827,
    0.47830072134065166,
    0.4778303608183639,
    0.47463937939788714,
    0.4720092915738853,
    0.4700039976035603,
    0.4703752371968933,
    0.4718598848443719,
    0.47215365684523,
    0.46993773601333527,
    0.468983740830908,
    0.46916555500860074
  ],
  "val_loss": [
    1.57073776855647,
    0.9940098167579865,
    0.9805978291502623,
    0.8987856824821401,
    1.1520309542941156,
    0.8171465842523308,
    0.8165330669590246,
    0.849364559227061,
    0.7889841037375904,
    0.8628608322589197,
    0.7921411762727755,
    1.0207828127335166,
    0.9282889633535225,
    0.7862219554241573,
    0.8640812351324848,
    0.7857888157122603,
    0.7755544519870081,
    0.7224227852910479,
    0.7892990212574184,
    0.8269450803783452,
    0.7259476502365041,
    0.7279341555087366,
    0.7338038616091291,
    0.7187956148218886,
    0.7267459864928344,
    0.6852686861965144,
    0.6958935361042201,
    0.6729896659048918,
    0.7420161243911102,
    0.6851158064102458,
    0.7246779259120193,
    0.6869422230765084,
    0.7083183504710687,
    0.6857023205712577,
    0.6751303104596718
  ],
  "train_acc": [
    0.7122783539645366,
    0.8340582134493142,
    0.8742054198728672,
    0.9019739043158247,
    0.9116761458681834,
    0.9240548678487789,
    0.9414519906323185,
    0.9568417530946804,
    0.9645366343258615,
    0.9698895951823352,
    0.9678822348611575,
    0.9739043158246905,
    0.970893275342924,
    0.9836065573770492,
    0.984610237537638,
    0.9822683171629307,
    0.9842756774841084,
    0.9949815991970559,
    0.9966543994647039,
    0.9956507193041151,
    0.9946470391435263,
    0.9959852793576447,
    0.9966543994647039,
    0.9976580796252927,
    0.9969889595182335,
    0.9979926396788223,
    0.9986617597858816,
    1.0,
    1.0,
    1.0,
    0.9989963198394112,
    0.9993308798929408,
    1.0,
    1.0,
    0.9996654399464704
  ],
  "val_acc": [
    0.4976635514018692,
    0.7757009345794392,
    0.7774532710280374,
    0.8119158878504673,
    0.7213785046728972,
    0.852803738317757,
    0.8516355140186916,
    0.8533878504672897,
    0.8720794392523364,
    0.8358644859813084,
    0.8662383177570093,
    0.7873831775700935,
    0.8130841121495327,
    0.8732476635514018,
    0.8358644859813084,
    0.8755841121495327,
    0.8685747663551402,
    0.8855140186915887,
    0.8744158878504673,
    0.8551401869158879,
    0.8896028037383178,
    0.8919392523364486,
    0.8866822429906542,
    0.8936915887850467,
    0.8936915887850467,
    0.905373831775701,
    0.9077102803738317,
    0.9147196261682243,
    0.8878504672897196,
    0.9141355140186916,
    0.8936915887850467,
    0.907126168224299,
    0.9065420560747663,
    0.907126168224299,
    0.9141355140186916
  ],
  "train_grad_norm": [
    0.9999997713770864,
    0.9999996233599838,
    0.9999995911912128,
    0.9999995546282459,
    0.9979328090384886,
    0.9999994968784955,
    0.9879884487108879,
    0.9786476928058501,
    0.9615133600796503,
    0.9505485653574254,
    0.9645643159231001,
    0.8979362893248382,
    0.9335628909841277,
    0.7504260926902121,
    0.8357444329469456,
    0.8463222011047561,
    0.8707165613768884,
    0.5382546122874906,
    0.42853331897205094,
    0.5034533312310099,
    0.528328735090185,
    0.5144794159678546,
    0.4831207980261515,
    0.35566688816105385,
    0.40221447893738144,
    0.3591041457403183,
    0.281030501451357,
    0.22795528507251828,
    0.15663106427932816,
    0.16442709806149905,
    0.19061673447997385,
    0.2189919815133188,
    0.15482790750978903,
    0.10742881319234875,
    0.11783068733612075
  ],
  "val_ece": [
    0.07448786847885246,
    0.04813341844269881,
    0.03493238721808819,
    0.025367876497384534,
    0.05819285321528111,
    0.05387544059238142,
    0.0423110465684505,
    0.041847293543690274,
    0.05151296084067809,
    0.03989130124519365,
    0.05516897128007122,
    0.06715914720199373,
    0.03912975820146988,
    0.049966663244032455,
    0.04382832992438957,
    0.046910436858779894,
    0.05804929376588523,
    0.06159337218328616,
    0.06389815731095935,
    0.03661344177742433,
    0.05235165181769948,
    0.06961396583747645,
    0.05063596964926917,
    0.06280976760192448,
    0.055663877924051246,
    0.07006788939655387,
    0.06498933527792725,
    0.0599451388328154,
    0.05601402739428473,
    0.06652130787130273,
    0.07069511187619694,
    0.07327006734629106,
    0.062179067128590275,
    0.07034269236376355,
    0.06828172351712376
  ],
  "val_brier": [
    0.6320984530301815,
    0.32261938141944446,
    0.31992881821891517,
    0.27797233948982125,
    0.39563016706680515,
    0.22124784202302097,
    0.2140001205763261,
    0.22051083098180058,
    0.19199098793290184,
    0.2382832578790689,
    0.20183789578964867,
    0.3108788005269364,
    0.2861019760875752,
    0.19593363264818753,
    0.2431774924989346,
    0.19523356536638412,
    0.1975740912826973,
    0.16942916146637066,
    0.1982292277071034,
    0.22455045234959378,
    0.16947618351309093,
    0.16798392980887603,
    0.17363576366775443,
    0.16380184518638183,
    0.16376293528985744,
    0.14334934604453736,
    0.1475606238494958,
    0.13266814173336156,
    0.17448257157417726,
    0.14098841955674205,
    0.16360027878082833,
    0.14438772359737165,
    0.14985541603302524,
    0.142371187291188,
    0.13526023809893714
  ],
  "val_f1_macro": [
    0.42044692882848034,
    0.7561868827580795,
    0.7604268560124638,
    0.8043508560535882,
    0.6683601299731159,
    0.8391690265435683,
    0.8344212818877923,
    0.8118327142151252,
    0.85991117725624,
    0.8269263727875413,
    0.8417601511000332,
    0.7474724612346557,
    0.7979095654218014,
    0.8544389985177291,
    0.8224576513107303,
    0.8619700865365129,
    0.8479673388617555,
    0.8744803529562846,
    0.8467551891653213,
    0.8379874883730025,
    0.8781912624371407,
    0.8830736416977404,
    0.8787440397980466,
    0.8828800928195968,
    0.8795286866747891,
    0.8991672143477782,
    0.8973145854818791,
    0.9069906047798165,
    0.8855975459319319,
    0.9071563542223564,
    0.882218485236288,
    0.8967590341561107,
    0.8980426371210581,
    0.8984496668108675,
    0.9037248536512512
  ],
  "best_epoch": 28,
  "best_val_loss": 0.6729896659048918
}