{
  "accuracy": 0.907044723764981,
  "precision_macro": 0.9042615874598361,
  "recall_macro": 0.8908788341489803,
  "f1_macro": 0.8969495122018597,
  "ece": 0.061376796875805606,
  "precision_per_class": [
    0.8680851063829788,
    0.9161585365853658,
    0.9342105263157895,
    0.7894736842105263,
    0.9353448275862069,
    0.8326693227091634,
    0.9624060150375939,
    0.9957446808510638
  ],
  "recall_per_class": [
    0.8360655737704918,
    0.9631410256410257,
    0.9131832797427653,
    0.8290155440414507,
    0.8930041152263375,
    0.7359154929577465,
    0.960960960960961,
    0.9957446808510638
  ],
  "f1_per_class": [
    0.8517745302713987,
    0.9390625,
    0.9235772357723577,
    0.8087615838247684,
    0.9136842105263158,
    0.7813084112149533,
    0.9616829451540195,
    0.9957446808510638
  ],
  "accuracy_per_class": [
    0.8360655737704918,
    0.9631410256410257,
    0.9131832797427653,
    0.8290155440414507,
    0.8930041152263375,
    0.7359154929577465,
    0.960960960960961,
    0.9957446808510638
  ],
  "reliability_diagram": {
    "bin_edges": [
      0.0,
      0.06666666666666667,
      0.13333333333333333,
      0.2,
      0.26666666666666666,
      0.3333333333333333,
      0.4,
      0.4666666666666667,
      0.5333333333333333,
      0.6,
      0.6666666666666666,
      0.7333333333333333,
      0.8,
      0.8666666666666667,
      0.9333333333333333,
      1.0
    ],
    "bin_accuracy": [
      0.0,
      0.0,
      0.0,
      0.0,
      1.0,
      0.6666666666666666,
      0.45454545454545453,
      0.48484848484848486,
      0.6122448979591837,
      0.5882352941176471,
      0.5492957746478874,
      0.6792452830188679,
      0.7,
      0.9665122907018169,
      0.9629629629629629
    ],
    "bin_confidence": [
      0.0,
      0.0,
      0.0,
      0.0,
      0.3173907399177551,
      0.3753034894665082,
      0.4417351186275482,
      0.4994914202076016,
      0.5651797579259289,
      0.6355765856364194,
      0.702225752279792,
      0.7670190025050685,
      0.8397525909874174,
      0.9123045311179669,
      0.9364747868643867
    ],
    "bin_count": [
      0,
      0,
      0,
      0,
      2,
      12,
      33,
      66,
      49,
      68,
      71,
      106,
      180,
      2807,
      27
    ]
  },
  "confusion_matrix": [
    [
      204,
      9,
      1,
      22,
      5,
      3,
      0,
      0
    ],
    [
      1,
      601,
      0,
      13,
      0,
      4,
      4,
      1
    ],
    [
      6,
      3,
      284,
      13,
      1,
      0,
      3,
      1
    ],
    [
      7,
      24,
      11,
      480,
      7,
      33,
      17,
      0
    ],
    [
      7,
      0,
      4,
      14,
      217,
      1,
      0,
      0
    ],
    [
      10,
      8,
      0,
      54,
      2,
      209,
      1,
      0
    ],
    [
      0,
      11,
      2,
      12,
      0,
      1,
      640,
      0
    ],
    [
      0,
      0,
      2,
      0,
      0,
      0,
      0,
      468
    ]
  ],
  "brier_score": 0.14989792784411188,
  "confidence_histogram": {
    "bin_edges": [
      0.0,
      0.05,
      0.1,
      0.15000000000000002,
      0.2,
      0.25,
      0.30000000000000004,
      0.35000000000000003,
      0.4,
      0.45,
      0.5,
      0.55,
      0.6000000000000001,
      0.65,
      0.7000000000000001,
      0.75,
      0.8,
      0.8500000000000001,
      0.9,
      0.9500000000000001,
      1.0
    ],
    "counts": [
      0,
      0,
      0,
      0,
      0,
      0,
      3,
      11,
      22,
      45,
      45,
      36,
      50,
      49,
      72,
      74,
      113,
      373,
      2528,
      0
    ],
    "density": [
      0.0,
      0.0,
      0.0,
      0.0,
      0.0,
      0.0,
      0.0008769365682548962,
      0.003215434083601286,
      0.006430868167202572,
      0.013154048523823443,
      0.013154048523823443,
      0.010523238819058756,
      0.014615609470914937,
      0.014323297281496639,
      0.02104647763811751,
      0.021631102016954108,
      0.033031277404267756,
      0.10903244665302543,
      0.7389652148494592,
      0.0
    ]
  },
  "entropy_histogram": {
    "bin_edges": [
      0.3120195269584656,
      0.3841461330652237,
      0.4562727391719818,
      0.5283993452787399,
      0.600525951385498,
      0.6726525574922562,
      0.7447791635990142,
      0.8169057697057723,
      0.8890323758125305,
      0.9611589819192886,
      1.0332855880260468,
      1.1054121941328048,
      1.1775388002395628,
      1.249665406346321,
      1.321792012453079,
      1.3939186185598373,
      1.4660452246665954,
      1.5381718307733534,
      1.6102984368801116,
      1.6824250429868697,
      1.754551649093628
    ],
    "counts": [
      45,
      1370,
      1193,
      192,
      94,
      67,
      56,
      46,
      54,
      43,
      49,
      57,
      49,
      33,
      30,
      18,
      16,
      6,
      1,
      2
    ],
    "density": [
      0.013154048523823443,
      0.40046769950306926,
      0.3487284419760304,
      0.056123940368313356,
      0.02747734580532008,
      0.019584916691026015,
      0.01636948260742473,
      0.013446360713241743,
      0.015784858228588133,
      0.012569424144986846,
      0.014323297281496639,
      0.01666179479684303,
      0.014323297281496639,
      0.00964630225080386,
      0.008769365682548963,
      0.005261619409529378,
      0.00467699503069278,
      0.0017538731365097924,
      0.00029231218941829873,
      0.0005846243788365975
    ]
  },
  "logit_magnitude_histogram": {
    "bin_edges": [
      1.3117575645446777,
      1.4800081491470336,
      1.6482587337493897,
      1.8165093183517456,
      1.9847599029541017,
      2.1530104875564575,
      2.3212610721588134,
      2.4895116567611693,
      2.6577622413635256,
      2.826012825965881,
      2.9942634105682373,
      3.162513995170593,
      3.330764579772949,
      3.499015164375305,
      3.667265748977661,
      3.835516333580017,
      4.003766918182373,
      4.172017502784729,
      4.340268087387084,
      4.508518671989441,
      4.676769256591797
    ],
    "counts": [
      1,
      6,
      18,
      32,
      42,
      47,
      54,
      59,
      78,
      70,
      96,
      550,
      1135,
      791,
      356,
      66,
      16,
      3,
      0,
      1
    ],
    "density": [
      0.00029231218941829873,
      0.0017538731365097924,
      0.005261619409529378,
      0.00935399006138556,
      0.012277111955568546,
      0.01373867290266004,
      0.015784858228588133,
      0.017246419175679626,
      0.0228003507746273,
      0.02046185325928091,
      0.028061970184156678,
      0.1607717041800643,
      0.33177433498976905,
      0.23121894182987432,
      0.10406313943291436,
      0.01929260450160772,
      0.00467699503069278,
      0.0008769365682548962,
      0.0,
      0.00029231218941829873
    ]
  },
  "roc_auc_ovr_per_class": [
    0.9833459754278963,
    0.9963416618538177,
    0.9938803362248116,
    0.9701486097386962,
    0.9930204311016843,
    0.9784601777063401,
    0.9948981649526113,
    0.9999927900387175
  ],
  "roc_auc_ovr_macro": 0.988761018380572,
  "roc_auc_ovr_micro": 0.9911096482955936,
  "support_analysis": {
    "support": [
      244,
      624,
      311,
      579,
      243,
      284,
      666,
      470
    ],
    "support_fraction": [
      0.07132417421806489,
      0.1824028061970184,
      0.09090909090909091,
      0.16924875767319497,
      0.0710318620286466,
      0.08301666179479684,
      0.19467991815258695,
      0.1373867290266004
    ],
    "class_accuracy": [
      0.8360655737704918,
      0.9631410256410257,
      0.9131832797427653,
      0.8290155440414507,
      0.8930041152263375,
      0.7359154929577465,
      0.960960960960961,
      0.9957446808510638
    ],