accuracy,f1_macro,ece,brier_score,roc_auc_ovr_macro,roc_auc_ovr_micro
0.907044723764981,0.8969495122018597,0.061376796875805606,0.14989792784411188,0.988761018380572,0.9911096482955936
