{
  "accuracy": 0.9660917860274774,
  "precision_macro": 0.9657394485360886,
  "recall_macro": 0.9605011314200989,
  "f1_macro": 0.9628521198818658,
  "ece": 0.06909068030280986,
  "precision_per_class": [
    0.9737991266375546,
    0.9951845906902087,
    0.9837662337662337,
    0.8954248366013072,
    0.9518072289156626,
    0.9418181818181818,
    0.9862385321100917,
    0.9978768577494692
  ],
  "recall_per_class": [
    0.9139344262295082,
    0.9935897435897436,
    0.9742765273311897,
    0.9464594127806563,
    0.9753086419753086,
    0.9119718309859155,
    0.9684684684684685,
    1.0
  ],
  "f1_per_class": [
    0.9429175475687104,
    0.9943865276663993,
    0.9789983844911146,
    0.9202350965575147,
    0.9634146341463414,
    0.9266547406082289,
    0.9772727272727273,
    0.9989373007438895
  ],
  "accuracy_per_class": [
    0.9139344262295082,
    0.9935897435897436,
    0.9742765273311897,
    0.9464594127806563,
    0.9753086419753086,
    0.9119718309859155,
    0.9684684684684685,
    1.0
  ],
  "reliability_diagram": {
    "bin_edges": [
      0.0,
      0.06666666666666667,
      0.13333333333333333,
      0.2,
      0.26666666666666666,
      0.3333333333333333,
      0.4,
      0.4666666666666667,
      0.5333333333333333,
      0.6,
      0.6666666666666666,
      0.7333333333333333,
      0.8,
      0.8666666666666667,
      0.9333333333333333,
      1.0
    ],
    "bin_accuracy": [
      0.0,
      0.0,
      0.0,
      0.0,
      0.0,
      0.5,
      0.6363636363636364,
      0.5625,
      0.6428571428571429,
      0.56,
      0.76,
      0.8,
      0.7865168539325843,
      0.9827963715983735,
      1.0
    ],
    "bin_confidence": [
      0.0,
      0.0,
      0.0,
      0.0,
      0.30748945474624634,
      0.3648603856563568,
      0.44536142999475653,
      0.5000477973371744,
      0.5589394186224256,
      0.6344034624099731,
      0.6976263403892518,
      0.7722335716088613,
      0.836061387249593,
      0.9133846820202476,
      0.9372204422950745
    ],
    "bin_count": [
      0,
      0,
      0,
      0,
      2,
      2,
      11,
      16,
      14,
      25,
      25,
      30,
      89,
      3197,
      10
    ]
  },
  "confusion_matrix": [
    [
      223,
      0,
      0,
      17,
      1,
      3,
      0,
      0
    ],
    [
      1,
      620,
      0,
      1,
      1,
      0,
      1,
      0
    ],
    [
      1,
      1,
      303,
      4,
      0,
      0,
      1,
      1
    ],
    [
      4,
      1,
      2,
      548,
      4,
      13,
      7,
      0
    ],
    [
      0,
      0,
      3,
      3,
      237,
      0,
      0,
      0
    ],
    [
      0,
      0,
      0,
      19,
      6,
      259,
      0,
      0
    ],
    [
      0,
      1,
      0,
      20,
      0,
      0,
      645,
      0
    ],
    [
      0,
      0,
      0,
      0,
      0,
      0,
      0,
      470
    ]
  ],
  "brier_score": 0.06379946693185876,
  "confidence_histogram": {
    "bin_edges": [
      0.0,
      0.05,
      0.1,
      0.15000000000000002,
      0.2,
      0.25,
      0.30000000000000004,
      0.35000000000000003,
      0.4,
      0.45,
      0.5,
      0.55,
      0.6000000000000001,
      0.65,
      0.7000000000000001,
      0.75,
      0.8,
      0.8500000000000001,
      0.9,
      0.9500000000000001,
      1.0
    ],
    "counts": [
      0,
      0,
      0,
      0,
      0,
      0,
      2,
      2,
      6,
      15,
      12,
      8,
      17,
      24,
      15,
      24,
      56,
      264,
      2976,
      0
    ],
    "density": [
      0.0,
      0.0,
      0.0,
      0.0,
      0.0,
      0.0,
      0.0005846243788365975,
      0.0005846243788365975,
      0.0017538731365097924,
      0.0043846828412744815,
      0.0035077462730195848,
      0.00233849751534639,
      0.004969307220111079,
      0.0070154925460391695,
      0.0043846828412744815,
      0.0070154925460391695,
      0.01636948260742473,
      0.07717041800643087,
      0.869921075708857,
      0.0
    ]
  },
  "entropy_histogram": {
    "bin_edges": [
      0.3344299793243408,
      0.406851327419281,
      0.4792726755142212,
      0.5516940236091614,
      0.6241153717041016,
      0.6965367197990417,
      0.768958067893982,
      0.8413794159889222,
      0.9138007640838623,
      0.9862221121788025,
      1.0586434602737427,
      1.131064808368683,
      1.2034861564636232,
      1.2759075045585633,
      1.3483288526535036,
      1.4207502007484436,
      1.4931715488433839,
      1.5655928969383242,
      1.6380142450332642,
      1.7104355931282045,
      1.7828569412231445
    ],
    "counts": [
      107,
      2233,
      776,
      90,
      37,
      29,
      27,
      20,
      15,
      13,
      20,
      11,
      19,
      8,
      5,
      1,
      3,
      4,
      1,
      2
    ],
    "density": [
      0.03127740426775796,
      0.6527331189710611,
      0.22683425898859982,
      0.026308097047646885,
      0.010815551008477054,
      0.008477053493130663,
      0.007892429114294067,
      0.005846243788365975,
      0.0043846828412744815,
      0.003800058462437884,
      0.005846243788365975,
      0.003215434083601286,
      0.005553931598947676,
      0.00233849751534639,
      0.0014615609470914938,
      0.00029231218941829873,
      0.0008769365682548962,
      0.001169248757673195,
      0.00029231218941829873,
      0.0005846243788365975
    ]
  },
  "logit_magnitude_histogram": {
    "bin_edges": [
      1.5492373704910278,
      1.6709331333637238,
      1.7926288962364196,
      1.9143246591091156,
      2.0360204219818114,
      2.1577161848545074,
      2.2794119477272035,
      2.4011077105998995,
      2.522803473472595,
      2.6444992363452915,
      2.766194999217987,
      2.887890762090683,
      3.009586524963379,
      3.1312822878360747,
      3.252978050708771,
      3.3746738135814667,
      3.4963695764541627,
      3.6180653393268587,
      3.7397611021995547,
      3.8614568650722503,
      3.9831526279449463
    ],
    "counts": [
      5,
      5,
      14,
      20,
      32,
      19,
      30,
      22,
      30,
      47,
      49,
      226,
      632,
      996,
      446,
      520,
      271,
      41,
      11,
      5
    ],
    "density": [
      0.0014615609470914938,
      0.0014615609470914938,
      0.0040923706518561824,
      0.005846243788365975,
      0.00935399006138556,
      0.005553931598947676,
      0.008769365682548963,
      0.006430868167202572,
      0.008769365682548963,
      0.01373867290266004,
      0.014323297281496639,
      0.06606255480853551,
      0.1847413037123648,
      0.29114294066062557,
      0.13037123648056123,
      0.15200233849751535,
      0.07921660333235896,
      0.011984799766150248,
      0.003215434083601286,
      0.0014615609470914938
    ]
  },
  "roc_auc_ovr_per_class": [
    0.9962821921907976,
    0.999651641410669,
    0.9985732157442542,
    0.988499973868411,
    0.9949524379284536,
    0.9924425417663777,
    0.9925617087141588,
    1.0
  ],
  "roc_auc_ovr_macro": 0.9953704639528902,
  "roc_auc_ovr_micro": 0.9955061105356566,
  "support_analysis": {
    "support": [
      244,
      624,
      311,
      579,
      243,
      284,
      666,
      470
    ],
    "support_fraction": [
      0.07132417421806489,
      0.1824028061970184,
      0.09090909090909091,
      0.16924875767319497,
      0.0710318620286466,
      0.08301666179479684,
      0.19467991815258695,
      0.1373867290266004
    ],
    "class_accuracy": [
      0.9139344262295082,
      0.9935897435897436,
      0.9742765273311897,
      0.9464594127806563,
      0.9753086419753086,
      0.9119718309859155,
      0.9684684684684685,
      1.0
    ],
    "weighted_impact": [
      0.06518561824028062,
      0.18123355743934522,
      0.08857059339374453,
      0.1601870798012277,
      0.06927798889213681,
      0.07570885705933937,
      0.18854136217480266,
      0.1373867290266004
    ]
  },