{
  "train_loss": [
    0.8839477837175445,
    0.6934447817268888,
    0.6623873006820997,
    0.6318626506987733,
    0.611635178232855,
    0.5972372206741999,
    0.5881073655522294,
    0.5730384860594628,
    0.5608103432908946,
    0.550225105547231,
    0.549591552654942,
    0.5344111158868146,
    0.5289991928853605,
    0.5150668605511594,
    0.5192540477880927,
    0.5088249377571115,
    0.49837511242542565,
    0.5110493385636262,
    0.49746466851848525,
    0.5004226041191058,
    0.48696160308492087,
    0.4960144463241808,
    0.49036713188000397,
    0.4808598341980114,
    0.4825892767483105,
    0.47829258084536436,
    0.47509238080528593,
    0.473802598090171,
    0.47471044991283157,
    0.47372295938121933,
    0.4697268616297828,
    0.4715726232425009,
    0.4733150360037559,
    0.4709559247573097,
    0.4697143259375844,
    0.46899598323495356,
    0.46880784532082365,
    0.46867511624435776
  ],
  "val_loss": [
    0.9290484858450488,
    1.3881816908577893,
    0.8178539432097818,
    0.7843915636294356,
    0.6642361478270772,
    0.6198213568357663,
    0.6986107809521328,
    0.7209648785190047,
    0.6218116996444274,
    0.6774767135905329,
    0.6523700518028759,
    0.6690790519536098,
    0.6279467121462956,
    0.6036976988070479,
    0.6353162699770705,
    0.6328305947446378,
    0.6114662751973232,
    0.6519028772817594,
    0.6534957222849409,
    0.5666959436140327,
    0.6185369575135061,
    0.5931692357375243,
    0.5792118249652541,
    0.5858552255363108,
    0.5703627912797661,
    0.571448400755909,
    0.575107568892363,
    0.5634667093508712,
    0.5751857311926155,
    0.5825045164500442,
    0.5531540295788061,
    0.5650668834971491,
    0.5867255747875321,
    0.588508211006628,
    0.5696494880123674,
    0.5647502669664187,
    0.5605788141767555,
    0.5575835988900372
  ],
  "train_acc": [
    0.8208730556949323,
    0.9008195350393042,
    0.9177119919719017,
    0.9319284161230975,
    0.942130791102191,
    0.946312092323131,
    0.9499916373975581,
    0.9568489713998997,
    0.9637063054022412,
    0.9660478340859675,
    0.9673858504766684,
    0.9734069242348219,
    0.9742431844790098,
    0.981267770530189,
    0.9785917377487874,
    0.985449071751129,
    0.9887941127278809,
    0.9826057869208897,
    0.9891286168255561,
    0.9881251045325306,
    0.9934771700953337,
    0.9897976250209065,
    0.9918046496069577,
    0.9961532028767353,
    0.9951496905837096,
    0.9966549590232481,
    0.9978257233651112,
    0.998327479511624,
    0.9979929754139488,
    0.9986619836092993,
    0.9996654959023248,
    0.9989964877069744,
    0.997491219267436,
    0.9996654959023248,
    0.9998327479511624,
    0.9998327479511624,
    0.9998327479511624,
    1.0
  ],
  "val_acc": [
    0.8072429906542056,
    0.7073598130841121,
    0.8539719626168224,
    0.8492990654205608,
    0.9117990654205608,
    0.9363317757009346,
    0.8995327102803738,
    0.8919392523364486,
    0.9351635514018691,
    0.915303738317757,
    0.9147196261682243,
    0.9158878504672897,
    0.9328271028037384,
    0.9450934579439252,
    0.9264018691588785,
    0.9310747663551402,
    0.9421728971962616,
    0.9176401869158879,
    0.9252336448598131,
    0.9503504672897196,
    0.9398364485981309,
    0.9462616822429907,
    0.9538551401869159,
    0.951518691588785,
    0.9561915887850467,
    0.9567757009345794,
    0.9497663551401869,
    0.9602803738317757,
    0.9561915887850467,
    0.9544392523364486,
    0.9620327102803738,
    0.9579439252336449,
    0.9521028037383178,
    0.9526869158878505,
    0.9579439252336449,
    0.9626168224299065,
    0.9643691588785047,
    0.9649532710280374
  ],
  "train_grad_norm": [
    0.9999997189389387,
    0.9986198799673632,
    0.9975074590126571,
    0.9904974570603968,
    0.9731700954371137,
    0.981062022640169,
    0.9637790364512736,
    0.9472883824595775,
    0.9135848277266584,
    0.8862262915227868,
    0.8834495806539341,
    0.8556135823845673,
    0.8399661291394861,
    0.7462310935022588,
    0.742623203055573,
    0.6644003795053458,
    0.6258893415469378,
    0.7331211764680403,
    0.6453116449425107,
    0.6170628642577398,
    0.508474392868585,
    0.6393253236343744,
    0.5502974863130702,
    0.3796163578629121,
    0.43792619418946443,
    0.3422615541990272,
    0.2618635767294166,
    0.2161131879281401,
    0.2829723077900049,
    0.21406880096569364,
    0.11046946025759986,
    0.17957299907880614,
    0.23539372982120263,
    0.16995048758856066,
    0.12896119469556708,
    0.093061793511995,
    0.09176952227532292,
    0.0881067600285872
  ],
  "val_ece": [
    0.03421845929436042,
    0.13471262217890995,
    0.05297021841125513,
    0.07453938281146165,
    0.04909534463397811,
    0.08068243003337179,
    0.04696095773132049,
    0.05291735248587956,
    0.08789067261060267,
    0.06947563936777203,
    0.07678030955248345,
    0.05937137176221775,
    0.07096935321237438,
    0.07312316423125356,
    0.07135925747488986,
    0.0588125502081396,
    0.06432657824637729,
    0.05756623778387765,
    0.055945483706543356,
    0.0814530862164553,
    0.07269878194571658,
    0.06750681275658524,
    0.07653067687474115,
    0.07392331447765649,
    0.07598297613037527,
    0.07485238730768178,
    0.0728705404065201,
    0.08094781839123392,
    0.07587907003743626,
    0.06901712583325735,
    0.07570400456332156,
    0.07513703350151808,
    0.07379098422825335,
    0.07094329745273732,
    0.07120412824866926,
    0.07961249193089592,
    0.07863294695303816,
    0.07614086855585893
  ],
  "val_brier": [
    0.28055752877428247,
    0.4572928441493016,
    0.22594777769845156,
    0.2106716740051448,
    0.1301126930535666,
    0.10480339021870697,
    0.15396348687154698,
    0.17009381881711227,
    0.10896077063228789,
    0.13895726358181062,
    0.12962200728313641,
    0.13199838345940232,
    0.10416253845801908,
    0.09466305030088971,
    0.1157453991592736,
    0.11185765746411663,
    0.09550481010058966,
    0.12303408386001616,
    0.12016291362690786,
    0.07589108129712735,
    0.09857861102786325,
    0.08633273727390475,
    0.07793500061152468,
    0.0840299327867769,
    0.07544644018442177,
    0.07325896537445778,
    0.07832488217411468,
    0.06698109660734071,
    0.0774236564812399,
    0.07822925757996595,
    0.06208324089913383,
    0.06919252254354143,
    0.07995968501340843,
    0.08151637440407711,
    0.07085946526599891,
    0.06764258676783044,
    0.0654719024411,
    0.0639743275031347
  ],
  "val_f1_macro": [
    0.7572050060950122,
    0.6051124882509635,
    0.8371801547159565,
    0.8464711642453826,
    0.8935761866725642,
    0.9255545370199074,
    0.8712991618556025,
    0.8616242529732054,
    0.9349501308732603,
    0.9039527891630438,
    0.9023287504683851,
    0.9005673733975894,
    0.9255480886209106,
    0.9383552678350651,
    0.9182244313548149,
    0.9189077271419634,
    0.9320342448950003,
    0.9078632028814433,
    0.9136790581393922,
    0.9452734804813487,
    0.9335040257176594,
    0.9399681165829529,
    0.9489905649481064,
    0.9458745856003289,
    0.9523560399048727,
    0.9543037815773737,
    0.9476015430746296,
    0.95717531431182,
    0.9520636148039077,
    0.9510323979626807,
    0.9599656382160283,
    0.9557952815696726,
    0.9488007545196051,
    0.950354284921747,
    0.9560434869279519,
    0.9595975556777027,
    0.9614025559305613,
    0.9623516439114823
  ],
  "best_epoch": 31,
  "best_val_loss": 0.5531540295788061
}