accuracy,f1_macro,ece,brier_score,roc_auc_ovr_macro,roc_auc_ovr_micro
0.9660917860274774,0.9628521198818658,0.06909068030280986,0.06379946693185876,0.9953704639528902,0.9955061105356566
