{
  "accuracy": 0.9146448406898567,
  "precision_macro": 0.9254136321894584,
  "recall_macro": 0.8981730575510392,
  "f1_macro": 0.9089490724645481,
  "ece": 0.04904040518262801,
  "precision_per_class": [
    0.9402985074626866,
    0.9795221843003413,
    0.9663299663299664,
    0.7359781121751026,
    0.9484978540772532,
    0.8587786259541985,
    0.9781591263650546,
    0.9957446808510638
  ],
  "recall_per_class": [
    0.7745901639344263,
    0.9198717948717948,
    0.9228295819935691,
    0.9291882556131261,
    0.9094650205761317,
    0.7922535211267606,
    0.9414414414414415,
    0.9957446808510638
  ],
  "f1_per_class": [
    0.849438202247191,
    0.9487603305785124,
    0.944078947368421,
    0.8213740458015267,
    0.9285714285714286,
    0.8241758241758241,
    0.9594491201224178,
    0.9957446808510638
  ],
  "accuracy_per_class": [
    0.7745901639344263,
    0.9198717948717948,
    0.9228295819935691,
    0.9291882556131261,
    0.9094650205761317,
    0.7922535211267606,
    0.9414414414414415,
    0.9957446808510638
  ],
  "reliability_diagram": {
    "bin_edges": [
      0.0,
      0.06666666666666667,
      0.13333333333333333,
      0.2,
      0.26666666666666666,
      0.3333333333333333,
      0.4,
      0.4666666666666667,
      0.5333333333333333,
      0.6,
      0.6666666666666666,
      0.7333333333333333,
      0.8,
      0.8666666666666667,
      0.9333333333333333,
      1.0
    ],
    "bin_accuracy": [
      0.0,
      0.0,
      0.0,
      0.0,
      0.6666666666666666,
      0.5555555555555556,
      0.5172413793103449,
      0.6551724137931034,
      0.5740740740740741,
      0.6086956521739131,
      0.6428571428571429,
      0.72,
      0.8401826484018264,
      0.9645590012082159,
      0.9640287769784173
    ],
    "bin_confidence": [
      0.0,
      0.0,
      0.0,
      0.2588401138782501,
      0.29873721798261005,
      0.37327702674600816,
      0.4363922065701978,
      0.4973042545647457,
      0.565542631679111,
      0.6334159495174021,
      0.7016364761761257,
      0.7701978921890259,
      0.84063315037723,
      0.9115074253399142,
      0.9409414274658231
    ],
    "bin_count": [
      0,
      0,
      0,
      1,
      3,
      18,
      29,
      58,
      54,
      69,
      84,
      125,
      219,
      2483,
      278
    ]
  },
  "confusion_matrix": [
    [
      189,
      1,
      2,
      37,
      4,
      9,
      2,
      0
    ],
    [
      1,
      574,
      0,
      40,
      0,
      3,
      5,
      1
    ],
    [
      2,
      1,
      287,
      19,
      0,
      0,
      1,
      1
    ],
    [
      3,
      2,
      2,
      538,
      6,
      23,
      5,
      0
    ],
    [
      1,
      0,
      4,
      15,
      221,
      2,
      0,
      0
    ],
    [
      5,
      2,
      0,
      49,
      2,
      225,
      1,
      0
    ],
    [
      0,
      6,
      0,
      33,
      0,
      0,
      627,
      0
    ],
    [
      0,
      0,
      2,
      0,
      0,
      0,
      0,
      468
    ]
  ],
  "brier_score": 0.14121458100387588,
  "confidence_histogram": {
    "bin_edges": [
      0.0,
      0.05,
      0.1,
      0.15000000000000002,
      0.2,
      0.25,
      0.30000000000000004,
      0.35000000000000003,
      0.4,
      0.45,
      0.5,
      0.55,
      0.6000000000000001,
      0.65,
      0.7000000000000001,
      0.75,
      0.8,
      0.8500000000000001,
      0.9,
      0.9500000000000001,
      1.0
    ],
    "counts": [
      0,
      0,
      0,
      0,
      0,
      3,
      5,
      14,
      20,
      42,
      41,
      38,
      51,
      57,
      68,
      102,
      131,
      554,
      2273,
      22
    ],
    "density": [
      0.0,
      0.0,
      0.0,
      0.0,
      0.0,
      0.0008769365682548962,
      0.0014615609470914938,
      0.0040923706518561824,
      0.005846243788365975,
      0.012277111955568546,
      0.011984799766150248,
      0.011107863197895352,
      0.014907921660333235,
      0.01666179479684303,
      0.019877228880444315,
      0.02981584332066647,
      0.038292896813797134,
      0.1619409529377375,
      0.664425606547793,
      0.006430868167202572
    ]
  },
  "entropy_histogram": {
    "bin_edges": [
      0.22040830552577972,
      0.29828033223748207,
      0.3761523589491844,
      0.45402438566088676,
      0.5318964123725891,
      0.6097684390842915,
      0.6876404657959938,
      0.7655124925076962,
      0.8433845192193985,
      0.9212565459311008,
      0.9991285726428032,
      1.0770005993545055,
      1.1548726260662079,
      1.2327446527779102,
      1.3106166794896126,
      1.388488706201315,
      1.4663607329130173,
      1.5442327596247196,
      1.622104786336422,
      1.6999768130481243,
      1.7778488397598267
    ],
    "counts": [
      32,
      284,
      1214,
      918,
      295,
      146,
      76,
      72,
      74,
      76,
      67,
      42,
      33,
      27,
      27,
      18,
      9,
      7,
      3,
      1
    ],
    "density": [
      0.00935399006138556,
      0.08301666179479684,
      0.35486699795381466,
      0.26834258988599824,
      0.08623209587839813,
      0.042677579655071615,
      0.022215726395790704,
      0.02104647763811751,
      0.021631102016954108,
      0.022215726395790704,
      0.019584916691026015,
      0.012277111955568546,
      0.00964630225080386,
      0.007892429114294067,
      0.007892429114294067,
      0.005261619409529378,
      0.002630809704764689,
      0.0020461853259280912,
      0.0008769365682548962,
      0.00029231218941829873
    ]
  },
  "logit_magnitude_histogram": {
    "bin_edges": [
      1.6505063772201538,
      1.786481100320816,
      1.9224558234214784,
      2.0584305465221404,
      2.194405269622803,
      2.330379992723465,
      2.466354715824127,
      2.602329438924789,
      2.7383041620254516,
      2.874278885126114,
      3.010253608226776,
      3.146228331327438,
      3.2822030544281002,
      3.4181777775287627,
      3.554152500629425,
      3.6901272237300873,
      3.8261019468307493,
      3.9620766699314114,
      4.098051393032074,
      4.2340261161327355,
      4.370000839233398
    ],
    "counts": [
      8,
      16,
      41,
      43,
      68,
      73,
      72,
      77,
      81,
      104,
      258,
      618,
      444,
      356,
      625,
      327,
      131,
      54,
      16,
      9
    ],
    "density": [
      0.00233849751534639,
      0.00467699503069278,
      0.011984799766150248,
      0.012569424144986846,
      0.019877228880444315,
      0.021338789827535808,
      0.02104647763811751,
      0.022508038585209004,
      0.023677287342882197,
      0.03040046769950307,
      0.07541654486992108,
      0.1806489330605086,
      0.12978661210172465,
      0.10406313943291436,
      0.1826951183864367,
      0.09558608593978368,
      0.038292896813797134,
      0.015784858228588133,
      0.00467699503069278,
      0.002630809704764689
    ]
  },
  "roc_auc_ovr_per_class": [
    0.9795946273678128,
    0.9951401684955492,
    0.9875166716638578,
    0.967675224458195,
    0.9969932172575344,
    0.9832507958173009,
    0.9947417471918379,
    0.99997116015487
  ],
  "roc_auc_ovr_macro": 0.9881104515508697,
  "roc_auc_ovr_micro": 0.9900849016341466,
  "support_analysis": {
    "support": [
      244,
      624,
      311,
      579,
      243,
      284,
      666,
      470
    ],
    "support_fraction": [
      0.07132417421806489,
      0.1824028061970184,
      0.09090909090909091,
      0.16924875767319497,
      0.0710318620286466,
      0.08301666179479684,
      0.19467991815258695,
      0.1373867290266004
    ],
    "class_accuracy": [
      0.7745901639344263,
      0.9198717948717948,
      0.9228295819935691,
      0.9291882556131261,
      0.9094650205761317,
      0.7922535211267606,
      0.9414414414414415,
      0.9957446808510638
    ],