accuracy,f1_macro,ece,brier_score,roc_auc_ovr_macro,roc_auc_ovr_micro
0.9146448406898567,0.9089490724645481,0.04904040518262801,0.14121458100387588,0.9881104515508697,0.9900849016341466
