{
  "train_loss": [
    0.9789273547057544,
    0.7683362910172915,
    0.7276607353983565,
    0.6838052970626558,
    0.6566614212549576,
    0.6366212163946066,
    0.6125975422564907,
    0.6018056627559231,
    0.5795297801325126,
    0.5569482469243695,
    0.5625568292056823,
    0.5312901921526687,
    0.5312428894918646,
    0.5274930452947574,
    0.5161809862846315,
    0.5118335936106972,
    0.5054425437138579,
    0.5055652452484184,
    0.5031050883581216,
    0.48868091634971117,
    0.49311507783978453,
    0.4907640858744474
  ],
  "val_loss": [
    1.277607234838967,
    0.9792926645724573,
    0.9260548809978449,
    0.7307595014572144,
    0.9706240881269224,
    0.8384145982911654,
    0.7909300015351483,
    0.8630507126032749,
    0.7965687134555567,
    0.7269144113932815,
    0.7028198141918004,
    0.6972344389585691,
    0.9567435890714698,
    0.6989759852953046,
    0.6668781844254966,
    0.6562679772065064,
    0.6665613851814627,
    0.6631641855863767,
    0.6702205917545568,
    0.6971441841571131,
    0.7455324224222486,
    0.6569549240798593
  ],
  "train_acc": [
    0.77019568489714,
    0.8631878240508446,
    0.8845960863020572,
    0.9063388526509449,
    0.91921726041144,
    0.930088643585884,
    0.9394547583207894,
    0.947148352567319,
    0.9590232480347884,
    0.9660478340859675,
    0.96169928081619,
    0.9757484529185483,
    0.9767519652115738,
    0.9789262418464626,
    0.982940291018565,
    0.9836092992139154,
    0.9881251045325306,
    0.9872888442883425,
    0.9874560963371801,
    0.9943134303395217,
    0.9918046496069577,
    0.9916373975581201
  ],
  "val_acc": [
    0.6641355140186916,
    0.7815420560747663,
    0.8072429906542056,
    0.8896028037383178,
    0.794392523364486,
    0.8241822429906542,
    0.8685747663551402,
    0.8405373831775701,
    0.8574766355140186,
    0.8960280373831776,
    0.897196261682243,
    0.897196261682243,
    0.8212616822429907,
    0.8995327102803738,
    0.9170560747663551,
    0.9176401869158879,
    0.9147196261682243,
    0.9129672897196262,
    0.9088785046728972,
    0.9001168224299065,
    0.8884345794392523,
    0.9164719626168224
  ],
  "train_grad_norm": [
    0.9999997092661417,
    0.9999995571345927,
    0.9999995185878223,
    0.9985818885355237,
    0.996350637057278,
    0.9878747380364626,
    0.968782430119308,
    0.968804569512479,
    0.9383402929565308,
    0.8954576743284421,
    0.9257784729023663,
    0.793274262223519,
    0.8116653859095936,
    0.7670958784879469,
    0.7254159713794265,
    0.6766000744488391,
    0.6776545475898696,
    0.6692416448889283,
    0.6590359282938627,
    0.4722776883799526,
    0.5370351976196599,
    0.534211329375962
  ],
  "val_ece": [
    0.11820797062539885,
    0.04457847686989286,
    0.044402513670447855,
    0.05395470643154926,
    0.035185840807715835,
    0.04562265420698121,
    0.050877928733825656,
    0.039212995200095906,
    0.04410250354384151,
    0.046079748667010624,
    0.06635565250659382,
    0.061547290916754774,
    0.04398242166596592,
    0.05130778785760161,
    0.05474134793975087,
    0.06897417203497112,
    0.06488691730790323,
    0.059363990343201924,
    0.06374299432211944,
    0.0561786134353029,
    0.056002505663260115,
    0.07224476292172327
  ],
  "val_brier": [
    0.46208172648398793,
    0.31400439125258983,
    0.2799627091391759,
    0.1641512682323265,
    0.2974327747977734,
    0.2505591576048635,
    0.2004518478520374,
    0.2429340840229555,
    0.2134153132892183,
    0.16237444072029678,
    0.1546018960366995,
    0.15324674496100585,
    0.2695377596166518,
    0.14977108731976274,
    0.13306367925428042,
    0.12938369821493143,
    0.13348511640116992,
    0.12916933250810597,
    0.13518229169690343,
    0.1501915746127736,
    0.17206116848801567,
    0.12773891428080508
  ],
  "val_f1_macro": [
    0.6270823195957351,
    0.7299488646763455,
    0.782339623647957,
    0.8721356249607389,
    0.7609702261894944,
    0.8352622021073505,
    0.8210946330760662,
    0.8284963680363682,
    0.8551774443752903,
    0.8876510247698777,
    0.8851312702004109,
    0.8851862378086888,
    0.7701361458063251,
    0.8916186189750841,
    0.9152852984312403,
    0.915087660961813,
    0.9059754915806022,
    0.9043217902160476,
    0.9032990409759993,
    0.8941103261638259,
    0.8774107014193733,
    0.9081848581506715
  ],
  "best_epoch": 15,
  "best_val_loss": 0.6668781844254966
}