{
  "train_loss": [
    0.7889249563685666,
    0.6614448758449151,
    0.6300119057139462,
    0.6062463566614779,
    0.5889695165089335,
    0.5711736938349129,
    0.5655321672674665,
    0.5498869956282332,
    0.5454228722049357,
    0.5347152910550329,
    0.5306530417093356,
    0.5246629199860875,
    0.5211160217093848,
    0.5129465393143281,
    0.5148576863364877,
    0.4991790853532344,
    0.5046522095805677,
    0.497636507843657,
    0.49447688796028005,
    0.49196043479242235,
    0.4911047879125833,
    0.48352666915295384,
    0.4853624546594649,
    0.48117180275412663,
    0.4819425837816587,
    0.47967053034630736,
    0.47871677546220454,
    0.4749471751410922,
    0.47568531038968676,
    0.47375745531437896,
    0.4756354763113303,
    0.4722423964454255,
    0.4727565054461274,
    0.4713755134022428,
    0.4702041985393717,
    0.46895258369249626,
    0.4693214360019297,
    0.4691077633260514,
    0.4685543083842557,
    0.46848859958888317,
    0.46812534350467294,
    0.4679995607558237,
    0.46792965192630925
  ],
  "val_loss": [
    0.7621235958883695,
    0.9061978877147782,
    0.819490961939375,
    0.6408194615462116,
    0.6881203038670193,
    0.5875462594433366,
    0.6946897395303316,
    0.6762073056720127,
    0.6039766741690235,
    0.5728120709134039,
    0.6175544857978821,
    0.7164181002946658,
    0.6007527296788224,
    0.5624368664260223,
    0.5782546167061707,
    0.5736615256728413,
    0.58694284820111,
    0.5745369184797056,
    0.555596331569636,
    0.5876365164730036,
    0.5814616635581044,
    0.5559370267056973,
    0.5513602545328229,
    0.5547034812864856,
    0.5758908352005148,
    0.5376276702524345,
    0.5581199510075222,
    0.5532501991664138,
    0.5471221336694522,
    0.5602383156803167,
    0.5414409609598534,
    0.5382908137045174,
    0.5462384207226406,
    0.5436341004950977,
    0.5350203257854854,
    0.5304420278451153,
    0.5338168489598782,
    0.5311823877218728,
    0.5276237614800997,
    0.5301483435051464,
    0.5267327979346302,
    0.5270555286763985,
    0.532701997556419
  ],
  "train_acc": [
    0.8572623129024166,
    0.9157120160548541,
    0.931516013044569,
    0.941215820720796,
    0.9480725813195083,
    0.9591102935028012,
    0.9598628647880257,
    0.9658834350698219,
    0.969311815369178,
    0.9724893385734593,
    0.9729074337319173,
    0.9772556233798813,
    0.9790116230454051,
    0.9828580985032194,
    0.9797641943306297,
    0.9882097165314826,
    0.9854502884856593,
    0.9882933355631742,
    0.9899657161970065,
    0.9900493352286981,
    0.9913036207040723,
    0.9944811439083535,
    0.9938958106865122,
    0.9955681913203445,
    0.9953173342252697,
    0.9957354293837277,
    0.9964880006689523,
    0.99740781001756,
    0.9973241909858683,
    0.9980767622710929,
    0.9969897148591019,
    0.9986620954929342,
    0.9988293335563174,
    0.9988293335563174,
    0.9993310477464671,
    0.9998327619366167,
    0.9994982858098503,
    0.999581904841542,
    0.9996655238732336,
    0.9998327619366167,
    0.9999163809683084,
    1.0,
    1.0
  ],
  "val_acc": [
    0.8767523364485982,
    0.8276869158878505,
    0.8674065420560748,
    0.9164719626168224,
    0.9106308411214953,
    0.9497663551401869,
    0.905373831775701,
    0.9117990654205608,
    0.9410046728971962,
    0.951518691588785,
    0.9345794392523364,
    0.8960280373831776,
    0.9392523364485982,
    0.9602803738317757,
    0.9544392523364486,
    0.951518691588785,
    0.9450934579439252,
    0.9550233644859814,
    0.9637850467289719,
    0.9503504672897196,
    0.9544392523364486,
    0.9637850467289719,
    0.9626168224299065,
    0.9637850467289719,
    0.9567757009345794,
    0.9713785046728972,
    0.9655373831775701,
    0.9690420560747663,
    0.9690420560747663,
    0.9643691588785047,
    0.969626168224299,
    0.9719626168224299,
    0.9684579439252337,
    0.9713785046728972,
    0.9754672897196262,
    0.9754672897196262,
    0.9731308411214953,
    0.9742990654205608,
    0.9766355140186916,
    0.9783878504672897,
    0.9748831775700935,
    0.9760514018691588,
    0.9754672897196262
  ],
  "train_grad_norm": [
    0.9999995892980544,
    0.9999994282002577,
    0.9826608396196062,
    0.9705365708519282,
    0.9489572540906064,
    0.9025321714483513,
    0.8761028387780792,
    0.8257024391625799,
    0.8199697963525944,
    0.7855769750762879,
    0.7748856142855323,
    0.7282877010474983,
    0.7241730786204368,
    0.6866692198511449,
    0.6895617992840288,
    0.612755310029066,
    0.6764413801591312,
    0.6126124956372513,
    0.5866188756899363,
    0.5868712264284504,
    0.5318352744653665,
    0.449725248312157,
    0.5009044207466675,
    0.45104661673130847,
    0.45676821263166467,
    0.41552399841453136,
    0.40243396995160735,
    0.31976861943826257,
    0.29764174331902127,
    0.2655292708571383,
    0.3438712115816854,
    0.22693434726877038,
    0.22733760877474468,
    0.19221195187714474,
    0.15844587648843783,
    0.0846568879265552,
    0.10751117141480804,
    0.07706937605478441,
    0.06078578082446943,
    0.06887464348125186,
    0.046832621887963534,
    0.03807674537209661,
    0.044827120076263195
  ],
  "val_ece": [
    0.06087586097419261,
    0.030675076627146428,
    0.05352897637427967,
    0.06781774896815007,
    0.061934894699359616,
    0.06990601756026815,
    0.05494593318865118,
    0.06560893214055312,
    0.07903765152408697,
    0.08021464096121139,
    0.0787024533759072,
    0.059546401045311254,
    0.0683332857649739,
    0.08013025434496243,
    0.07496983256782883,
    0.07706534169683948,
    0.07555534587041514,
    0.07724233389457806,
    0.07864096480482642,
    0.07004905864596363,
    0.06861519338301965,
    0.07376035811188064,
    0.07326387504342,
    0.07333268207785118,
    0.07510379381547465,
    0.07993957990449725,
    0.07202182099153502,
    0.07571971959599824,
    0.08005649406706612,
    0.06945200570832898,
    0.07937997854619383,
    0.07766174961090369,
    0.0786336269925966,
    0.07671304407451197,
    0.0770130098806085,
    0.07436402535466395,
    0.07694371633022754,
    0.07694926457566643,
    0.08316137941084173,
    0.07773751598373758,
    0.07916559263297882,
    0.07796573517060726,
    0.08261950063371216
  ],
  "val_brier": [
    0.18865260982743734,
    0.26545432400858876,
    0.2108956486612618,
    0.12506061285251738,
    0.14620038609460534,
    0.08131061991394406,
    0.14990327567338194,
    0.13776703087232364,
    0.09788063676027159,
    0.07738695250414145,
    0.10195745133001924,
    0.16112958403723282,
    0.09437098713891813,
    0.07018371649540067,
    0.08124513002755678,
    0.07746254517044626,
    0.08740126734022564,
    0.07527291617453832,
    0.06537106374103115,
    0.08367246705250404,
    0.07968268710937025,
    0.06402453172211624,
    0.06332272051961639,
    0.06186792658564444,
    0.07654851169927604,
    0.053255337356129875,
    0.06092988611317691,
    0.06047643846911165,
    0.056543033507868795,
    0.06468763699714628,
    0.05537648393923535,
    0.05213960614614659,
    0.05672728726829923,
    0.0544038888058112,
    0.04824082673275515,
    0.046372930967226375,
    0.049486265318334416,
    0.046651999793719,
    0.04573522258453686,
    0.045420288634430164,
    0.04502295949902069,
    0.0447373672291266,
    0.04734606586192769
  ],