{
  "accuracy": 0.9713534054370068,
  "precision_macro": 0.9694234305260223,
  "recall_macro": 0.9698925890514944,
  "f1_macro": 0.9696254413963722,
  "ece": 0.07551179954755458,
  "precision_per_class": [
    0.9591836734693877,
    0.9967948717948718,
    0.9869706840390879,
    0.9406631762652705,
    0.9558232931726908,
    0.9501779359430605,
    0.9657738095238095,
    1.0
  ],
  "recall_per_class": [
    0.9631147540983607,
    0.9967948717948718,
    0.9742765273311897,
    0.9309153713298791,
    0.9794238683127572,
    0.9401408450704225,
    0.9744744744744744,
    1.0
  ],
  "f1_per_class": [
    0.9611451942740287,
    0.9967948717948718,
    0.9805825242718447,
    0.9357638888888888,
    0.967479674796748,
    0.9451327433628318,
    0.9701046337817638,
    1.0
  ],
  "accuracy_per_class": [
    0.9631147540983607,
    0.9967948717948718,
    0.9742765273311897,
    0.9309153713298791,
    0.9794238683127572,
    0.9401408450704225,
    0.9744744744744744,
    1.0
  ],
  "reliability_diagram": {
    "bin_edges": [
      0.0,
      0.06666666666666667,
      0.13333333333333333,
      0.2,
      0.26666666666666666,
      0.3333333333333333,
      0.4,
      0.4666666666666667,
      0.5333333333333333,
      0.6,
      0.6666666666666666,
      0.7333333333333333,
      0.8,
      0.8666666666666667,
      0.9333333333333333,
      1.0
    ],
    "bin_accuracy": [
      0.0,
      0.0,
      0.0,
      0.0,
      0.0,
      0.2,
      0.2,
      0.5238095238095238,
      0.4444444444444444,
      0.7857142857142857,
      0.6923076923076923,
      0.6785714285714286,
      0.7777777777777778,
      0.9871284094391665,
      1.0
    ],
    "bin_confidence": [
      0.0,
      0.0,
      0.0,
      0.0,
      0.32586944103240967,
      0.3680499970912933,
      0.4458963394165039,
      0.49726660762514385,
      0.5724910100301107,
      0.6345907151699066,
      0.7009062583629901,
      0.7674250517572675,
      0.8394908982294577,
      0.9121203385830071,
      0.9360978007316589
    ],
    "bin_count": [
      0,
      0,
      0,
      0,
      1,
      5,
      10,
      21,
      9,
      14,
      13,
      28,
      54,
      3263,
      3
    ]
  },
  "confusion_matrix": [
    [
      235,
      1,
      0,
      3,
      0,
      2,
      3,
      0
    ],
    [
      0,
      622,
      0,
      1,
      0,
      0,
      1,
      0
    ],
    [
      1,
      0,
      303,
      5,
      1,
      0,
      1,
      0
    ],
    [
      6,
      0,
      1,
      539,
      4,
      11,
      18,
      0
    ],
    [
      1,
      0,
      2,
      1,
      238,
      1,
      0,
      0
    ],
    [
      2,
      0,
      0,
      9,
      6,
      267,
      0,
      0
    ],
    [
      0,
      1,
      1,
      15,
      0,
      0,
      649,
      0
    ],
    [
      0,
      0,
      0,
      0,
      0,
      0,
      0,
      470
    ]
  ],
  "brier_score": 0.051303055685019076,
  "confidence_histogram": {
    "bin_edges": [
      0.0,
      0.05,
      0.1,
      0.15000000000000002,
      0.2,
      0.25,
      0.30000000000000004,
      0.35000000000000003,
      0.4,
      0.45,
      0.5,
      0.55,
      0.6000000000000001,
      0.65,
      0.7000000000000001,
      0.75,
      0.8,
      0.8500000000000001,
      0.9,
      0.9500000000000001,
      1.0
    ],
    "counts": [
      0,
      0,
      0,
      0,
      0,
      0,
      2,
      4,
      5,
      19,
      7,
      9,
      12,
      8,
      11,
      24,
      37,
      144,
      3139,
      0
    ],
    "density": [
      0.0,
      0.0,
      0.0,
      0.0,
      0.0,
      0.0,
      0.0005846243788365975,
      0.001169248757673195,
      0.0014615609470914938,
      0.005553931598947676,
      0.0020461853259280912,
      0.002630809704764689,
      0.0035077462730195848,
      0.00233849751534639,
      0.003215434083601286,
      0.0070154925460391695,
      0.010815551008477054,
      0.04209295527623502,
      0.9175679625840397,
      0.0
    ]
  },
  "entropy_histogram": {
    "bin_edges": [
      0.35065513849258423,
      0.4143588989973068,
      0.4780626595020294,
      0.541766420006752,
      0.6054701805114746,
      0.6691739410161972,
      0.7328777015209198,
      0.7965814620256424,
      0.860285222530365,
      0.9239889830350876,
      0.9876927435398102,
      1.0513965040445328,
      1.1151002645492554,
      1.178804025053978,
      1.2425077855587006,
      1.3062115460634232,
      1.3699153065681458,
      1.4336190670728683,
      1.497322827577591,
      1.5610265880823135,
      1.6247303485870361
    ],
    "counts": [
      50,
      2330,
      805,
      63,
      33,
      15,
      19,
      8,
      15,
      13,
      9,
      4,
      16,
      12,
      9,
      9,
      1,
      2,
      4,
      4
    ],
    "density": [
      0.014615609470914937,
      0.6810874013446361,
      0.23531131248173048,
      0.018415667933352822,
      0.00964630225080386,
      0.0043846828412744815,
      0.005553931598947676,
      0.00233849751534639,
      0.0043846828412744815,
      0.003800058462437884,
      0.002630809704764689,
      0.001169248757673195,
      0.00467699503069278,
      0.0035077462730195848,
      0.002630809704764689,
      0.002630809704764689,
      0.00029231218941829873,
      0.0005846243788365975,
      0.001169248757673195,
      0.001169248757673195
    ]
  },
  "logit_magnitude_histogram": {
    "bin_edges": [
      1.7917450666427612,
      1.879329615831375,
      1.966914165019989,
      2.054498714208603,
      2.142083263397217,
      2.2296678125858307,
      2.3172523617744445,
      2.4048369109630583,
      2.4924214601516725,
      2.5800060093402863,
      2.6675905585289,
      2.755175107717514,
      2.8427596569061278,
      2.930344206094742,
      3.0179287552833554,
      3.1055133044719696,
      3.1930978536605834,
      3.280682402849197,
      3.3682669520378115,
      3.455851501226425,
      3.543436050415039
    ],
    "counts": [
      4,
      16,
      8,
      27,
      29,
      32,
      29,
      25,
      33,
      49,
      94,
      238,
      479,
      1179,
      752,
      351,
      45,
      22,
      7,
      2
    ],
    "density": [
      0.001169248757673195,
      0.00467699503069278,
      0.00233849751534639,
      0.007892429114294067,
      0.008477053493130663,
      0.00935399006138556,
      0.008477053493130663,
      0.007307804735457469,
      0.00964630225080386,
      0.014323297281496639,
      0.02747734580532008,
      0.0695703010815551,
      0.1400175387313651,
      0.34463607132417423,
      0.21981876644256065,
      0.10260157848582285,
      0.013154048523823443,
      0.006430868167202572,
      0.0020461853259280912,
      0.0005846243788365975
    ]
  },
  "roc_auc_ovr_per_class": [
    0.9992763045867583,
    0.9997118020223132,
    0.9998593893776946,
    0.9889420838909085,
    0.9952217793627485,
    0.9900517225123132,
    0.9958906274695748,
    1.0
  ],
  "roc_auc_ovr_macro": 0.9961192136527889,
  "roc_auc_ovr_micro": 0.996470501510772,
  "support_analysis": {
    "support": [
      244,
      624,
      311,
      579,
      243,
      284,
      666,
      470
    ],
    "support_fraction": [
      0.07132417421806489,
      0.1824028061970184,
      0.09090909090909091,
      0.16924875767319497,
      0.0710318620286466,
      0.08301666179479684,
      0.19467991815258695,
      0.1373867290266004
    ],
    "class_accuracy": [
      0.9631147540983607,
      0.9967948717948718,
      0.9742765273311897,
      0.9309153713298791,
      0.9794238683127572,
      0.9401408450704225,
      0.9744744744744744,
      1.0
    ],
    "weighted_impact": [
      0.0686933645133002,
      0.1818181818181818,
      0.08857059339374453,
      0.15755627009646303,
      0.06957030108155511,
      0.07804735457468576,
      0.18971061093247588,
      0.1373867290266004
    ]
  },