accuracy,f1_macro,ece,brier_score,roc_auc_ovr_macro,roc_auc_ovr_micro
0.9713534054370068,0.9696254413963722,0.07551179954755458,0.051303055685019076,0.9961192136527889,0.996470501510772
