{
  "accuracy": 0.9371528792750657,
  "precision_macro": 0.9385002136980085,
  "recall_macro": 0.9214346193795857,
  "f1_macro": 0.9271130930519607,
  "ece": 0.06516531069736596,
  "precision_per_class": [
    0.9719626168224299,
    0.9951690821256038,
    1.0,
    0.8557377049180328,
    0.8144329896907216,
    0.9462809917355371,
    0.9328571428571428,
    0.9915611814345991
  ],
  "recall_per_class": [
    0.8524590163934426,
    0.9903846153846154,
    0.864951768488746,
    0.9015544041450777,
    0.9753086419753086,
    0.8063380281690141,
    0.9804804804804805,
    1.0
  ],
  "f1_per_class": [
    0.9082969432314411,
    0.9927710843373494,
    0.9275862068965517,
    0.8780487804878049,
    0.8876404494382022,
    0.870722433460076,
    0.9560761346998536,
    0.9957627118644068
  ],
  "accuracy_per_class": [
    0.8524590163934426,
    0.9903846153846154,
    0.864951768488746,
    0.9015544041450777,
    0.9753086419753086,
    0.8063380281690141,
    0.9804804804804805,
    1.0
  ],
  "reliability_diagram": {
    "bin_edges": [
      0.0,
      0.06666666666666667,
      0.13333333333333333,
      0.2,
      0.26666666666666666,
      0.3333333333333333,
      0.4,
      0.4666666666666667,
      0.5333333333333333,
      0.6,
      0.6666666666666666,
      0.7333333333333333,
      0.8,
      0.8666666666666667,
      0.9333333333333333,
      1.0
    ],
    "bin_accuracy": [
      0.0,
      0.0,
      0.0,
      0.0,
      0.5,
      0.2777777777777778,
      0.47058823529411764,
      0.5294117647058824,
      0.6027397260273972,
      0.704225352112676,
      0.7142857142857143,
      0.8983050847457628,
      0.9094650205761317,
      0.98211467648606,
      0.991304347826087
    ],
    "bin_confidence": [
      0.0,
      0.0,
      0.0,
      0.0,
      0.30003876487414044,
      0.37820612059699166,
      0.4398301883655436,
      0.5014723889967975,
      0.5680473920417158,
      0.635460957674913,
      0.7011807582208088,
      0.7728798652099351,
      0.8366401605154752,
      0.9092449240468792,
      0.9447953364123469
    ],
    "bin_count": [
      0,
      0,
      0,
      0,
      6,
      18,
      34,
      68,
      73,
      71,
      84,
      118,
      243,
      1901,
      805
    ]
  },
  "confusion_matrix": [
    [
      208,
      1,
      0,
      17,
      10,
      2,
      6,
      0
    ],
    [
      1,
      618,
      0,
      3,
      0,
      0,
      2,
      0
    ],
    [
      2,
      1,
      269,
      16,
      11,
      1,
      7,
      4
    ],
    [
      3,
      0,
      0,
      522,
      14,
      10,
      30,
      0
    ],
    [
      0,
      0,
      0,
      6,
      237,
      0,
      0,
      0
    ],
    [
      0,
      0,
      0,
      34,
      19,
      229,
      2,
      0
    ],
    [
      0,
      1,
      0,
      12,
      0,
      0,
      653,
      0
    ],
    [
      0,
      0,
      0,
      0,
      0,
      0,
      0,
      470
    ]
  ],
  "brier_score": 0.09961329559417202,
  "confidence_histogram": {
    "bin_edges": [
      0.0,
      0.05,
      0.1,
      0.15000000000000002,
      0.2,
      0.25,
      0.30000000000000004,
      0.35000000000000003,
      0.4,
      0.45,
      0.5,
      0.55,
      0.6000000000000001,
      0.65,
      0.7000000000000001,
      0.75,
      0.8,
      0.8500000000000001,
      0.9,
      0.9500000000000001,
      1.0
    ],
    "counts": [
      0,
      0,
      0,
      0,
      0,
      3,
      4,
      17,
      21,
      41,
      58,
      55,
      49,
      65,
      61,
      98,
      171,
      549,
      2050,
      179
    ],
    "density": [
      0.0,
      0.0,
      0.0,
      0.0,
      0.0,
      0.0008769365682548962,
      0.001169248757673195,
      0.004969307220111079,
      0.006138555977784273,
      0.011984799766150248,
      0.016954106986261326,
      0.01607717041800643,
      0.014323297281496639,
      0.01900029231218942,
      0.017831043554516222,
      0.028646594562993278,
      0.04998538439052908,
      0.160479391990646,
      0.5992399883075125,
      0.052323881905875474
    ]
  },
  "entropy_histogram": {
    "bin_edges": [
      0.08212891221046448,
      0.16774287074804306,
      0.25335682928562164,
      0.3389707878232002,
      0.4245847463607788,
      0.5101987048983574,
      0.595812663435936,
      0.6814266219735146,
      0.7670405805110931,
      0.8526545390486717,
      0.9382684975862503,
      1.0238824561238289,
      1.1094964146614075,
      1.195110373198986,
      1.2807243317365646,
      1.3663382902741432,
      1.4519522488117218,
      1.5375662073493004,
      1.623180165886879,
      1.7087941244244576,
      1.7944080829620361
    ],
    "counts": [
      12,
      113,
      324,
      833,
      949,
      443,
      151,
      120,
      86,
      63,
      64,
      70,
      45,
      45,
      37,
      35,
      18,
      8,
      2,
      3
    ],
    "density": [
      0.0035077462730195848,
      0.033031277404267756,
      0.09470914937152879,
      0.24349605378544284,
      0.2774042677579655,
      0.12949429991230635,
      0.04413914060216311,
      0.03507746273019585,
      0.025138848289973693,
      0.018415667933352822,
      0.01870798012277112,
      0.02046185325928091,
      0.013154048523823443,
      0.013154048523823443,
      0.010815551008477054,
      0.010230926629640456,
      0.005261619409529378,
      0.00233849751534639,
      0.0005846243788365975,
      0.0008769365682548962
    ]
  },
  "logit_magnitude_histogram": {
    "bin_edges": [
      1.5019007921218872,
      1.6801632583141326,
      1.8584257245063782,
      2.036688190698624,
      2.2149506568908692,
      2.3932131230831146,
      2.57147558927536,
      2.7497380554676054,
      2.9280005216598513,
      3.106262987852096,
      3.284525454044342,
      3.4627879202365874,
      3.641050386428833,
      3.8193128526210782,
      3.997575318813324,
      4.1758377850055695,
      4.354100251197815,
      4.53236271739006,
      4.710625183582305,
      4.888887649774551,
      5.067150115966797
    ],
    "counts": [
      2,
      21,
      44,
      70,
      87,
      79,
      76,
      102,
      164,
      203,
      484,
      777,
      706,
      456,
      96,
      41,
      10,
      1,
      1,
      1
    ],
    "density": [
      0.0005846243788365975,
      0.006138555977784273,
      0.012861736334405145,
      0.02046185325928091,
      0.02543116047939199,
      0.0230926629640456,
      0.022215726395790704,
      0.02981584332066647,
      0.04793919906460099,
      0.059339374451914645,
      0.1414790996784566,
      0.22712657117801813,
      0.20637240572931892,
      0.13329435837474424,
      0.028061970184156678,
      0.011984799766150248,
      0.0029231218941829875,
      0.00029231218941829873,
      0.00029231218941829873,
      0.00029231218941829873
    ]
  },
  "roc_auc_ovr_per_class": [
    0.9951469836994382,
    0.999769097842927,
    0.99840365587618,
    0.9855771860289586,
    0.9971058744920712,
    0.987989781211977,
    0.9978177814838433,
    0.9999978370116152
  ],
  "roc_auc_ovr_macro": 0.9952260247058764,
  "roc_auc_ovr_micro": 0.9959331045867672,
  "support_analysis": {
    "support": [
      244,
      624,
      311,
      579,
      243,
      284,
      666,
      470
    ],
    "support_fraction": [
      0.07132417421806489,
      0.1824028061970184,
      0.09090909090909091,
      0.16924875767319497,
      0.0710318620286466,
      0.08301666179479684,
      0.19467991815258695,
      0.1373867290266004
    ],
    "class_accuracy": [
      0.8524590163934426,
      0.9903846153846154,
      0.864951768488746,
      0.9015544041450777,
      0.9753086419753086,
      0.8063380281690141,
      0.9804804804804805,
      1.0
    ],