accuracy,f1_macro,ece,brier_score,roc_auc_ovr_macro,roc_auc_ovr_micro
0.9371528792750657,0.9271130930519607,0.06516531069736596,0.09961329559417202,0.9952260247058764,0.9959331045867672
