{
  "train_loss": [
    0.8918041582090797,
    0.7217241593239837,
    0.6461877634162826,
    0.6318705197281015,
    0.602731360322876,
    0.5948728428853557,
    0.576043254726207,
    0.5647404356372857,
    0.5407083012882653,
    0.5470918479781622,
    0.5381237734498577,
    0.5417488114473752,
    0.5208535285812693,
    0.5098681207145012,
    0.5052461104960042
  ],
  "val_loss": [
    1.1625641428421591,
    0.9330822931271847,
    0.6886649237614926,
    0.6505905579183703,
    0.7280424398796581,
    0.9013111234825348,
    0.7300302202456466,
    0.6049368604321346,
    0.8370007382375058,
    0.6314410767822622,
    0.7747796918744239,
    0.6291209024803661,
    0.6053088045565882,
    0.6209604400340641,
    0.7645188503176252
  ],
  "train_acc": [
    0.8163572503763171,
    0.8891118916206724,
    0.9279143669509952,
    0.9315939120254223,
    0.9453085800301053,
    0.9511624017394213,
    0.9568489713998997,
    0.9611975246696772,
    0.9722361598929586,
    0.9670513463789931,
    0.9740759324301723,
    0.9740759324301723,
    0.9814350225790266,
    0.9842783074092658,
    0.9869543401906673
  ],
  "val_acc": [
    0.6880841121495327,
    0.8089953271028038,
    0.9030373831775701,
    0.9199766355140186,
    0.884929906542056,
    0.8341121495327103,
    0.884929906542056,
    0.9398364485981309,
    0.8417056074766355,
    0.9246495327102804,
    0.8755841121495327,
    0.9334112149532711,
    0.9404205607476636,
    0.9351635514018691,
    0.8679906542056075
  ],
  "train_grad_norm": [
    0.9999997072089085,
    0.9999995507923086,
    0.9961970120967799,
    0.9929108975987874,
    0.972307423781762,
    0.9585300446343603,
    0.9462408343721393,
    0.9128617518830674,
    0.8617724871020309,
    0.8604427650920833,
    0.8459481379932465,
    0.8628190178550397,
    0.8170414188076265,
    0.7094376283119802,
    0.7109924354190098
  ],
  "val_ece": [
    0.07291002726513095,
    0.03764343303497706,
    0.06819803332996988,
    0.07508897052851515,
    0.05803745791803453,
    0.04942647919546219,
    0.06593893494491826,
    0.07253716546589525,
    0.04355161610955945,
    0.08099601647564182,
    0.039599666337125805,
    0.07276528043167615,
    0.07309848329522337,
    0.06480152574237256,
    0.06594264878952336
  ],
  "val_brier": [
    0.42400494468209626,
    0.2731462022041116,
    0.14846881921586327,
    0.12702335001854972,
    0.17438096421186516,
    0.2503093246472546,
    0.18467113306346253,
    0.09291689946130735,
    0.245093735415077,
    0.11245653548286931,
    0.19204404538376846,
    0.10765406868281922,
    0.09625982415430556,
    0.10179759433632872,
    0.19435632475826245
  ],
  "val_f1_macro": [
    0.6859560089675657,
    0.7347822550832352,
    0.8879614777010504,
    0.9108689452197527,
    0.8595866583547577,
    0.7471090804957934,
    0.8822512268534879,
    0.9278946057943047,
    0.831099501223306,
    0.9104165833074399,
    0.8574980976574859,
    0.927662185774035,
    0.9294702308699416,
    0.9301284331813591,
    0.8376831982025494
  ],
  "best_epoch": 8,
  "best_val_loss": 0.6049368604321346
}