{
  "train_loss": [
    0.9904458465973337,
    0.7801764976780916,
    0.7172212751638652,
    0.6902257289589797,
    0.6476105559249051,
    0.6301449746028059,
    0.6051336260299696,
    0.5918534273566122,
    0.5705366931764712,
    0.5658875345824893,
    0.5550945243781218,
    0.5368879034599346,
    0.5306427541993737,
    0.51698444478387,
    0.5270892694345743,
    0.514775946449727,
    0.5044973967844556,
    0.5036674069359383,
    0.4882484621717731,
    0.48894434941016346,
    0.48995716186206983,
    0.4907608036313852,
    0.48983467366907146,
    0.4781502656492826,
    0.48619021330515383,
    0.4873800249198624,
    0.4773921968546534,
    0.4767263238247391,
    0.47580755274318537,
    0.4731302520596357,
    0.47032971807019847,
    0.46938117834652004,
    0.46958182554497013,
    0.4693145684562692,
    0.468651619966781,
    0.46889104838055456,
    0.4685343947522635,
    0.4681928571071248,
    0.4681600522169562
  ],
  "val_loss": [
    1.3569655797191869,
    0.7986907975695957,
    1.2648530218088738,
    0.7636895040485346,
    0.77311172775019,
    0.6952520608901978,
    0.6628826483387813,
    0.7855529774015195,
    0.7205571610236836,
    0.7309773464069188,
    0.8386205301106533,
    0.677410707295498,
    0.6706152775577295,
    0.7566760232515424,
    0.6669266079073755,
    0.7050649880248809,
    0.6605850903787346,
    0.6658581339310263,
    0.716499556447858,
    0.6676259280365204,
    0.7329379542965755,
    0.7037673481156893,
    0.6597682505010445,
    0.6610748884833861,
    0.6669300376811874,
    0.6391577943463191,
    0.6390723430107688,
    0.6427121418658818,
    0.630382808012383,
    0.6447139532766609,
    0.6258059132879026,
    0.6260729187002806,
    0.6245435704694731,
    0.6365374098314303,
    0.6271275805535718,
    0.6359091952582386,
    0.6296562379765733,
    0.63236687562176,
    0.636450558065254
  ],
  "train_acc": [
    0.7645091152366617,
    0.8596755310252551,
    0.8907844121090484,
    0.8989797625020907,
    0.9247365780230807,
    0.9342699448068239,
    0.943803311590567,
    0.9525004181301221,
    0.9556782070580364,
    0.9611975246696772,
    0.9672185984278308,
    0.9734069242348219,
    0.9764174611138986,
    0.9827730389697273,
    0.977086469309249,
    0.9814350225790266,
    0.9852818197022913,
    0.9884596086302058,
    0.9926409098511457,
    0.9941461782906841,
    0.9924736578023081,
    0.9911356414116073,
    0.9916373975581201,
    0.9973239672185984,
    0.993309918046496,
    0.9923064057534705,
    0.9966549590232481,
    0.9969894631209232,
    0.9969894631209232,
    0.9986619836092993,
    0.9996654959023248,
    1.0,
    0.9998327479511624,
    0.9998327479511624,
    1.0,
    1.0,
    1.0,
    1.0,
    1.0
  ],
  "val_acc": [
    0.6396028037383178,
    0.8463785046728972,
    0.6728971962616822,
    0.8627336448598131,
    0.8802570093457944,
    0.9024532710280374,
    0.9164719626168224,
    0.8533878504672897,
    0.8942757009345794,
    0.8872663551401869,
    0.8492990654205608,
    0.9164719626168224,
    0.915303738317757,
    0.8761682242990654,
    0.9158878504672897,
    0.9012850467289719,
    0.9164719626168224,
    0.9176401869158879,
    0.9018691588785047,
    0.9135514018691588,
    0.8872663551401869,
    0.9100467289719626,
    0.9228971962616822,
    0.9205607476635514,
    0.9164719626168224,
    0.9264018691588785,
    0.9264018691588785,
    0.9299065420560748,
    0.9328271028037384,
    0.9287383177570093,
    0.9375,
    0.9392523364485982,
    0.9369158878504673,
    0.9316588785046729,
    0.9351635514018691,
    0.9351635514018691,
    0.9375,
    0.9363317757009346,
    0.9351635514018691
  ],
  "train_grad_norm": [
    0.9999997019511386,
    0.9999995416904547,
    0.9999994492446934,
    0.9983952310790636,
    0.9930561295398477,
    0.990144587303959,
    0.9680508672925452,
    0.9431420900307285,
    0.9382096406143289,
    0.9364794684886971,
    0.8849166377282403,
    0.8235581096254913,
    0.8339244353211508,
    0.7243636194922357,
    0.801174724074701,
    0.7094877981991559,
    0.646784416119392,
    0.6426386929743831,
    0.497021045154022,
    0.49648753656586375,
    0.5063279295327003,
    0.5649172861893575,
    0.5335685442320764,
    0.33318301368218756,
    0.5154926026238341,
    0.551854147621017,
    0.3674937126197323,
    0.32998130186895225,
    0.33133381061469913,
    0.2203895279902486,
    0.13800491772185167,
    0.10695914606864332,
    0.1160815423253916,
    0.10736020190468852,
    0.07877817267157715,
    0.08720106098343844,
    0.07248646422838176,
    0.05571112005281631,
    0.06174293639966502
  ],
  "val_ece": [
    0.14912596494655744,
    0.07311725148182606,
    0.11633534325617496,
    0.07801322231643668,
    0.054308435139812074,
    0.055304035997000824,
    0.08029083373181728,
    0.0554649286738066,
    0.05193236670413311,
    0.054611912171278025,
    0.03666062534691019,
    0.05614174557762723,
    0.05639491324252058,
    0.044342267857951534,
    0.05762284216862698,
    0.06271656687049391,
    0.055773054380143926,
    0.06232089195052315,
    0.058510170553192915,
    0.06200247708812496,
    0.054604683976585654,
    0.048341770021018526,
    0.05168199478256931,
    0.06344057678758537,
    0.06551939226408429,
    0.07296884086017849,
    0.06733881976351008,
    0.06360627341771792,
    0.06547643749095575,
    0.06993555690153175,
    0.06851975443973164,
    0.060206493623902936,
    0.0651885095252611,
    0.06146287639564446,
    0.07031640760322037,
    0.056910880327781764,
    0.06934714634145529,
    0.06692140441492342,
    0.06727891389245742
  ],
  "val_brier": [
    0.515735674350336,
    0.22061832006670867,
    0.4455738876721459,
    0.20371890063117054,
    0.1811899865790379,
    0.14404587169038746,
    0.13112772981224902,
    0.21057238297831343,
    0.1654043970537001,
    0.17397499217879692,
    0.22616364513452308,
    0.13400277572629918,
    0.13470128559641376,
    0.18741170859542863,
    0.1321558259005914,
    0.15577579742441122,
    0.13089261179786027,
    0.13049079780638748,
    0.1563309510849676,
    0.13429771095909443,
    0.17278427669744895,
    0.14798300034563716,
    0.12402677123840822,
    0.12419209752807972,
    0.13158288979755284,
    0.11667650415589147,
    0.11571859528313287,
    0.11395637624569356,
    0.10783320595447413,
    0.11570972720430557,
    0.10292614301523334,
    0.10022037332021734,
    0.10259362684871048,
    0.11019649805937155,
    0.10349246726404357,
    0.10799237362401198,
    0.10474761212758454,
    0.10718053489473459,
    0.10856449339067094
  ],
  "val_f1_macro": [
    0.6021153332033499,
    0.8192384258307642,
    0.6445046617711688,
    0.8406720217480793,
    0.8744884149734693,
    0.8954030629565668,
    0.9080017488440887,
    0.8301568630076881,
    0.8943581601604551,
    0.8739214180581911,
    0.8348066543434747,
    0.9096015495176243,
    0.9055688304068423,
    0.8751402152988441,
    0.9117456170125882,
    0.8871080601793961,
    0.9074290549833657,
    0.9086221369045526,
    0.8926227794849882,
    0.9083622589155803,
    0.8778536483733814,
    0.9015383234311076,
    0.915690655538008,
    0.9117333732224353,
    0.9117692514080081,
    0.9199174638106695,
    0.919692468112903,
    0.9220575140235202,
    0.9268182397314844,
    0.9224815405534319,
    0.9327950307942272,
    0.9336180100048607,
    0.9316623513805237,
    0.9246385609089185,
    0.9289510417362588,
    0.9276817909106996,
    0.9319745232239598,
    0.9304314940901912,
    0.9293527440305027
  ],
  "best_epoch": 32,
  "best_val_loss": 0.6260729187002806
}