{
  "accuracy": 0.9348143817597194,
  "precision_macro": 0.9302057726683758,
  "recall_macro": 0.9253187460391092,
  "f1_macro": 0.9275519160564766,
  "ece": 0.0679691654396698,
  "precision_per_class": [
    0.9134199134199135,
    0.9529780564263323,
    0.9694915254237289,
    0.8576271186440678,
    0.9346938775510204,
    0.8419243986254296,
    0.9757575757575757,
    0.9957537154989384
  ],
  "recall_per_class": [
    0.8647540983606558,
    0.9743589743589743,
    0.9196141479099679,
    0.8739205526770294,
    0.9423868312757202,
    0.8626760563380281,
    0.9669669669669669,
    0.997872340425532
  ],
  "f1_per_class": [
    0.888421052631579,
    0.9635499207606973,
    0.9438943894389439,
    0.8656971770744226,
    0.9385245901639344,
    0.8521739130434782,
    0.971342383107089,
    0.9968119022316685
  ],
  "accuracy_per_class": [
    0.8647540983606558,
    0.9743589743589743,
    0.9196141479099679,
    0.8739205526770294,
    0.9423868312757202,
    0.8626760563380281,
    0.9669669669669669,
    0.997872340425532
  ],
  "reliability_diagram": {
    "bin_edges": [
      0.0,
      0.06666666666666667,
      0.13333333333333333,
      0.2,
      0.26666666666666666,
      0.3333333333333333,
      0.4,
      0.4666666666666667,
      0.5333333333333333,
      0.6,
      0.6666666666666666,
      0.7333333333333333,
      0.8,
      0.8666666666666667,
      0.9333333333333333,
      1.0
    ],
    "bin_accuracy": [
      0.0,
      0.0,
      0.0,
      0.0,
      0.0,
      0.2,
      0.5416666666666666,
      0.6428571428571429,
      0.5333333333333333,
      0.5454545454545454,
      0.5789473684210527,
      0.6619718309859155,
      0.6971830985915493,
      0.9738929279576999,
      0.8888888888888888
    ],
    "bin_confidence": [
      0.0,
      0.0,
      0.0,
      0.0,
      0.3309946656227112,
      0.3602493226528168,
      0.4392878922323386,
      0.5000891252642586,
      0.5689350624879201,
      0.6315893169605371,
      0.6986917429848721,
      0.7689917104344972,
      0.8379660248756409,
      0.9122716896359052,
      0.9356318513552347
    ],
    "bin_count": [
      0,
      0,
      0,
      0,
      1,
      5,
      24,
      42,
      30,
      33,
      38,
      71,
      142,
      3026,
      9
    ]
  },
  "confusion_matrix": [
    [
      211,
      4,
      1,
      13,
      3,
      12,
      0,
      0
    ],
    [
      0,
      608,
      2,
      8,
      1,
      4,
      1,
      0
    ],
    [
      4,
      1,
      286,
      16,
      1,
      0,
      2,
      1
    ],
    [
      10,
      12,
      2,
      506,
      8,
      28,
      12,
      1
    ],
    [
      2,
      0,
      2,
      9,
      229,
      1,
      0,
      0
    ],
    [
      4,
      3,
      0,
      28,
      3,
      245,
      1,
      0
    ],
    [
      0,
      10,
      1,
      10,
      0,
      1,
      644,
      0
    ],
    [
      0,
      0,
      1,
      0,
      0,
      0,
      0,
      469
    ]
  ],
  "brier_score": 0.11032926162593384,
  "confidence_histogram": {
    "bin_edges": [
      0.0,
      0.05,
      0.1,
      0.15000000000000002,
      0.2,
      0.25,
      0.30000000000000004,
      0.35000000000000003,
      0.4,
      0.45,
      0.5,
      0.55,
      0.6000000000000001,
      0.65,
      0.7000000000000001,
      0.75,
      0.8,
      0.8500000000000001,
      0.9,
      0.9500000000000001,
      1.0
    ],
    "counts": [
      0,
      0,
      0,
      0,
      0,
      0,
      3,
      3,
      17,
      28,
      28,
      23,
      28,
      24,
      34,
      56,
      94,
      262,
      2821,
      0
    ],
    "density": [
      0.0,
      0.0,
      0.0,
      0.0,
      0.0,
      0.0,
      0.0008769365682548962,
      0.0008769365682548962,
      0.004969307220111079,
      0.008184741303712365,
      0.008184741303712365,
      0.006723180356620871,
      0.008184741303712365,
      0.0070154925460391695,
      0.009938614440222157,
      0.01636948260742473,
      0.02747734580532008,
      0.07658579362759427,
      0.8246126863490207,
      0.0
    ]
  },
  "entropy_histogram": {
    "bin_edges": [
      0.3502662479877472,
      0.41736565083265303,
      0.4844650536775589,
      0.5515644565224648,
      0.6186638593673706,
      0.6857632622122765,
      0.7528626650571824,
      0.8199620679020883,
      0.887061470746994,
      0.9541608735918999,
      1.0212602764368057,
      1.0883596792817116,
      1.1554590821266175,
      1.2225584849715232,
      1.2896578878164293,
      1.356757290661335,
      1.423856693506241,
      1.4909560963511468,
      1.5580554991960527,
      1.6251549020409584,
      1.6922543048858643
    ],
    "counts": [
      105,
      2329,
      496,
      95,
      58,
      52,
      38,
      39,
      32,
      20,
      28,
      29,
      33,
      19,
      20,
      14,
      4,
      5,
      3,
      2
    ],
    "density": [
      0.030692779888921367,
      0.6807950891552178,
      0.14498684595147618,
      0.02776965799473838,
      0.016954106986261326,
      0.015200233849751535,
      0.011107863197895352,
      0.01140017538731365,
      0.00935399006138556,
      0.005846243788365975,
      0.008184741303712365,
      0.008477053493130663,
      0.00964630225080386,
      0.005553931598947676,
      0.005846243788365975,
      0.0040923706518561824,
      0.001169248757673195,
      0.0014615609470914938,
      0.0008769365682548962,
      0.0005846243788365975
    ]
  },
  "logit_magnitude_histogram": {
    "bin_edges": [
      1.5726203918457031,
      1.69777352809906,
      1.822926664352417,
      1.948079800605774,
      2.0732329368591307,
      2.198386073112488,
      2.323539209365845,
      2.448692345619202,
      2.5738454818725587,
      2.6989986181259153,
      2.8241517543792725,
      2.9493048906326296,
      3.0744580268859867,
      3.1996111631393434,
      3.3247642993927005,
      3.449917435646057,
      3.5750705718994142,
      3.7002237081527714,
      3.825376844406128,
      3.950529980659485,
      4.075683116912842
    ],
    "counts": [
      4,
      22,
      35,
      44,
      42,
      48,
      41,
      54,
      54,
      69,
      106,
      422,
      1053,
      609,
      563,
      205,
      39,
      9,
      1,
      1
    ],
    "density": [
      0.001169248757673195,
      0.006430868167202572,
      0.010230926629640456,
      0.012861736334405145,
      0.012277111955568546,
      0.014030985092078339,
      0.011984799766150248,
      0.015784858228588133,
      0.015784858228588133,
      0.020169541069862615,
      0.030985092078339667,
      0.12335574393452207,
      0.30780473545746856,
      0.17801812335574393,
      0.1645717626425022,
      0.059923998830751245,
      0.01140017538731365,
      0.002630809704764689,
      0.00029231218941829873,
      0.00029231218941829873
    ]
  },
  "roc_auc_ovr_per_class": [
    0.9899340547067292,
    0.9974033534097889,
    0.9937645392417366,
    0.9766778607101227,
    0.998576893094759,
    0.9771323189375334,
    0.9917027735539532,
    0.9999935110348457
  ],
  "roc_auc_ovr_macro": 0.9906481630861836,
  "roc_auc_ovr_micro": 0.9914424681895505,
  "support_analysis": {
    "support": [
      244,
      624,
      311,
      579,
      243,
      284,
      666,
      470
    ],
    "support_fraction": [
      0.07132417421806489,
      0.1824028061970184,
      0.09090909090909091,
      0.16924875767319497,
      0.0710318620286466,
      0.08301666179479684,
      0.19467991815258695,
      0.1373867290266004
    ],
    "class_accuracy": [
      0.8647540983606558,
      0.9743589743589743,
      0.9196141479099679,
      0.8739205526770294,
      0.9423868312757202,
      0.8626760563380281,
      0.9669669669669669,
      0.997872340425532
    ],