accuracy,f1_macro,ece,brier_score,roc_auc_ovr_macro,roc_auc_ovr_micro
0.9348143817597194,0.9275519160564766,0.0679691654396698,0.11032926162593384,0.9906481630861836,0.9914424681895505
