{
  "train_loss": [
    0.6874384232068402,
    0.38384372531861705,
    0.2871443162632442,
    0.23623801752858026,
    0.2136478288101405,
    0.1898235519614038,
    0.1734606750493919,
    0.16503317164227116,
    0.1501727485489076,
    0.13210287950977684,
    0.12895380825902406,
    0.12210180816758902,
    0.11847085565281575,
    0.10547454830482116,
    0.11378889359857322,
    0.1055797278955313
  ],
  "val_loss": [
    0.3511068717878564,
    0.7137448392072614,
    0.295431651315037,
    0.2647933692026024,
    0.20109523139873156,
    0.32939128313766197,
    0.4562002242397947,
    0.23713152554155778,
    0.12108024163562649,
    0.16522666051691887,
    0.17385298263628643,
    0.2089106038403435,
    0.19093352164186891,
    0.1735442629183044,
    0.30186884799322,
    0.1388907314913838
  ],
  "train_acc": [
    0.7571447619894217,
    0.8678163473932174,
    0.9020623138806169,
    0.9202186763856172,
    0.9284634872661007,
    0.9371749855549135,
    0.9427307880350237,
    0.9453975732254767,
    0.950753366816303,
    0.9563313925063336,
    0.9574203297924352,
    0.9593981954753544,
    0.961442730788035,
    0.9639761767189653,
    0.962398328814614,
    0.9645539801768968
  ],
  "val_acc": [
    0.8709516193522591,
    0.7563974410235905,
    0.8994402239104359,
    0.9091363454618153,
    0.9343262694922031,
    0.8848460615753698,
    0.8578568572570971,
    0.9202319072371051,
    0.9587165133946421,
    0.9431227508996401,
    0.9384246301479409,
    0.9316273490603758,
    0.9400239904038384,
    0.9412235105957617,
    0.906437425029988,
    0.9553178728508597
  ],
  "best_epoch": 9,
  "best_val_loss": 0.12108024163562649
}