{
  "accuracy": 0.8493036211699164,
  "precision_macro": 0.8205276809241985,
  "recall_macro": 0.8143347717617754,
  "f1_macro": 0.8109027247543161,
  "confusion_matrix": [
    [
      1146,
      0,
      5,
      0,
      0,
      183,
      1,
      1,
      2
    ],
    [
      0,
      847,
      0,
      0,
      0,
      0,
      0,
      0,
      0
    ],
    [
      0,
      9,
      284,
      0,
      0,
      18,
      0,
      28,
      0
    ],
    [
      0,
      0,
      9,
      621,
      0,
      0,
      0,
      0,
      4
    ],
    [
      56,
      49,
      4,
      0,
      908,
      1,
      14,
      0,
      3
    ],
    [
      0,
      62,
      9,
      0,
      2,
      404,
      0,
      115,
      0
    ],
    [
      2,
      0,
      17,
      14,
      4,
      1,
      496,
      4,
      203
    ],
    [
      0,
      6,
      67,
      0,
      2,
      99,
      0,
      190,
      57
    ],
    [
      0,
      0,
      7,
      7,
      7,
      1,
      7,
      2,
      1202
    ]
  ]
}