{
  "train_loss": [
    0.6377260218917479,
    0.37343677968850447,
    0.3082157062675652,
    0.27297764784749645,
    0.23877062179326025,
    0.21193890669164756,
    0.19790600928694807,
    0.19258301378838288,
    0.17143032330423733,
    0.1638891312396655,
    0.15210294165785163,
    0.1354895909829502,
    0.13460542337699138,
    0.13509214691355143,
    0.11738794526832252,
    0.11300033628357756,
    0.11094177414737355,
    0.10826729968222647,
    0.10117026894345507,
    0.10384331854524981,
    0.09809501780616511,
    0.0824276494853491,
    0.07747300623684407,
    0.08005455709009325,
    0.07541248920823612,
    0.07598147008784456,
    0.07143920966201721,
    0.06637512557740037
  ],
  "val_loss": [
    0.5433317575155377,
    0.2932371883714547,
    0.25927701137247966,
    0.29773130006000836,
    0.32751935745467664,
    0.43688842174006864,
    0.187486679851413,
    0.18450785399388905,
    0.20752083166081253,
    0.1866983382440195,
    0.20124105870223247,
    0.20696947561269377,
    0.20547993583638208,
    0.1686678271783871,
    0.1109490542054796,
    0.14775517422025178,
    0.22674269429067287,
    0.22878162817257205,
    0.1985028245266987,
    0.12151706165096751,
    0.10844966615202045,
    0.12274341651650726,
    0.13636651033999586,
    0.12043527131531535,
    0.13775971664733191,
    0.11428264416203124,
    0.18599947167486727,
    0.27311048456212605
  ],
  "train_acc": [
    0.7797013200586693,
    0.8718387483888173,
    0.8961731632517,
    0.9076847859904885,
    0.9193519711987199,
    0.9288635050446686,
    0.9329747988799503,
    0.9358638161696076,
    0.9422641006266945,
    0.9449308858171475,
    0.9486643850837815,
    0.9533979287968354,
    0.954486866082937,
    0.9556869194186408,
    0.9602426774523312,
    0.962042757455887,
    0.9625094448642162,
    0.9637539446197608,
    0.9662651673407707,
    0.9652873461042712,
    0.9669985332681452,
    0.972176541179608,
    0.9735321569847549,
    0.9728432374772212,
    0.9745099782212543,
    0.9740432908129251,
    0.9761767189652873,
    0.9773323258811503
  ],
  "val_acc": [
    0.8068772491003599,
    0.8945421831267493,
    0.9058376649340264,
    0.8942423030787685,
    0.8844462215113954,
    0.8639544182327069,
    0.9360255897640943,
    0.937624950019992,
    0.9297281087564974,
    0.9339264294282287,
    0.9374250299880048,
    0.9339264294282287,
    0.931827269092363,
    0.9363254698120752,
    0.9620151939224311,
    0.9478208716513394,
    0.9304278288684527,
    0.9236305477808876,
    0.9340263894442223,
    0.9616153538584566,
    0.9638144742103159,
    0.9597161135545782,
    0.9548180727708916,
    0.9617153138744502,
    0.9573170731707317,
    0.9639144342263095,
    0.9408236705317873,
    0.9264294282287086
  ],
  "best_epoch": 21,
  "best_val_loss": 0.10844966615202045
}