{
  "accuracy": 0.8566852367688023,
  "precision_macro": 0.8406905992304956,
  "recall_macro": 0.8317414496492488,
  "f1_macro": 0.8273266523456588,
  "confusion_matrix": [
    [
      1066,
      2,
      4,
      0,
      1,
      261,
      1,
      0,
      3
    ],
    [
      0,
      847,
      0,
      0,
      0,
      0,
      0,
      0,
      0
    ],
    [
      0,
      0,
      270,
      9,
      0,
      39,
      0,
      20,
      1
    ],
    [
      0,
      0,
      5,
      617,
      0,
      0,
      0,
      0,
      12
    ],
    [
      60,
      74,
      1,
      0,
      864,
      6,
      0,
      9,
      21
    ],
    [
      0,
      40,
      16,
      15,
      0,
      481,
      0,
      40,
      0
    ],
    [
      0,
      0,
      4,
      25,
      9,
      0,
      617,
      2,
      84
    ],
    [
      0,
      2,
      59,
      2,
      1,
      78,
      2,
      200,
      77
    ],
    [
      0,
      0,
      8,
      15,
      0,
      3,
      17,
      1,
      1189
    ]
  ]
}