{
  "accuracy": 0.831058495821727,
  "precision_macro": 0.8000198431168924,
  "recall_macro": 0.7728954189643584,
  "f1_macro": 0.7719249203035159,
  "confusion_matrix": [
    [
      1106,
      0,
      0,
      0,
      1,
      231,
      0,
      0,
      0
    ],
    [
      0,
      847,
      0,
      0,
      0,
      0,
      0,
      0,
      0
    ],
    [
      8,
      1,
      120,
      0,
      0,
      187,
      0,
      23,
      0
    ],
    [
      0,
      0,
      20,
      611,
      0,
      0,
      1,
      0,
      2
    ],
    [
      61,
      45,
      4,
      0,
      896,
      13,
      13,
      0,
      3
    ],
    [
      55,
      4,
      59,
      0,
      1,
      466,
      0,
      7,
      0
    ],
    [
      0,
      0,
      26,
      26,
      1,
      2,
      654,
      9,
      23
    ],
    [
      2,
      4,
      103,
      9,
      4,
      105,
      0,
      159,
      35
    ],
    [
      0,
      0,
      70,
      20,
      6,
      10,
      19,
      0,
      1108
    ]
  ]
}