{
  "train_loss": [
    0.7004490723593605,
    0.3927640800947846,
    0.29020511151907247,
    0.24906479930198427,
    0.21992378179209937,
    0.19320007910849896,
    0.18164941412993837,
    0.16840942051470123,
    0.15536688595296244,
    0.1397776081300406,
    0.1333871523064133,
    0.13030572009536015,
    0.11692171918004825,
    0.11792978663445366,
    0.11088506799866621,
    0.09980992457645088
  ],
  "val_loss": [
    0.4572699797935173,
    0.352437984616887,
    0.29473670701034926,
    0.27817763263632994,
    0.195915165426182,
    0.22168079231892143,
    0.4037159615006746,
    0.14451078283654503,
    0.1302539525733816,
    0.3364891089448353,
    0.2972404024139589,
    0.14538490016762612,
    0.24143803354407825,
    0.2190285508320933,
    0.17907896104072485,
    0.1508073672467544
  ],
  "train_acc": [
    0.7498777723454376,
    0.8636828303480155,
    0.9013956175830037,
    0.9163962842793013,
    0.9267523001022268,
    0.9340415129561314,
    0.939063958398151,
    0.9438863949508867,
    0.9478865727365661,
    0.9530645806480288,
    0.9553757944797546,
    0.9566202942352994,
    0.9615316236277168,
    0.960131561402729,
    0.96219831992533,
    0.9667985243788613
  ],
  "val_acc": [
    0.8354658136745302,
    0.8711515393842463,
    0.8970411835265893,
    0.8988404638144742,
    0.9317273090763695,
    0.9259296281487405,
    0.8638544582167134,
    0.9543182726909236,
    0.9540183926429429,
    0.8892443022790884,
    0.9025389844062375,
    0.9504198320671732,
    0.9223310675729708,
    0.9332267093162735,
    0.9397241103558577,
    0.9518192722910835
  ],
  "best_epoch": 9,
  "best_val_loss": 0.1302539525733816
}