{
  "train_loss": [
    0.642709752110207,
    0.38257513168287405,
    0.30702235760267665,
    0.2596647236722221,
    0.23125312755815644,
    0.212229109839909,
    0.19417791869079884,
    0.17792488245483165,
    0.16742833800419493,
    0.15478965281658502,
    0.14337414738016502,
    0.13584122619007957,
    0.1272643664219699,
    0.121422433672738,
    0.12113880825957234
  ],
  "val_loss": [
    0.5997543889777464,
    0.3894326507580466,
    0.4253529707987944,
    0.22513742989799776,
    0.3307028681766696,
    0.18975714163058569,
    0.2185307443856907,
    0.13308972565949512,
    0.16653336650702724,
    0.17567482780142338,
    0.14247564034240812,
    0.15208137998195803,
    0.17222112485739002,
    0.26712777936568216,
    0.1523331745845325
  ],
  "train_acc": [
    0.7728565714031734,
    0.8686608293701942,
    0.8947731010267123,
    0.9130850260011556,
    0.9224409973776613,
    0.9288635050446686,
    0.9344637539446198,
    0.9394861993866394,
    0.9433308147028757,
    0.947931019156407,
    0.9519534201520068,
    0.9543979732432553,
    0.9579981332503666,
    0.9584870438686164,
    0.9597093204142406
  ],
  "val_acc": [
    0.7949820071971212,
    0.8641543382646941,
    0.8579568172730908,
    0.9223310675729708,
    0.8934426229508197,
    0.9352259096361455,
    0.9284286285485805,
    0.9565173930427829,
    0.9426229508196722,
    0.939124350259896,
    0.9536185525789684,
    0.9481207516993203,
    0.9447221111555378,
    0.9148340663734507,
    0.9497201119552179
  ],
  "best_epoch": 8,
  "best_val_loss": 0.13308972565949512
}