{
  "accuracy": 0.8986072423398329,
  "precision_macro": 0.8757020962592583,
  "recall_macro": 0.8615088054232829,
  "f1_macro": 0.8602932001216359,
  "confusion_matrix": [
    [
      1329,
      3,
      2,
      0,
      1,
      2,
      1,
      0,
      0
    ],
    [
      0,
      847,
      0,
      0,
      0,
      0,
      0,
      0,
      0
    ],
    [
      0,
      0,
      308,
      9,
      0,
      10,
      0,
      11,
      1
    ],
    [
      0,
      0,
      25,
      589,
      0,
      0,
      4,
      0,
      16
    ],
    [
      80,
      55,
      0,
      0,
      883,
      0,
      16,
      0,
      1
    ],
    [
      0,
      7,
      22,
      52,
      0,
      451,
      0,
      36,
      24
    ],
    [
      0,
      0,
      4,
      8,
      0,
      0,
      674,
      3,
      52
    ],
    [
      0,
      4,
      65,
      2,
      13,
      64,
      2,
      183,
      88
    ],
    [
      0,
      0,
      6,
      10,
      3,
      1,
      25,
      0,
      1188
    ]
  ]
}