{
  "train_loss": [
    0.6085370664092536,
    0.33427869498651114,
    0.25288411044105913,
    0.21061151099387018,
    0.18749283365121008,
    0.16850678544460457,
    0.14833361926344707,
    0.14036147008105992,
    0.12667067312706995,
    0.12337507369785956,
    0.11161698158731334,
    0.10537896552063729,
    0.09843001564779234,
    0.0980526358151889,
    0.08880205500641289,
    0.0884739712851179,
    0.08340436042219218,
    0.08102255676526243,
    0.07763152973374571,
    0.07618217973096313,
    0.07101665578402507,
    0.06890611996966411,
    0.06726788870952415,
    0.0647590123548571,
    0.06727326894782648,
    0.06275889590070852,
    0.06115255771964519,
    0.05825292779630583,
    0.06004492301333109,
    0.05718946977225664,
    0.05570688321955802,
    0.05661156840559175,
    0.055780476031841976,
    0.05301692636953555,
    0.05090489779685152,
    0.05191150506235931,
    0.04842158476605795,
    0.048838147953624435
  ],
  "val_loss": [
    0.6144996267683456,
    0.32309326009958184,
    0.20381876019562115,
    0.2140186633147606,
    0.14504401389954805,
    0.1484873777434903,
    0.16597706497144527,
    0.1275110832039045,
    0.12280723340854031,
    0.1170180198110518,
    0.12750345921856626,
    0.09676149947459295,
    0.114610902098168,
    0.15085814227728023,
    0.10209383942731996,
    0.07674145070789028,
    0.2430596489255212,
    0.19516881273799494,
    0.1277910116367319,
    0.09643842725575519,
    0.0709675362393981,
    0.09663681385004189,
    0.07849288435398889,
    0.10033375326348919,
    0.10582112356788013,
    0.06871055888437683,
    0.11485402723301391,
    0.0953357851922941,
    0.14087779455032887,
    0.06520365310482076,
    0.06517178240808987,
    0.15304748258772777,
    0.1339047059494226,
    0.10153164510249865,
    0.07069965734741226,
    0.09750455711818919,
    0.08765640397999631,
    0.0790742316037701
  ],
  "train_acc": [
    0.7822866201460805,
    0.8850763737647599,
    0.9150480762107945,
    0.9288560973080285,
    0.9380268752685305,
    0.943493784908959,
    0.9506200275567803,
    0.9534645984265967,
    0.9581759189297302,
    0.9591537401662296,
    0.9637465368831207,
    0.9655836555698771,
    0.9673615123635124,
    0.9676578218291183,
    0.9699690356608441,
    0.9701912677600486,
    0.9726654517978577,
    0.9733025171489104,
    0.974191445545728,
    0.975554469087515,
    0.9766211831636962,
    0.9773323258811503,
    0.9781175459650059,
    0.9785620101634147,
    0.9777323436597182,
    0.9795398313999141,
    0.9797620634991184,
    0.9809621168348223,
    0.9801472658044061,
    0.9806361764226558,
    0.982206616590367,
    0.9816139976591552,
    0.9810510096745041,
    0.9823992177430108,
    0.982962205727662,
    0.9829029438345408,
    0.9833918544527905,
    0.9831696223535861
  ],
  "val_acc": [
    0.8106757297081167,
    0.8880447820871651,
    0.9287285085965614,
    0.9325269892043183,
    0.9473210715713715,
    0.9525189924030388,
    0.944422231107557,
    0.9590163934426229,
    0.9578168732506998,
    0.961015593762495,
    0.9562175129948021,
    0.9681127548980408,
    0.9601159536185526,
    0.9504198320671732,
    0.9677129148340664,
    0.9739104358256697,
    0.9237305077968813,
    0.939624150339864,
    0.9594162335065973,
    0.9675129948020792,
    0.9758096761295482,
    0.9670131947221111,
    0.9734106357457017,
    0.9685125949620151,
    0.9681127548980408,
    0.9784086365453818,
    0.9654138344662135,
    0.9691123550579768,
    0.9577169132347061,
    0.9787085165933627,
    0.978608556577369,
    0.9487205117952819,
    0.958016793282687,
    0.968312674930028,
    0.977109156337465,
    0.9706117552978808,
    0.9734106357457017,
    0.9749100359856058
  ],
  "best_epoch": 31,
  "best_val_loss": 0.06517178240808987
}