{
  "accuracy": 0.8391364902506964,
  "precision_macro": 0.8130584667419691,
  "recall_macro": 0.8169389918803823,
  "f1_macro": 0.799399341512964,
  "confusion_matrix": [
    [
      958,
      1,
      8,
      0,
      10,
      360,
      1,
      0,
      0
    ],
    [
      0,
      847,
      0,
      0,
      0,
      0,
      0,
      0,
      0
    ],
    [
      0,
      9,
      323,
      0,
      0,
      0,
      0,
      7,
      0
    ],
    [
      0,
      0,
      11,
      621,
      0,
      0,
      0,
      0,
      2
    ],
    [
      31,
      27,
      1,
      0,
      930,
      0,
      6,
      0,
      40
    ],
    [
      0,
      62,
      133,
      0,
      0,
      340,
      0,
      57,
      0
    ],
    [
      0,
      0,
      17,
      18,
      1,
      0,
      643,
      0,
      62
    ],
    [
      0,
      6,
      84,
      18,
      2,
      72,
      6,
      165,
      68
    ],
    [
      0,
      0,
      3,
      27,
      0,
      0,
      5,
      0,
      1198
    ]
  ]
}