{
  "train_loss": [
    0.5614928444449117,
    0.3338573652875793,
    0.27766940961633363,
    0.23121943945525966,
    0.20357490460757002,
    0.1811306224352611,
    0.16667238308409119,
    0.1529308762444668,
    0.1429154864191622,
    0.13179830863730982,
    0.12346221009492857,
    0.11751033828610224,
    0.10833253471145281,
    0.10824892790924479,
    0.09960830433058425,
    0.09301359656423462,
    0.08841082250654503,
    0.08597855240348103,
    0.08347315673953291,
    0.07780975616597097,
    0.07732950537715877,
    0.0732439732680768,
    0.07186576591100567
  ],
  "val_loss": [
    0.41169872803718555,
    0.2722636667943773,
    0.2849022858813018,
    0.15708112845965166,
    0.14039557383375995,
    0.14295612538351815,
    0.15175869916288293,
    0.1829155699723437,
    0.1319737051282583,
    0.1646742700624828,
    0.16072981849592813,
    0.16776800436861083,
    0.131889536480804,
    0.12820909383510504,
    0.15032415240347646,
    0.08192366555628063,
    0.10049996108169712,
    0.103231298642271,
    0.1211901092019285,
    0.09803128397998596,
    0.10148997068172787,
    0.0856378790883363,
    0.11002636131127087
  ],
  "train_acc": [
    0.805546913196142,
    0.8875801887491296,
    0.906351393395262,
    0.9228261996829489,
    0.9322932871090567,
    0.9387676489325452,
    0.9441901121531328,
    0.9494051587477962,
    0.9519386046787265,
    0.955894336044565,
    0.9592130020593508,
    0.960279716135532,
    0.9637317214098404,
    0.9641465546616886,
    0.9671985421574292,
    0.9683837800198527,
    0.9701912677600486,
    0.9710357497370253,
    0.9719098626605627,
    0.9742507074388491,
    0.9743544157518111,
    0.9752433441486288,
    0.9760878261256056
  ],
  "val_acc": [
    0.8582566973210716,
    0.9042383046781287,
    0.8982407037185126,
    0.9484206317473011,
    0.953218712514994,
    0.9495201919232307,
    0.9481207516993203,
    0.9375249900039984,
    0.9564174330267893,
    0.9464214314274291,
    0.9456217512994802,
    0.9441223510595762,
    0.9575169932027189,
    0.9611155537784886,
    0.9477209116353459,
    0.973610555777689,
    0.9676129548180727,
    0.9648140743702519,
    0.9587165133946421,
    0.9674130347860855,
    0.9681127548980408,
    0.9722111155537785,
    0.9657137145141943
  ],
  "best_epoch": 16,
  "best_val_loss": 0.08192366555628063
}