{
  "accuracy": 0.8834261838440112,
  "precision_macro": 0.8517026088156172,
  "recall_macro": 0.8454501445105964,
  "f1_macro": 0.838497195828794,
  "confusion_matrix": [
    [
      1318,
      1,
      1,
      0,
      0,
      17,
      1,
      0,
      0
    ],
    [
      0,
      847,
      0,
      0,
      0,
      0,
      0,
      0,
      0
    ],
    [
      0,
      9,
      283,
      0,
      0,
      37,
      0,
      9,
      1
    ],
    [
      0,
      0,
      21,
      609,
      0,
      0,
      2,
      0,
      2
    ],
    [
      90,
      96,
      2,
      0,
      827,
      0,
      14,
      1,
      5
    ],
    [
      0,
      60,
      14,
      0,
      0,
      473,
      0,
      45,
      0
    ],
    [
      0,
      0,
      1,
      25,
      2,
      0,
      698,
      0,
      15
    ],
    [
      0,
      4,
      91,
      10,
      7,
      84,
      4,
      156,
      65
    ],
    [
      1,
      0,
      9,
      55,
      3,
      1,
      32,
      0,
      1132
    ]
  ]
}