{
  "accuracy": 0.9365682548962292,
  "precision_macro": 0.9396588129552104,
  "recall_macro": 0.924402058202994,
  "f1_macro": 0.9309969038778843,
  "ece": 0.061270193559180494,
  "precision_per_class": [
    0.8949416342412452,
    0.9904,
    0.9963636363636363,
    0.824390243902439,
    0.9636363636363636,
    0.9104477611940298,
    0.9392185238784371,
    0.997872340425532
  ],
  "recall_per_class": [
    0.9426229508196722,
    0.9919871794871795,
    0.8810289389067524,
    0.8756476683937824,
    0.8724279835390947,
    0.8591549295774648,
    0.9744744744744744,
    0.997872340425532
  ],
  "f1_per_class": [
    0.9181636726546906,
    0.9911929543634908,
    0.9351535836177475,
    0.8492462311557789,
    0.9157667386609071,
    0.8840579710144928,
    0.9565217391304348,
    0.997872340425532
  ],
  "accuracy_per_class": [
    0.9426229508196722,
    0.9919871794871795,
    0.8810289389067524,
    0.8756476683937824,
    0.8724279835390947,
    0.8591549295774648,
    0.9744744744744744,
    0.997872340425532
  ],
  "reliability_diagram": {
    "bin_edges": [
      0.0,
      0.06666666666666667,
      0.13333333333333333,
      0.2,
      0.26666666666666666,
      0.3333333333333333,
      0.4,
      0.4666666666666667,
      0.5333333333333333,
      0.6,
      0.6666666666666666,
      0.7333333333333333,
      0.8,
      0.8666666666666667,
      0.9333333333333333,
      1.0
    ],
    "bin_accuracy": [
      0.0,
      0.0,
      0.0,
      1.0,
      0.2,
      0.631578947368421,
      0.5,
      0.543859649122807,
      0.5272727272727272,
      0.7413793103448276,
      0.7435897435897436,
      0.8048780487804879,
      0.8795620437956204,
      0.9775022956841138,
      0.993103448275862
    ],
    "bin_confidence": [
      0.0,
      0.0,
      0.0,
      0.2535974085330963,
      0.3036819934844971,
      0.37554827332496643,
      0.43555542738998637,
      0.5030337561640823,
      0.5673293308778242,
      0.6375905450048118,
      0.7001362313062717,
      0.7677093090080633,
      0.8388156212159317,
      0.9110076998328812,
      0.9442966833196837
    ],
    "bin_count": [
      0,
      0,
      0,
      1,
      5,
      19,
      34,
      57,
      55,
      58,
      78,
      82,
      274,
      2178,
      580
    ]
  },
  "confusion_matrix": [
    [
      230,
      2,
      0,
      9,
      2,
      1,
      0,
      0
    ],
    [
      0,
      619,
      0,
      3,
      1,
      0,
      1,
      0
    ],
    [
      6,
      0,
      274,
      23,
      2,
      0,
      5,
      1
    ],
    [
      13,
      0,
      0,
      507,
      1,
      23,
      35,
      0
    ],
    [
      4,
      0,
      0,
      26,
      212,
      0,
      1,
      0
    ],
    [
      4,
      0,
      0,
      35,
      1,
      244,
      0,
      0
    ],
    [
      0,
      4,
      0,
      12,
      1,
      0,
      649,
      0
    ],
    [
      0,
      0,
      1,
      0,
      0,
      0,
      0,
      469
    ]
  ],
  "brier_score": 0.10547381535253528,
  "confidence_histogram": {
    "bin_edges": [
      0.0,
      0.05,
      0.1,
      0.15000000000000002,
      0.2,
      0.25,
      0.30000000000000004,
      0.35000000000000003,
      0.4,
      0.45,
      0.5,
      0.55,
      0.6000000000000001,
      0.65,
      0.7000000000000001,
      0.75,
      0.8,
      0.8500000000000001,
      0.9,
      0.9500000000000001,
      1.0
    ],
    "counts": [
      0,
      0,
      0,
      0,
      0,
      4,
      6,
      15,
      23,
      35,
      43,
      45,
      36,
      63,
      56,
      63,
      174,
      477,
      2231,
      150
    ],
    "density": [
      0.0,
      0.0,
      0.0,
      0.0,
      0.0,
      0.001169248757673195,
      0.0017538731365097924,
      0.0043846828412744815,
      0.006723180356620871,
      0.010230926629640456,
      0.012569424144986846,
      0.013154048523823443,
      0.010523238819058756,
      0.018415667933352822,
      0.01636948260742473,
      0.018415667933352822,
      0.05086232095878398,
      0.1394329143525285,
      0.6521484945922245,
      0.043846828412744815
    ]
  },
  "entropy_histogram": {
    "bin_edges": [
      0.10716703534126282,
      0.19829531162977218,
      0.28942358791828154,
      0.3805518642067909,
      0.47168014049530027,
      0.5628084167838097,
      0.6539366930723189,
      0.7450649693608283,
      0.8361932456493377,
      0.9273215219378471,
      1.0184497982263565,
      1.1095780745148658,
      1.200706350803375,
      1.2918346270918846,
      1.3829629033803938,
      1.4740911796689034,
      1.5652194559574126,
      1.656347732245922,
      1.7474760085344314,
      1.8386042848229407,
      1.9297325611114502
    ],
    "counts": [
      2,
      135,
      519,
      1187,
      774,
      186,
      143,
      99,
      65,
      58,
      65,
      44,
      36,
      40,
      29,
      15,
      15,
      5,
      2,
      2
    ],
    "density": [
      0.0005846243788365975,
      0.03946214557147033,
      0.15171002630809705,
      0.3469745688395206,
      0.22624963460976322,
      0.054370067231803564,
      0.04180064308681672,
      0.028938906752411574,
      0.01900029231218942,
      0.016954106986261326,
      0.01900029231218942,
      0.012861736334405145,
      0.010523238819058756,
      0.01169248757673195,
      0.008477053493130663,
      0.0043846828412744815,
      0.0043846828412744815,
      0.0014615609470914938,
      0.0005846243788365975,
      0.0005846243788365975
    ]
  },
  "logit_magnitude_histogram": {
    "bin_edges": [
      0.7548776268959045,
      1.0083456367254258,
      1.261813646554947,
      1.515281656384468,
      1.7687496662139892,
      2.0222176760435104,
      2.2756856858730314,
      2.5291536957025524,
      2.782621705532074,
      3.036089715361595,
      3.2895577251911163,
      3.5430257350206373,
      3.7964937448501583,
      4.04996175467968,
      4.3034297645092,
      4.556897774338722,
      4.810365784168243,
      5.063833793997764,
      5.317301803827285,
      5.570769813656807,
      5.824237823486328
    ],
    "counts": [
      2,
      1,
      6,
      16,
      43,
      54,
      57,
      93,
      117,
      283,
      1232,
      510,
      606,
      300,
      89,
      10,
      1,
      0,
      0,
      1
    ],
    "density": [
      0.0005846243788365975,
      0.00029231218941829873,
      0.0017538731365097924,
      0.00467699503069278,
      0.012569424144986846,
      0.015784858228588133,
      0.01666179479684303,
      0.027185033615901782,
      0.034200526161940956,
      0.08272434960537854,
      0.36012861736334406,
      0.14907921660333237,
      0.17714118678748902,
      0.08769365682548963,
      0.02601578485822859,
      0.0029231218941829875,
      0.00029231218941829873,
      0.0,
      0.0,
      0.00029231218941829873
    ]
  },
  "roc_auc_ovr_per_class": [
    0.9974960912707627,
    0.9998854083587727,
    0.9865613465534889,
    0.9760671107821367,
    0.9963613008155348,
    0.9817624266478694,
    0.9969730165737425,
    0.9999992790038718
  ],
  "roc_auc_ovr_macro": 0.9918882475007724,
  "roc_auc_ovr_micro": 0.9934924253644171,
  "support_analysis": {
    "support": [
      244,
      624,
      311,
      579,
      243,
      284,
      666,
      470
    ],
    "support_fraction": [
      0.07132417421806489,
      0.1824028061970184,
      0.09090909090909091,
      0.16924875767319497,
      0.0710318620286466,
      0.08301666179479684,
      0.19467991815258695,
      0.1373867290266004
    ],
    "class_accuracy": [
      0.9426229508196722,
      0.9919871794871795,
      0.8810289389067524,
      0.8756476683937824,
      0.8724279835390947,
      0.8591549295774648,
      0.9744744744744744,
      0.997872340425532
    ],