{
  "train_loss": [
    0.9546541744309072,
    0.7620164469836667,
    0.6954742989718774,
    0.6516939903549942,
    0.6308646214849856,
    0.600093951908072,
    0.6004288458592838,
    0.5747472374444823,
    0.5673202812452307,
    0.5405552317442883,
    0.5445060885124041,
    0.5398988844798775,
    0.521422553616808,
    0.5075109024118045,
    0.5009682529065951,
    0.5127693235016698,
    0.5095270392925854,
    0.5054096371763005,
    0.5058352662074044,
    0.5012502012822332,
    0.48313725549028486,
    0.4833871160075193
  ],
  "val_loss": [
    1.5071246378889709,
    1.7008314466922083,
    0.8486956525071759,
    0.7311288753402567,
    0.7392815746993662,
    1.0949320302945431,
    0.6809599583394059,
    0.702160576793635,
    0.7938076291128854,
    0.6423927255880053,
    0.8450427668116917,
    0.6266483202158848,
    0.8240511077586735,
    0.6403844785467486,
    0.6235827747906479,
    0.6175625602775645,
    0.6937120378574478,
    0.753006014311425,
    0.6771702331917309,
    0.6160064852126291,
    0.6482470241662498,
    0.6276461972254459
  ],
  "train_acc": [
    0.7898962863834058,
    0.8678487788558046,
    0.9053195048511208,
    0.9267313482770158,
    0.9364335898293744,
    0.944463031114085,
    0.942790230846437,
    0.9618601538976246,
    0.9621947139511542,
    0.976915356306457,
    0.9705587152893944,
    0.9732351957176313,
    0.9809300769488123,
    0.9872867179658749,
    0.9889595182335229,
    0.9849447975911676,
    0.986283037805286,
    0.9879558380729341,
    0.9856139176982268,
    0.9892940782870525,
    0.9969889595182335,
    0.9959852793576447
  ],
  "val_acc": [
    0.5572429906542056,
    0.584696261682243,
    0.8195093457943925,
    0.8948598130841121,
    0.8878504672897196,
    0.7593457943925234,
    0.9001168224299065,
    0.9012850467289719,
    0.8726635514018691,
    0.9322429906542056,
    0.852803738317757,
    0.9357476635514018,
    0.8633177570093458,
    0.9287383177570093,
    0.9369158878504673,
    0.9392523364485982,
    0.9082943925233645,
    0.8966121495327103,
    0.9077102803738317,
    0.9375,
    0.9269859813084113,
    0.9351635514018691
  ],
  "train_grad_norm": [
    0.9999997420697562,
    0.9999995929908692,
    0.9999995301120072,
    0.9962432276522176,
    0.9931137486834654,
    0.9824202384042413,
    0.9916507673860917,
    0.9796051256219396,
    0.9528608799605175,
    0.9302104034480289,
    0.9142411765958404,
    0.9027254164418619,
    0.814205028364144,
    0.7187669305798734,
    0.6619693182497073,
    0.7776944350823248,
    0.7547754427431197,
    0.7576501771821484,
    0.7455167170243167,
    0.5897150641155584,
    0.43914134136700994,
    0.4802436437075553
  ],
  "val_ece": [
    0.1755107838190465,
    0.22968797988005887,
    0.04880464489563042,
    0.0631725368934257,
    0.07475669685507486,
    0.055153436140618586,
    0.06412338131220537,
    0.06209940181296562,
    0.0624732436768919,
    0.068988366626969,
    0.03389591358114628,
    0.07164926825213097,
    0.04148764483561024,
    0.06648166073816955,
    0.060475643933097914,
    0.07095659696540542,
    0.05946234639768848,
    0.03440858926798133,
    0.05387269766461621,
    0.07393877559872435,
    0.0628673492225809,
    0.07015767655222209
  ],
  "val_brier": [
    0.6099241101534816,
    0.6349129436306168,
    0.2559645409456856,
    0.1628257725335042,
    0.17065076692822673,
    0.36735398168893846,
    0.14535542314485575,
    0.15499115778687272,
    0.19771254440360037,
    0.11484701375923408,
    0.232701592543702,
    0.10498242934975063,
    0.21128990228954486,
    0.1154968604080719,
    0.10362311031321156,
    0.09927253812577268,
    0.13942166168780962,
    0.16959640858649547,
    0.13804173252427335,
    0.10265613885982672,
    0.1212812779855024,
    0.1078358228775027
  ],
  "val_f1_macro": [
    0.4105917687607641,
    0.5100078361325092,
    0.7946126585982369,
    0.8729564127111296,
    0.8730950283758403,
    0.6864386414033472,
    0.881822111322464,
    0.8862928552797582,
    0.8422062312941844,
    0.919655288811078,
    0.8271214770160138,
    0.9342062353661168,
    0.8577444286964732,
    0.9187119549172752,
    0.9302381974520952,
    0.9341440336256082,
    0.898468876341229,
    0.8695033809335764,
    0.8793956914840196,
    0.9313938605876685,
    0.9156875292574963,
    0.9289940297262669
  ],
  "best_epoch": 15,
  "best_val_loss": 0.6235827747906479
}