accuracy,f1_macro,ece,brier_score,roc_auc_ovr_macro,roc_auc_ovr_micro
0.9365682548962292,0.9309969038778843,0.061270193559180494,0.10547381535253528,0.9918882475007724,0.9934924253644171
