{
  "train_loss": [
    1.0636670361716998,
    0.8157345398328264,
    0.7766256753558417,
    0.7046143949610129,
    0.6872572413492697,
    0.650790069724613,
    0.6151982752046046,
    0.5905602705562422,
    0.5926787828912541,
    0.5737400568221556,
    0.540756182034066,
    0.5507917825136347,
    0.5411042246223493
  ],
  "val_loss": [
    2.4724864937434687,
    1.1710871246373542,
    1.2505633307394581,
    1.2741900938693609,
    1.0581168025453513,
    0.7812064039372952,
    0.9312950083028491,
    2.375265803292533,
    0.8998125134227432,
    1.1386080412107094,
    0.8798268325975008,
    0.9604785353223854,
    0.8722685898575827
  ],
  "train_acc": [
    0.731682837069254,
    0.848778855804617,
    0.8698561391769822,
    0.8979591836734694,
    0.9073268651722984,
    0.9207092673134828,
    0.9414519906323185,
    0.9534961525593844,
    0.9491468718634996,
    0.963198394111743,
    0.9755771160923385,
    0.9685513549682168,
    0.9732351957176313
  ],
  "val_acc": [
    0.3814252336448598,
    0.6676401869158879,
    0.7155373831775701,
    0.6898364485981309,
    0.7564252336448598,
    0.856892523364486,
    0.8078271028037384,
    0.5800233644859814,
    0.8212616822429907,
    0.7336448598130841,
    0.8311915887850467,
    0.802570093457944,
    0.8352803738317757
  ],
  "train_grad_norm": [
    0.9999997520316594,
    0.9999996365650888,
    0.9999995866529052,
    0.9973543851069413,
    0.999999508714446,
    0.9976234009308225,
    0.9878473747126724,
    0.9599170360711284,
    0.9740238868909802,
    0.9642931432149013,
    0.9073473918291767,
    0.9007829833024024,
    0.906705002789268
  ],
  "val_ece": [
    0.46311934847628394,
    0.030847154209546968,
    0.11185272192042844,
    0.06287588038107499,
    0.06325488704665799,
    0.07563537788342374,
    0.027657161109915424,
    0.2837140033909372,
    0.04078873193814098,
    0.08139348218966032,
    0.02976027891805793,
    0.04612471809105899,
    0.025376054275537192
  ],
  "val_brier": [
    1.0047688206791408,
    0.4400243417891913,
    0.43508788332770304,
    0.4579206290504013,
    0.3560706956337264,
    0.21044615207905407,
    0.2783635102618137,
    0.7312945686760532,
    0.27406057693248853,
    0.3907131864838675,
    0.25576179647488956,
    0.2873017395579033,
    0.2481822078150127
  ],
  "val_f1_macro": [
    0.262526047720236,
    0.6459178279767088,
    0.6654167024402992,
    0.6558804498268804,
    0.6676999709520598,
    0.8412606091201593,
    0.8012950556523317,
    0.4863966567112543,
    0.7943825465575377,
    0.6690482353359017,
    0.8218663772654428,
    0.7824955124920463,
    0.7964268928156589
  ],
  "best_epoch": 6,
  "best_val_loss": 0.7812064039372952
}