accuracy,f1_macro,ece,brier_score,roc_auc_ovr_macro,roc_auc_ovr_micro
0.8658287050570008,0.8483898164431474,0.08289350868491045,0.20345447857611831,0.9820792472506767,0.9855190784940929
