{
  "accuracy": 0.8658287050570008,
  "precision_macro": 0.8646015648405296,
  "recall_macro": 0.845523546329167,
  "f1_macro": 0.8483898164431474,
  "ece": 0.08289350868491045,
  "precision_per_class": [
    0.9290322580645162,
    0.9102362204724409,
    0.9288256227758007,
    0.7361344537815127,
    0.8582375478927203,
    0.6185286103542235,
    0.9627329192546584,
    0.9730848861283644
  ],
  "recall_per_class": [
    0.5901639344262295,
    0.9262820512820513,
    0.8392282958199357,
    0.7564766839378239,
    0.9218106995884774,
    0.7992957746478874,
    0.9309309309309309,
    1.0
  ],
  "f1_per_class": [
    0.7218045112781954,
    0.9181890389197777,
    0.8817567567567568,
    0.7461669505962522,
    0.8888888888888888,
    0.6973886328725039,
    0.9465648854961832,
    0.9863588667366212
  ],
  "accuracy_per_class": [
    0.5901639344262295,
    0.9262820512820513,
    0.8392282958199357,
    0.7564766839378239,
    0.9218106995884774,
    0.7992957746478874,
    0.9309309309309309,
    1.0
  ],
  "reliability_diagram": {
    "bin_edges": [
      0.0,
      0.06666666666666667,
      0.13333333333333333,
      0.2,
      0.26666666666666666,
      0.3333333333333333,
      0.4,
      0.4666666666666667,
      0.5333333333333333,
      0.6,
      0.6666666666666666,
      0.7333333333333333,
      0.8,
      0.8666666666666667,
      0.9333333333333333,
      1.0
    ],
    "bin_accuracy": [
      0.0,
      0.0,
      0.0,
      0.0,
      0.25,
      0.36507936507936506,
      0.5039370078740157,
      0.5988023952095808,
      0.5944444444444444,
      0.7417582417582418,
      0.7971014492753623,
      0.855072463768116,
      0.9507908611599297,
      0.9801418439716312,
      0.9950248756218906
    ],
    "bin_confidence": [
      0.0,
      0.0,
      0.0,
      0.2545926570892334,
      0.3088139030668471,
      0.3669353893824986,
      0.4403126676251569,
      0.49828398192000245,
      0.565974008374744,
      0.6348629544724474,
      0.7017011841138204,
      0.7700004774159279,
      0.8400836955683931,
      0.897421538702985,
      0.9538384705633667
    ],
    "bin_count": [
      0,
      0,
      0,
      3,
      36,
      63,
      127,
      167,
      180,
      182,
      207,
      276,
      569,
      1410,
      201
    ]
  },
  "confusion_matrix": [
    [
      144,
      18,
      5,
      37,
      13,
      26,
      1,
      0
    ],
    [
      0,
      578,
      0,
      28,
      3,
      9,
      5,
      1
    ],
    [
      3,
      4,
      261,
      18,
      3,
      0,
      10,
      12
    ],
    [
      3,
      21,
      7,
      438,
      10,
      93,
      7,
      0
    ],
    [
      0,
      1,
      7,
      9,
      224,
      1,
      1,
      0
    ],
    [
      5,
      8,
      0,
      38,
      6,
      227,
      0,
      0
    ],
    [
      0,
      5,
      1,
      27,
      2,
      11,
      620,
      0
    ],
    [
      0,
      0,
      0,
      0,
      0,
      0,
      0,
      470
    ]
  ],
  "brier_score": 0.20345447857611831,
  "confidence_histogram": {
    "bin_edges": [
      0.0,
      0.05,
      0.1,
      0.15000000000000002,
      0.2,
      0.25,
      0.30000000000000004,
      0.35000000000000003,
      0.4,
      0.45,
      0.5,
      0.55,
      0.6000000000000001,
      0.65,
      0.7000000000000001,
      0.75,
      0.8,
      0.8500000000000001,
      0.9,
      0.9500000000000001,
      1.0
    ],
    "counts": [
      0,
      0,
      0,
      0,
      1,
      11,
      46,
      44,
      72,
      147,
      122,
      133,
      130,
      148,
      164,
      223,
      355,
      1000,
      725,
      100
    ],
    "density": [
      0.0,
      0.0,
      0.0,
      0.0,
      0.00029231218941829873,
      0.003215434083601286,
      0.013446360713241743,
      0.012861736334405145,
      0.02104647763811751,
      0.04296989184448992,
      0.035662087109032445,
      0.038877521192633734,
      0.03800058462437884,
      0.043262204033908215,
      0.04793919906460099,
      0.06518561824028062,
      0.10377082724349605,
      0.29231218941829873,
      0.2119263373282666,
      0.029231218941829874
    ]
  },
  "entropy_histogram": {
    "bin_edges": [
      0.0670529380440712,
      0.1565090622752905,
      0.24596518650650978,
      0.3354213107377291,
      0.42487743496894836,
      0.5143335592001677,
      0.603789683431387,
      0.6932458076626062,
      0.7827019318938255,
      0.8721580561250448,
      0.9616141803562641,
      1.0510703045874834,
      1.1405264288187027,
      1.229982553049922,
      1.3194386772811413,
      1.4088948015123606,
      1.4983509257435799,
      1.5878070499747992,
      1.6772631742060184,
      1.7667192984372377,
      1.856175422668457
    ],
    "counts": [
      21,
      60,
      76,
      237,
      472,
      555,
      458,
      224,
      171,
      178,
      164,
      165,
      139,
      131,
      120,
      106,
      65,
      47,
      21,
      11
    ],
    "density": [
      0.006138555977784273,
      0.017538731365097926,
      0.022215726395790704,
      0.06927798889213681,
      0.137971353405437,
      0.1622332651271558,
      0.13387898275358082,
      0.06547793042969892,
      0.04998538439052908,
      0.05203156971645718,
      0.04793919906460099,
      0.04823151125401929,
      0.040631394329143526,
      0.038292896813797134,
      0.03507746273019585,
      0.030985092078339667,
      0.01900029231218942,
      0.01373867290266004,
      0.006138555977784273,
      0.003215434083601286
    ]
  },
  "logit_magnitude_histogram": {
    "bin_edges": [
      1.1457163095474243,
      1.3899963557720185,
      1.6342764019966125,
      1.8785564482212067,
      2.1228364944458007,
      2.367116540670395,
      2.611396586894989,
      2.8556766331195833,
      3.099956679344177,
      3.3442367255687713,
      3.5885167717933655,
      3.8327968180179597,
      4.077076864242554,
      4.3213569104671485,
      4.565636956691742,
      4.809917002916336,
      5.05419704914093,
      5.2984770953655245,
      5.542757141590118,
      5.787037187814713,
      6.031317234039307
    ],
    "counts": [
      11,
      36,
      88,
      143,
      205,
      218,
      250,
      341,
      690,
      539,
      462,
      222,
      90,
      46,
      37,
      19,
      11,
      8,
      3,
      2
    ],
    "density": [
      0.003215434083601286,
      0.010523238819058756,
      0.02572347266881029,
      0.04180064308681672,
      0.059923998830751245,
      0.06372405729318913,
      0.07307804735457468,
      0.09967845659163987,
      0.20169541069862612,
      0.15755627009646303,
      0.13504823151125403,
      0.06489330605086233,
      0.026308097047646885,
      0.013446360713241743,
      0.010815551008477054,
      0.005553931598947676,
      0.003215434083601286,
      0.00233849751534639,
      0.0008769365682548962,
      0.0005846243788365975
    ]
  },
  "roc_auc_ovr_per_class": [
    0.9651052389871876,
    0.9906957316905476,
    0.988626048117782,
    0.9543359598618792,
    0.9952412030238755,
    0.9687285331369794,
    0.9939373129935744,
    0.9999639501935875
  ],
  "roc_auc_ovr_macro": 0.9820792472506767,
  "roc_auc_ovr_micro": 0.9855190784940929,
  "support_analysis": {
    "support": [
      244,
      624,
      311,
      579,
      243,
      284,
      666,
      470
    ],
    "support_fraction": [
      0.07132417421806489,
      0.1824028061970184,
      0.09090909090909091,
      0.16924875767319497,
      0.0710318620286466,
      0.08301666179479684,
      0.19467991815258695,
      0.1373867290266004
    ],
    "class_accuracy": [
      0.5901639344262295,
      0.9262820512820513,
      0.8392282958199357,
      0.7564766839378239,
      0.9218106995884774,
      0.7992957746478874,
      0.9309309309309309,
      1.0
    ],