{
  "train_loss": [
    1.0161067619701722,
    0.8159822316779392,
    0.7750727273078355,
    0.7396927306869175,
    0.7126043964383275,
    0.6952678854324534,
    0.6793276923128829,
    0.6619909521039986,
    0.651428520026559,
    0.6418282170789738,
    0.6310450554153215,
    0.6201205786299832,
    0.6148427508877954,
    0.5963767691493503,
    0.5960537108682014,
    0.5870318431421231,
    0.5837115639278209,
    0.5748175074647667,
    0.5675462786395151,
    0.5614152166374711,
    0.5581205557477007,
    0.5490244081241847
  ],
  "val_loss": [
    0.8223991884249393,
    0.7605761111339676,
    0.9882489420543207,
    0.6937438873487098,
    0.6816839871005477,
    0.67403224751214,
    0.7824830139908835,
    0.6591455228974886,
    0.605887032000818,
    0.6444993698708364,
    0.6051522777459332,
    0.7172245266281556,
    0.6017221758298785,
    0.737862165843215,
    0.5913037930693582,
    0.597124659569464,
    0.6205533971296293,
    0.6376949275765463,
    0.5853318945269719,
    0.5945349915005337,
    0.633084996838436,
    0.746343363668317
  ],
  "train_acc": [
    0.7717200434818965,
    0.8687181202441676,
    0.8880341165649301,
    0.9011623045405134,
    0.9145413496111715,
    0.9234885860021741,
    0.9304289656325779,
    0.9359478217242244,
    0.9398779162137303,
    0.945982105527218,
    0.9506647713019484,
    0.9562672464252864,
    0.956768960615436,
    0.9667196253867381,
    0.9646291495944477,
    0.970398862781169,
    0.9722384814783844,
    0.9758340998411238,
    0.980767622710929,
    0.9819382891546116,
    0.9836942888201354,
    0.987457145246258
  ],
  "val_acc": [
    0.8627336448598131,
    0.8679906542056075,
    0.7809579439252337,
    0.9077102803738317,
    0.915303738317757,
    0.9199766355140186,
    0.883177570093458,
    0.9287383177570093,
    0.9526869158878505,
    0.9392523364485982,
    0.9491822429906542,
    0.9036214953271028,
    0.9538551401869159,
    0.8855140186915887,
    0.9591121495327103,
    0.9485981308411215,
    0.9427570093457944,
    0.9386682242990654,
    0.9544392523364486,
    0.9526869158878505,
    0.9421728971962616,
    0.8989485981308412
  ],
  "train_grad_norm": [
    0.9970057323602101,
    0.9881462714330697,
    0.9918314992278857,
    0.9834062922609915,
    0.9769004033852982,
    0.9653407002289817,
    0.9560761817547537,
    0.9467478986961423,
    0.9609664866955315,
    0.9418531499419261,
    0.919649664765204,
    0.9307244305337441,
    0.9257310864228435,
    0.9058376323666452,
    0.9062468096069758,
    0.9027583678742271,
    0.9051751119893243,
    0.888852183709922,
    0.8350380873919916,
    0.8399566395390087,
    0.8460614473373024,
    0.7894272810037587
  ],
  "val_ece": [
    0.14580983828718422,
    0.0865885034969477,
    0.02841834520277018,
    0.06853364100766796,
    0.09983105964471249,
    0.07296820190326078,
    0.06448641186144863,
    0.10085207419731068,
    0.09175190748211653,
    0.09323251959389055,
    0.09365171179279824,
    0.09788467750719218,
    0.07645152980966545,
    0.03329105013720342,
    0.0627067122155818,
    0.0839183301725816,
    0.1057201050848604,
    0.06619652245785586,
    0.08643005903218394,
    0.07152186637030583,
    0.08626315299700077,
    0.05338853795220641
  ],
  "val_brier": [
    0.23341903847478584,
    0.19259542314481487,
    0.3140044588358167,
    0.13895203210698912,
    0.14262679645370907,
    0.12206704598508765,
    0.1885021725004922,
    0.12379618731286841,
    0.08758077676700222,
    0.10744712701566307,
    0.09090297443406586,
    0.1639914570972518,
    0.0809669676615928,
    0.16973761166296172,
    0.06846728977057517,
    0.08855140434255931,
    0.10473261461525697,
    0.10221694847737456,
    0.07910735727207205,
    0.07723500151392577,
    0.10275942449984164,
    0.15636323464135077
  ],
  "val_f1_macro": [
    0.8436124171557708,
    0.8379292225257339,
    0.746234382290987,
    0.8885717124304278,
    0.9045024353681709,
    0.9097673406729316,
    0.8296207726746208,
    0.91711501665987,
    0.9466781960637225,
    0.9322268118710464,
    0.9405022677919,
    0.8850774534911642,
    0.9481141076379559,
    0.8529206088250054,
    0.9547979851308632,
    0.9416289966894227,
    0.9354115810529812,
    0.9313501452958799,
    0.9493055923313424,
    0.9483652121435453,
    0.929643590563735,
    0.8913503300792873
  ],
  "best_epoch": 15,
  "best_val_loss": 0.5913037930693582
}