{
  "train_loss": [
    0.7878130198631491,
    0.6647020729103059,
    0.6195856484793453,
    0.5996570044640803,
    0.5839763444964627,
    0.5767301505191518,
    0.5571871093707257,
    0.5490728960616182,
    0.541719473183818,
    0.5305564121484697,
    0.5291953703932304,
    0.5243851802492433,
    0.5200397745154854,
    0.5171993983680064,
    0.5049866692399249,
    0.4993403430008571,
    0.49828584949869964,
    0.5004918451257968,
    0.4973737429626531,
    0.4908893371976053,
    0.49152435769912384,
    0.48701635277962063,
    0.4868122257958269,
    0.48529732784047475,
    0.48098496864328255,
    0.47786543479740484
  ],
  "val_loss": [
    1.2224324596262424,
    0.7658785264068675,
    0.6548054207151182,
    0.5952340715399412,
    0.7921606697768808,
    0.6326112970013484,
    0.6952591354601851,
    0.5585860281347115,
    0.6212630277482148,
    0.5722511956624896,
    0.5931158177206449,
    0.6168738235937101,
    0.5947004578937994,
    0.5899702951172802,
    0.5533419585673609,
    0.5593017400982224,
    0.5832026506138739,
    0.590488160324988,
    0.5414380954804822,
    0.5446509351240141,
    0.5763619937629343,
    0.5570598629033454,
    0.5551765232442696,
    0.5693312827671799,
    0.5678944487438023,
    0.5738251298387474
  ],
  "train_acc": [
    0.8606070741700811,
    0.9152103018647044,
    0.9362822978509909,
    0.9449786771469186,
    0.951835437745631,
    0.9547621038548374,
    0.9624550547704658,
    0.9680575298938038,
    0.9694790534325612,
    0.9747470524291328,
    0.9752487666192825,
    0.9779245756334142,
    0.9794297182038632,
    0.9797641943306297,
    0.9850321933272013,
    0.9884605736265574,
    0.9884605736265574,
    0.9870390500878,
    0.9880424784680993,
    0.9909691445773058,
    0.9908019065139225,
    0.9933940964963626,
    0.9923070490843716,
    0.9934777155280542,
    0.9949828580985032,
    0.9960699055104942
  ],
  "val_acc": [
    0.6629672897196262,
    0.8685747663551402,
    0.9199766355140186,
    0.9532710280373832,
    0.8557242990654206,
    0.9258177570093458,
    0.8913551401869159,
    0.9643691588785047,
    0.9269859813084113,
    0.9602803738317757,
    0.9404205607476636,
    0.9375,
    0.9433411214953271,
    0.9445093457943925,
    0.9620327102803738,
    0.9614485981308412,
    0.9497663551401869,
    0.947429906542056,
    0.9667056074766355,
    0.967873831775701,
    0.9532710280373832,
    0.9620327102803738,
    0.9608644859813084,
    0.9567757009345794,
    0.959696261682243,
    0.9579439252336449
  ],
  "train_grad_norm": [
    0.9999996033507821,
    0.9954673701476265,
    0.9675463723018513,
    0.9609594589711334,
    0.936782002489572,
    0.9250866720015509,
    0.8600870532664687,
    0.823903694956174,
    0.8275908583987478,
    0.7625699254746742,
    0.7746319345825532,
    0.7561830567848086,
    0.7072270096580726,
    0.7102292140663241,
    0.6344934527140553,
    0.5797820611858938,
    0.630104739891403,
    0.6104258613497735,
    0.6266517596244465,
    0.5638060172147233,
    0.5693877399809281,
    0.5065890525036473,
    0.5192853722691999,
    0.5256829502580901,
    0.40308189870681915,
    0.3288033529138327
  ],
  "val_ece": [
    0.08854457980596295,
    0.0860013862741049,
    0.06499145080761935,
    0.0797820706790853,
    0.04424213579742703,
    0.06492632808529326,
    0.04876242997559986,
    0.09030952226266122,
    0.07798973559706568,
    0.07750820222302016,
    0.06458648457844679,
    0.06415720931558962,
    0.06962319273745343,
    0.07116719758329551,
    0.07860986049347952,
    0.08605925888519424,
    0.07439974228912422,
    0.07350579041674313,
    0.07725524949345071,
    0.07686520284302881,
    0.07220431810645302,
    0.07873278859759048,
    0.08195291635380172,
    0.07073880094930395,
    0.08076865661227811,
    0.07425479213141391
  ],
  "val_brier": [
    0.4389225358400107,
    0.1953613284552978,
    0.12332520320540344,
    0.08418674910785051,
    0.20930814447331267,
    0.11353362333308503,
    0.15619765726728826,
    0.06575701165635454,
    0.10967874784456293,
    0.0740132798710633,
    0.09262981146393175,
    0.10237269857547422,
    0.08863558274390755,
    0.08798986925961419,
    0.06502271942093976,
    0.06957954260829392,
    0.08159585362462138,
    0.0880076579191278,
    0.05677145191946661,
    0.05778104312503116,
    0.07295166936714055,
    0.06527728105280624,
    0.06228406887809184,
    0.0708722196829984,
    0.07058588548791724,
    0.074439653445071
  ],
  "val_f1_macro": [
    0.5062476220324944,
    0.8419713680747034,
    0.9188017940590569,
    0.9486650475304771,
    0.839918248118734,
    0.9098152218803381,
    0.8758986296436027,
    0.9608606644413974,
    0.9208998116659456,
    0.9564828525510005,
    0.930625348700379,
    0.9269753070447803,
    0.9381046556556063,
    0.9362217680625798,
    0.9580336297755018,
    0.9581236229537726,
    0.9424817164285325,
    0.9413062835148984,
    0.9647142789369578,
    0.9670650709480709,
    0.9480843283268143,
    0.9576267890138717,
    0.9576484464639484,
    0.9548224058742547,
    0.9568835939659788,
    0.9529275921319895
  ],
  "best_epoch": 19,
  "best_val_loss": 0.5414380954804822
}