{
  "train_loss": [
    1.1805463334331645,
    0.9422830451500736,
    0.8686947530702919,
    0.8307070292022198,
    0.7869282514517278,
    0.7598979066961116,
    0.7346451250403728,
    0.7072656085054774,
    0.6926666526344272,
    0.6717148558413049,
    0.6521649595556555,
    0.6367990029018672,
    0.6228362440923373,
    0.6050022073150508,
    0.5993106341778669,
    0.5927185231960082,
    0.5728670141650877,
    0.5662118455659726,
    0.5603607261456995,
    0.5522015416828503,
    0.5459256799775867,
    0.5423041776985177,
    0.5376090061127298,
    0.5324820120783791,
    0.5292129253392156,
    0.5266378898765742,
    0.5230097238390887
  ],
  "val_loss": [
    0.9743174069395689,
    0.9369482125077292,
    0.8725671723624256,
    1.6243144975644406,
    0.9747338384111351,
    1.5420653998294724,
    0.882095001568304,
    1.0398148075442448,
    0.927414584939725,
    0.9757945949786178,
    0.7918431268674191,
    0.7632699146449009,
    0.7654672571431811,
    0.9226258803750867,
    0.9135110545381208,
    0.7477771979626094,
    0.8001492402263891,
    0.7725590823966766,
    0.8106970675637789,
    0.7254837918504377,
    0.7275302337708874,
    0.7960645071813993,
    0.8583767592349899,
    0.7460490738120035,
    0.9350391526088536,
    0.7071459583032911,
    0.7782811427784857
  ],
  "train_acc": [
    0.6774813947654487,
    0.8032444184296346,
    0.8386988878668785,
    0.8601889790116231,
    0.8814282130612927,
    0.893051258466427,
    0.9044234467764863,
    0.9195584915126683,
    0.9263316330796889,
    0.9372857262312903,
    0.9474036290659754,
    0.9528388661259303,
    0.9582741031858851,
    0.9701480056860942,
    0.9714022911614684,
    0.9728238147002257,
    0.9842796220419767,
    0.9851994313905845,
    0.9869554310561084,
    0.9903001923237729,
    0.99222343005268,
    0.9927251442428296,
    0.9943975248766619,
    0.9971569529224852,
    0.9966552387323355,
    0.9973241909858683,
    0.9986620954929342
  ],
  "val_acc": [
    0.7663551401869159,
    0.7961448598130841,
    0.8247663551401869,
    0.5239485981308412,
    0.7809579439252337,
    0.5771028037383178,
    0.8125,
    0.7663551401869159,
    0.8113317757009346,
    0.8008177570093458,
    0.8563084112149533,
    0.8726635514018691,
    0.8925233644859814,
    0.8300233644859814,
    0.8329439252336449,
    0.8960280373831776,
    0.875,
    0.8802570093457944,
    0.8434579439252337,
    0.8860981308411215,
    0.8913551401869159,
    0.8539719626168224,
    0.8498831775700935,
    0.893107476635514,
    0.8183411214953271,
    0.9012850467289719,
    0.8790887850467289
  ],
  "train_grad_norm": [
    0.9849849538730658,
    0.9675292037287887,
    0.9774798079006524,
    0.9802236943519981,
    0.9765692386514485,
    0.986381609341231,
    0.9760718372346004,
    0.9794881348950149,
    0.9904527012487744,
    0.9754534178752549,
    0.9714063712279429,
    0.9725194216224349,
    0.9607429110233381,
    0.9401887827310489,
    0.9493405263908377,
    0.9264177955222975,
    0.8866759715400712,
    0.8624686009886908,
    0.8487733732142709,
    0.7933255947360418,
    0.7659260405605874,
    0.7483410585698507,
    0.7103658302706248,
    0.6725773436428948,
    0.635605970428899,
    0.6150337070361598,
    0.5910823814757766
  ],
  "val_ece": [
    0.11999965423422158,
    0.035609544167799906,
    0.0781553116339807,
    0.275508884810538,
    0.026090416352255896,
    0.18730587832560047,
    0.027561719189876693,
    0.027148792763876037,
    0.038477979234863666,
    0.026246796640628425,
    0.0721601252052411,
    0.047036215837035246,
    0.03310579969330092,
    0.029157300244703453,
    0.02465666578125178,
    0.08408965486336811,
    0.1280893660368067,
    0.052208148465256815,
    0.05120792409631414,
    0.054212329996244916,
    0.0706298400987392,
    0.046677876455343756,
    0.05060208507891847,
    0.0497498957213954,
    0.04217095725307951,
    0.08950355072793,
    0.0603009021936733
  ],
  "val_brier": [
    0.33525977571746574,
    0.2826170847766179,
    0.2549089953440293,
    0.690944017339008,
    0.3064963778331136,
    0.6342498069503615,
    0.25955819783898887,
    0.33521064805019135,
    0.27892864189795935,
    0.27927488496686703,
    0.20951313407844624,
    0.19248240296181984,
    0.16163612326301652,
    0.24480659211435074,
    0.24674223007805104,
    0.17569365636107895,
    0.21573025541901403,
    0.18028148626104434,
    0.2153977442868693,
    0.16307820967440398,
    0.16011611229142958,
    0.20987541085656117,
    0.24618535821853185,
    0.16347704296046592,
    0.2744096482392849,
    0.15614847446953015,
    0.18353225031307813
  ],
  "val_f1_macro": [
    0.7311901762731673,
    0.7209057160997372,
    0.8065018667782133,
    0.44791073611742893,
    0.785947960569011,
    0.5601362723552248,
    0.7497641301036427,
    0.7496393132209667,
    0.7663119277576189,
    0.7822412014577047,
    0.8566714575460415,
    0.8565586797420713,
    0.8793024922768246,
    0.8068784032829392,
    0.7919453360668827,
    0.8876223783823698,
    0.8724389302073536,
    0.8514282855046595,
    0.8167913306766295,
    0.8782315717664275,
    0.8815710607265739,
    0.8222981031717653,
    0.8283626514240461,
    0.8797857296499696,
    0.7853233200189214,
    0.8861044328268527,
    0.8678438309434386
  ],
  "best_epoch": 20,
  "best_val_loss": 0.7254837918504377
}