{
  "train_loss": [
    0.9039947667471969,
    0.7438503383084956,
    0.69856958199289,
    0.6568644925028656,
    0.6359293857927815,
    0.6188179104810017,
    0.598437762178698,
    0.582839924377665,
    0.5697242503670986,
    0.5567854187771453,
    0.5449265448910924,
    0.5398615645578807,
    0.5282577552696924,
    0.5233772097522872,
    0.5137385046395363,
    0.5117296547143692,
    0.507278521619759,
    0.5015295454167694,
    0.49676831041563413,
    0.4972401698682906,
    0.48953312088667883
  ],
  "val_loss": [
    1.0348867111116926,
    0.6869253087266584,
    0.7232664121645633,
    0.7270556532333945,
    0.6406862122990261,
    0.6732164821892141,
    0.6809145301301903,
    0.8022183753619684,
    0.7763825833240402,
    0.7397772463682656,
    1.2872589002145784,
    0.6350557553433926,
    0.6614304814383248,
    0.6067714646597889,
    0.6787142441651531,
    0.7857915241027547,
    0.6373673031263263,
    0.667725009338878,
    0.6368986997648934,
    0.6357250670406306,
    0.652448012450031
  ],
  "train_acc": [
    0.8024082281127185,
    0.8790032611422359,
    0.9009950664771302,
    0.9205619198929677,
    0.9294255372522786,
    0.9361986788192993,
    0.9467346768124425,
    0.9512501045237897,
    0.9556819132034451,
    0.9642110544359896,
    0.9689773392424116,
    0.9698971485910193,
    0.976001337904507,
    0.9786771469186387,
    0.9814365749644619,
    0.9825236223764529,
    0.9845304791370516,
    0.9871226691194916,
    0.9888786687850155,
    0.988962287816707,
    0.9923070490843716
  ],
  "val_acc": [
    0.7669392523364486,
    0.9042056074766355,
    0.8896028037383178,
    0.893107476635514,
    0.9252336448598131,
    0.9135514018691588,
    0.9088785046728972,
    0.8551401869158879,
    0.8627336448598131,
    0.8872663551401869,
    0.6997663551401869,
    0.9252336448598131,
    0.9117990654205608,
    0.9421728971962616,
    0.9088785046728972,
    0.8802570093457944,
    0.9258177570093458,
    0.919392523364486,
    0.9281542056074766,
    0.9310747663551402,
    0.9246495327102804
  ],
  "train_grad_norm": [
    0.9999996313494514,
    0.99942829855015,
    0.9932649348613838,
    0.9814785253404549,
    0.9619491725752854,
    0.9412065398438386,
    0.9050244788405085,
    0.8691984118115378,
    0.8559451959583015,
    0.8266514903204139,
    0.7881944738233035,
    0.7634840164176236,
    0.7201058688029267,
    0.7097031344898681,
    0.6711377710066534,
    0.6828333732724485,
    0.6516819338292261,
    0.6162137915692001,
    0.5983940718403681,
    0.5873190457523579,
    0.537006422960767
  ],
  "val_ece": [
    0.049350269852536835,
    0.08856261114233008,
    0.08116715596379519,
    0.07763015471886248,
    0.08949484642177262,
    0.07814521421721879,
    0.059795111818152044,
    0.053493070007066865,
    0.05745424122210139,
    0.05251446113895589,
    0.0845749298911368,
    0.07271078549255831,
    0.060866076673302676,
    0.06994762379571655,
    0.06214724223468906,
    0.04634428045181464,
    0.06651578521547477,
    0.05797369948753681,
    0.05804508376135455,
    0.058265152918261856,
    0.06184085643040803
  ],
  "val_brier": [
    0.3491899022236724,
    0.15228377349811487,
    0.17453845745883573,
    0.17160458166301507,
    0.12189479323955207,
    0.14106042853999545,
    0.1405143194988602,
    0.21818660695623682,
    0.20447831011646903,
    0.1703896991806559,
    0.4428665376893893,
    0.11880606243853781,
    0.13066284622725247,
    0.09447235483278132,
    0.13711408442653772,
    0.19468732125488888,
    0.11435829134190742,
    0.12836497693965992,
    0.11190576207313863,
    0.10936085102003441,
    0.12102748564644233
  ],
  "val_f1_macro": [
    0.7062218618894033,
    0.8944705978011207,
    0.8767177276792122,
    0.8798518983016512,
    0.9198327318915759,
    0.910031700800962,
    0.8969215805916778,
    0.837494698069005,
    0.849446002290972,
    0.8615523555416423,
    0.6788352689919596,
    0.920927927128885,
    0.8969883082433393,
    0.9360666939270883,
    0.889578556017652,
    0.8766050203114775,
    0.9108207044046603,
    0.9084580304829277,
    0.9196695518697384,
    0.9244251953104352,
    0.9166857809336039
  ],
  "best_epoch": 14,
  "best_val_loss": 0.6067714646597889
}