{
  "train_loss": [
    0.6061993266327522,
    0.31769608097104535,
    0.2449115630600921,
    0.205190615978379,
    0.1781636168028556,
    0.15884610185321582,
    0.14274722410736193,
    0.13271661601353657,
    0.12372505082353173,
    0.1155899711419773,
    0.10711361752430001,
    0.10329196274299092,
    0.09685465515027239,
    0.09301433109327294,
    0.08783850798462473,
    0.08446306787499788,
    0.08005855650622355,
    0.0798191200239594
  ],
  "val_loss": [
    0.33736704096871345,
    0.31800914269502234,
    0.224111465562205,
    0.2346704347235639,
    0.21592669506542017,
    0.1819602964652247,
    0.28796402557117373,
    0.13645573728522364,
    0.09318486794454009,
    0.1129683683686307,
    0.08818286221797635,
    0.09301552068634254,
    0.37654646112174334,
    0.11117236149675701,
    0.16142311909112012,
    0.11674748122415057,
    0.10444950817770264,
    0.29447385798640746
  ],
  "train_acc": [
    0.784479310191564,
    0.8899951108938176,
    0.9184704505385425,
    0.9317006681778449,
    0.9408862616116271,
    0.9463828021986163,
    0.952723824762582,
    0.9561610145636102,
    0.9586796450212602,
    0.9624575907077352,
    0.9647984354860216,
    0.9659392269286042,
    0.968398595493133,
    0.9695542024089959,
    0.9715394758285554,
    0.9720580173933656,
    0.9731543624161074,
    0.9734210409351527
  ],
  "val_acc": [
    0.8771491403438625,
    0.8917433026789284,
    0.9206317473010796,
    0.919032387045182,
    0.9254298280687725,
    0.9378248700519792,
    0.9043382646941224,
    0.9559176329468213,
    0.9703118752499,
    0.9629148340663735,
    0.9716113554578168,
    0.9705117952818872,
    0.8930427828868452,
    0.9653138744502199,
    0.9461215513794482,
    0.9597161135545782,
    0.9679128348660536,
    0.9091363454618153
  ],
  "best_epoch": 11,
  "best_val_loss": 0.08818286221797635
}