{
  "accuracy": 0.8837047353760445,
  "precision_macro": 0.8638611244135749,
  "recall_macro": 0.8272095387648604,
  "f1_macro": 0.8302761020145716,
  "confusion_matrix": [
    [
      1316,
      0,
      0,
      0,
      0,
      22,
      0,
      0,
      0
    ],
    [
      0,
      847,
      0,
      0,
      0,
      0,
      0,
      0,
      0
    ],
    [
      0,
      9,
      162,
      0,
      0,
      154,
      0,
      14,
      0
    ],
    [
      0,
      0,
      4,
      629,
      0,
      0,
      0,
      0,
      1
    ],
    [
      96,
      80,
      0,
      0,
      850,
      3,
      5,
      0,
      1
    ],
    [
      0,
      58,
      3,
      0,
      0,
      515,
      0,
      16,
      0
    ],
    [
      6,
      0,
      2,
      19,
      0,
      0,
      703,
      5,
      6
    ],
    [
      1,
      6,
      39,
      8,
      9,
      139,
      1,
      178,
      40
    ],
    [
      1,
      0,
      4,
      29,
      3,
      2,
      49,
      0,
      1145
    ]
  ]
}