{
  "train_loss": [
    0.5575048860246885,
    0.33244613398913536,
    0.2643793646230686,
    0.22398650884771354,
    0.19822398308051212,
    0.17710642002632557,
    0.16405019624474465,
    0.15289360638519395,
    0.14029812989595994,
    0.1308573095127747,
    0.11843813621254463,
    0.11302990950025314,
    0.1064509397914947,
    0.10446676259069303,
    0.09853106465150967,
    0.09023436001477045,
    0.08878693378739744,
    0.08671179213073428,
    0.07961645481266678,
    0.07885343687301723,
    0.07776661385774378,
    0.07234942128708978,
    0.0684959329850152,
    0.07135248178933272,
    0.066668425326737,
    0.06495156583275931,
    0.06565515349006198,
    0.060657634471649804,
    0.06066404466637188,
    0.06020475735368998,
    0.061778252928041025,
    0.05579583294245802,
    0.05756624758683772
  ],
  "val_loss": [
    0.4199261464735643,
    0.30052616734091925,
    0.18350392555008407,
    0.21094840225197228,
    0.18120675919795695,
    0.14638117825562527,
    0.12420318491074715,
    0.12193661516473465,
    0.17011508810930087,
    0.12338762440499379,
    0.09870493011038954,
    0.134632047225551,
    0.12967769411660252,
    0.10368676467097458,
    0.08982721721527816,
    0.11286094454063124,
    0.11010255420603594,
    0.1073868701227757,
    0.10740047395050598,
    0.12395856128793295,
    0.09431432021922562,
    0.08974750167647394,
    0.1107032380745661,
    0.11279345696411434,
    0.09481237751499909,
    0.07636840510793158,
    0.11143274089602269,
    0.10185509515268619,
    0.10720245557159828,
    0.09594760801824109,
    0.1234768927276063,
    0.11157599569070058,
    0.13771274437221503
  ],
  "train_acc": [
    0.8053098656236574,
    0.8859504866882972,
    0.9088700238529119,
    0.924292931537698,
    0.9327081203609049,
    0.9399528867949687,
    0.9449901477102686,
    0.9483680756181756,
    0.9518497118390447,
    0.957109204853549,
    0.9602352697156911,
    0.9611093826392284,
    0.9644724950738551,
    0.9646799116997793,
    0.9660725661881269,
    0.9695542024089959,
    0.9707246247981391,
    0.9710505652103056,
    0.9735691956679556,
    0.972887683897062,
    0.9734654873549936,
    0.9748581418433412,
    0.9766063676904159,
    0.9757026238203179,
    0.9769323081025824,
    0.9777619746062788,
    0.9775693734536349,
    0.9794953849800732,
    0.9793620457205505,
    0.9801324503311258,
    0.9796435397128761,
    0.9810213787279435,
    0.9808287775752996
  ],
  "val_acc": [
    0.859156337465014,
    0.8987405037984806,
    0.9395241903238705,
    0.9321271491403439,
    0.9348260695721712,
    0.9499200319872051,
    0.9582167133146742,
    0.9598160735705717,
    0.9423230707716913,
    0.9604158336665334,
    0.965813674530188,
    0.9548180727708916,
    0.9585165933626549,
    0.9645141943222711,
    0.9692123150739704,
    0.9620151939224311,
    0.9612155137944822,
    0.9629148340663735,
    0.9637145141943223,
    0.9588164734106357,
    0.969312275089964,
    0.9697121151539384,
    0.9657137145141943,
    0.9601159536185526,
    0.9697121151539384,
    0.975109956017593,
    0.9645141943222711,
    0.9663134746101559,
    0.9646141543382647,
    0.96781287485006,
    0.961015593762495,
    0.9635145941623351,
    0.9568172730907637
  ],
  "best_epoch": 26,
  "best_val_loss": 0.07636840510793158
}