{
  "accuracy": 0.8896935933147633,
  "precision_macro": 0.8548944033700012,
  "recall_macro": 0.8398372844630253,
  "f1_macro": 0.8416311468207573,
  "confusion_matrix": [
    [
      1276,
      5,
      4,
      0,
      0,
      49,
      4,
      0,
      0
    ],
    [
      0,
      847,
      0,
      0,
      0,
      0,
      0,
      0,
      0
    ],
    [
      0,
      8,
      184,
      1,
      0,
      121,
      0,
      23,
      2
    ],
    [
      0,
      0,
      13,
      610,
      1,
      0,
      2,
      0,
      8
    ],
    [
      45,
      44,
      1,
      0,
      922,
      2,
      5,
      7,
      9
    ],
    [
      0,
      58,
      10,
      2,
      0,
      502,
      0,
      19,
      1
    ],
    [
      0,
      0,
      4,
      12,
      1,
      0,
      683,
      6,
      35
    ],
    [
      0,
      6,
      58,
      0,
      2,
      89,
      6,
      213,
      47
    ],
    [
      0,
      0,
      17,
      24,
      4,
      3,
      28,
      6,
      1151
    ]
  ]
}