{
  "accuracy": 0.88008356545961,
  "precision_macro": 0.8563045706468057,
  "recall_macro": 0.8521664966665623,
  "f1_macro": 0.8397894522052941,
  "confusion_matrix": [
    [
      1145,
      0,
      18,
      0,
      5,
      168,
      2,
      0,
      0
    ],
    [
      0,
      847,
      0,
      0,
      0,
      0,
      0,
      0,
      0
    ],
    [
      0,
      9,
      294,
      0,
      0,
      28,
      0,
      8,
      0
    ],
    [
      0,
      0,
      27,
      606,
      0,
      0,
      0,
      0,
      1
    ],
    [
      23,
      43,
      0,
      0,
      955,
      0,
      11,
      0,
      3
    ],
    [
      0,
      61,
      68,
      0,
      1,
      459,
      0,
      3,
      0
    ],
    [
      0,
      0,
      17,
      27,
      0,
      0,
      665,
      11,
      21
    ],
    [
      0,
      6,
      109,
      8,
      1,
      83,
      0,
      193,
      21
    ],
    [
      0,
      0,
      22,
      24,
      1,
      1,
      29,
      1,
      1155
    ]
  ]
}