{
  "baseline": {
    "accuracy": 0.88008356545961,
    "precision_macro": 0.8563045706468057,
    "recall_macro": 0.8521664966665623,
    "f1_macro": 0.8397894522052941
  },
  "ga_cnn": {
    "accuracy": 0.8961002785515321,
    "precision_macro": 0.8670591654006619,
    "recall_macro": 0.8472751138678339,
    "f1_macro": 0.846633013064295
  }
}