{
  "accuracy": 0.8961002785515321,
  "precision_macro": 0.8670591654006619,
  "recall_macro": 0.8472751138678339,
  "f1_macro": 0.846633013064295,
  "confusion_matrix": [
    [
      1309,
      1,
      1,
      0,
      5,
      21,
      0,
      0,
      1
    ],
    [
      0,
      847,
      0,
      0,
      0,
      0,
      0,
      0,
      0
    ],
    [
      0,
      0,
      241,
      8,
      1,
      76,
      0,
      8,
      5
    ],
    [
      0,
      0,
      2,
      628,
      0,
      0,
      0,
      0,
      4
    ],
    [
      25,
      48,
      1,
      0,
      949,
      2,
      2,
      0,
      8
    ],
    [
      0,
      30,
      39,
      0,
      27,
      478,
      0,
      15,
      3
    ],
    [
      0,
      0,
      12,
      32,
      0,
      0,
      652,
      5,
      40
    ],
    [
      0,
      2,
      73,
      7,
      2,
      85,
      6,
      168,
      78
    ],
    [
      0,
      0,
      6,
      30,
      1,
      3,
      31,
      0,
      1162
    ]
  ]
}