{
  "train_loss": [
    0.8188681293987938,
    0.6837954961452107,
    0.6361618116689055,
    0.6131823991623354,
    0.5960209599996918,
    0.5831788165112883,
    0.5658808395553956,
    0.5528413716041998,
    0.5518125843637589,
    0.5365674620236105,
    0.5301863940507223,
    0.517470245417683,
    0.5204344106592427,
    0.508992175033013,
    0.5112581780315948,
    0.4996887407370376,
    0.5064385158851641
  ],
  "val_loss": [
    0.907285281430895,
    0.8317527057968568,
    0.6922841868667959,
    0.6085953261250647,
    0.6263834137782872,
    0.6714229583740234,
    0.6407083718576164,
    0.6440427303314209,
    0.5890810545359817,
    0.5446046044893353,
    0.6744726344803783,
    0.6902887286426865,
    0.5648612864663668,
    0.5800716798996257,
    0.5567837212687341,
    0.5817637281997181,
    0.5442712607784806
  ],
  "train_acc": [
    0.84702865425354,
    0.909465938231687,
    0.9313189876240383,
    0.9390121529713458,
    0.9459248522689263,
    0.9497156873675995,
    0.9596387557141265,
    0.9646560374623704,
    0.9646560374623704,
    0.971234251310068,
    0.9771434942579997,
    0.9802653584569071,
    0.9802653584569071,
    0.9837217081056974,
    0.9823837663061656,
    0.9888504850039024,
    0.9841676887055413
  ],
  "val_acc": [
    0.8335280373831776,
    0.830607476635514,
    0.9082943925233645,
    0.9450934579439252,
    0.9269859813084113,
    0.9088785046728972,
    0.9258177570093458,
    0.9269859813084113,
    0.9480140186915887,
    0.9707943925233645,
    0.915303738317757,
    0.9042056074766355,
    0.959696261682243,
    0.955607476635514,
    0.9614485981308412,
    0.9509345794392523,
    0.9643691588785047
  ],
  "train_grad_norm": [
    0.9999996575189938,
    0.9975495051928489,
    0.9901518526229277,
    0.9821506907755048,
    0.9645052484165421,
    0.9410046355614834,
    0.9021133491041093,
    0.8616938028249416,
    0.8794654023701233,
    0.8082582056737752,
    0.7845964925735667,
    0.7297202336476115,
    0.7370506166525443,
    0.668405693219235,
    0.7043375174840147,
    0.5959998273725029,
    0.690288411539395
  ],
  "val_ece": [
    0.040866549483665776,
    0.06924069350776826,
    0.07451558548295611,
    0.09338157559597045,
    0.08469361249601168,
    0.06378069664482197,
    0.06558848531028931,
    0.0744193068696795,
    0.0804668986630217,
    0.08175941673325043,
    0.049304054980383885,
    0.05170736447951506,
    0.08376190367494227,
    0.07512552769872076,
    0.08031101491754859,
    0.07472111171581482,
    0.08209555704042182
  ],
  "val_brier": [
    0.252988484015022,
    0.24890968681794748,
    0.14714086668090115,
    0.09807352599336894,
    0.11236207564227624,
    0.1333435331729481,
    0.11931479190203004,
    0.11466300425419332,
    0.08765453543896272,
    0.05535664951865283,
    0.13887014529278688,
    0.1499402770837736,
    0.07156523796640012,
    0.07837957250762528,
    0.06759969778123924,
    0.08026321086037828,
    0.05940798662721933
  ],
  "val_f1_macro": [
    0.8065925029414254,
    0.7927432917213464,
    0.9038457430494498,
    0.9444634576459153,
    0.9199481398533207,
    0.9013958287798335,
    0.9151089370670622,
    0.9188528420425711,
    0.9409413671751983,
    0.969746186700058,
    0.8981550955152782,
    0.8911930627675415,
    0.9550653375805915,
    0.9480180312239486,
    0.9570330338883843,
    0.9480132239401182,
    0.9609357572437022
  ],
  "best_epoch": 10,
  "best_val_loss": 0.5446046044893353
}