{
  "accuracy": 0.9619994153756212,
  "precision_macro": 0.9625564997722327,
  "recall_macro": 0.9577331692831467,
  "f1_macro": 0.960048533655789,
  "ece": 0.07125558819348472,
  "precision_per_class": [
    0.9552845528455285,
    0.9872408293460925,
    0.9768211920529801,
    0.8942953020134228,
    0.9830508474576272,
    0.9314079422382672,
    0.9744744744744744,
    0.9978768577494692
  ],
  "recall_per_class": [
    0.9631147540983607,
    0.9919871794871795,
    0.9485530546623794,
    0.9205526770293609,
    0.9547325102880658,
    0.9084507042253521,
    0.9744744744744744,
    1.0
  ],
  "f1_per_class": [
    0.9591836734693877,
    0.9896083133493205,
    0.9624796084828712,
    0.9072340425531915,
    0.9686847599164927,
    0.9197860962566845,
    0.9744744744744744,
    0.9989373007438895
  ],
  "accuracy_per_class": [
    0.9631147540983607,
    0.9919871794871795,
    0.9485530546623794,
    0.9205526770293609,
    0.9547325102880658,
    0.9084507042253521,
    0.9744744744744744,
    1.0
  ],
  "reliability_diagram": {
    "bin_edges": [
      0.0,
      0.06666666666666667,
      0.13333333333333333,
      0.2,
      0.26666666666666666,
      0.3333333333333333,
      0.4,
      0.4666666666666667,
      0.5333333333333333,
      0.6,
      0.6666666666666666,
      0.7333333333333333,
      0.8,
      0.8666666666666667,
      0.9333333333333333,
      1.0
    ],
    "bin_accuracy": [
      0.0,
      0.0,
      0.0,
      0.0,
      0.0,
      0.5,
      0.45,
      0.5333333333333333,
      0.7027027027027027,
      0.717948717948718,
      0.7777777777777778,
      0.8024691358024691,
      0.9387755102040817,
      0.9886138613861386,
      0.9947312961011591
    ],
    "bin_confidence": [
      0.0,
      0.0,
      0.0,
      0.25781428813934326,
      0.30079905688762665,
      0.3716833181679249,
      0.43842050433158875,
      0.4987675905227661,
      0.570862497832324,
      0.6330903080793527,
      0.6979482016629643,
      0.7683753341804316,
      0.8404898258293567,
      0.9093261498330844,
      0.9433231748193032
    ],
    "bin_count": [
      0,
      0,
      0,
      1,
      2,
      8,
      20,
      45,
      37,
      39,
      72,
      81,
      147,
      2020,
      949
    ]
  },
  "confusion_matrix": [
    [
      235,
      1,
      0,
      8,
      0,
      0,
      0,
      0
    ],
    [
      3,
      619,
      0,
      1,
      0,
      0,
      1,
      0
    ],
    [
      1,
      1,
      295,
      10,
      0,
      0,
      3,
      1
    ],
    [
      7,
      4,
      4,
      533,
      1,
      17,
      13,
      0
    ],
    [
      0,
      1,
      3,
      5,
      232,
      2,
      0,
      0
    ],
    [
      0,
      0,
      0,
      23,
      3,
      258,
      0,
      0
    ],
    [
      0,
      1,
      0,
      16,
      0,
      0,
      649,
      0
    ],
    [
      0,
      0,
      0,
      0,
      0,
      0,
      0,
      470
    ]
  ],
  "brier_score": 0.064070755012635,
  "confidence_histogram": {
    "bin_edges": [
      0.0,
      0.05,
      0.1,
      0.15000000000000002,
      0.2,
      0.25,
      0.30000000000000004,
      0.35000000000000003,
      0.4,
      0.45,
      0.5,
      0.55,
      0.6000000000000001,
      0.65,
      0.7000000000000001,
      0.75,
      0.8,
      0.8500000000000001,
      0.9,
      0.9500000000000001,
      1.0
    ],
    "counts": [
      0,
      0,
      0,
      0,
      0,
      2,
      4,
      5,
      12,
      31,
      27,
      32,
      27,
      50,
      53,
      62,
      90,
      763,
      2082,
      181
    ],
    "density": [
      0.0,
      0.0,
      0.0,
      0.0,
      0.0,
      0.0005846243788365975,
      0.001169248757673195,
      0.0014615609470914938,
      0.0035077462730195848,
      0.009061677871967261,
      0.007892429114294067,
      0.00935399006138556,
      0.007892429114294067,
      0.014615609470914937,
      0.015492546039169833,
      0.018123355743934522,
      0.026308097047646885,
      0.22303420052616194,
      0.608593978368898,
      0.052908506284712074
    ]
  },
  "entropy_histogram": {
    "bin_edges": [
      0.094386026263237,
      0.17945830896496773,
      0.26453059166669846,
      0.3496028743684292,
      0.4346751570701599,
      0.5197474397718906,
      0.6048197224736214,
      0.6898920051753521,
      0.7749642878770828,
      0.8600365705788136,
      0.9451088532805443,
      1.030181135982275,
      1.1152534186840057,
      1.2003257013857365,
      1.2853979840874672,
      1.370470266789198,
      1.4555425494909286,
      1.5406148321926594,
      1.62568711489439,
      1.7107593975961208,
      1.7958316802978516
    ],
    "counts": [
      6,
      80,
      549,
      1164,
      525,
      601,
      123,
      68,
      47,
      54,
      58,
      39,
      27,
      31,
      23,
      14,
      6,
      3,
      1,
      2
    ],
    "density": [
      0.0017538731365097924,
      0.0233849751534639,
      0.160479391990646,
      0.34025138848289976,
      0.15346389944460684,
      0.17567962584039754,
      0.03595439929845075,
      0.019877228880444315,
      0.01373867290266004,
      0.015784858228588133,
      0.016954106986261326,
      0.01140017538731365,
      0.007892429114294067,
      0.009061677871967261,
      0.006723180356620871,
      0.0040923706518561824,
      0.0017538731365097924,
      0.0008769365682548962,
      0.00029231218941829873,
      0.0005846243788365975
    ]
  },
  "logit_magnitude_histogram": {
    "bin_edges": [
      1.4736747741699219,
      1.6882694005966186,
      1.9028640270233155,
      2.1174586534500124,
      2.332053279876709,
      2.5466479063034058,
      2.7612425327301025,
      2.975837159156799,
      3.1904317855834963,
      3.4050264120101925,
      3.6196210384368896,
      3.8342156648635863,
      4.048810291290283,
      4.263404917716979,
      4.477999544143676,
      4.6925941705703735,
      4.907188796997071,
      5.121783423423767,
      5.336378049850463,
      5.55097267627716,
      5.765567302703857
    ],
    "counts": [
      4,
      16,
      50,
      54,
      76,
      91,
      134,
      264,
      790,
      657,
      758,
      321,
      120,
      50,
      17,
      9,
      7,
      2,
      0,
      1
    ],
    "density": [
      0.001169248757673195,
      0.00467699503069278,
      0.014615609470914937,
      0.015784858228588133,
      0.022215726395790704,
      0.026600409237065185,
      0.03916983338205203,
      0.07717041800643087,
      0.23092662964045602,
      0.19204910844782228,
      0.22157263957907045,
      0.09383221280327389,
      0.03507746273019585,
      0.014615609470914937,
      0.004969307220111079,
      0.002630809704764689,
      0.0020461853259280912,
      0.0005846243788365975,
      0.0,
      0.00029231218941829873
    ]
  },
  "roc_auc_ovr_per_class": [
    0.9993911154455435,
    0.9996585169091425,
    0.9953732901851718,
    0.9911456453226278,
    0.9995169982933076,
    0.992938664822855,
    0.997703329463765,
    1.0
  ],
  "roc_auc_ovr_macro": 0.9969659450553017,
  "roc_auc_ovr_micro": 0.997602788590174,
  "support_analysis": {
    "support": [
      244,
      624,
      311,
      579,
      243,
      284,
      666,
      470
    ],
    "support_fraction": [
      0.07132417421806489,
      0.1824028061970184,
      0.09090909090909091,
      0.16924875767319497,
      0.0710318620286466,
      0.08301666179479684,
      0.19467991815258695,
      0.1373867290266004
    ],
    "class_accuracy": [
      0.9631147540983607,
      0.9919871794871795,
      0.9485530546623794,
      0.9205526770293609,
      0.9547325102880658,
      0.9084507042253521,
      0.9744744744744744,
      1.0
    ],