accuracy,f1_macro,ece,brier_score,roc_auc_ovr_macro,roc_auc_ovr_micro
0.9619994153756212,0.960048533655789,0.07125558819348472,0.064070755012635,0.9969659450553017,0.997602788590174
