accuracy,f1_macro,ece,brier_score,roc_auc_ovr_macro,roc_auc_ovr_micro
0.9251680795089156,0.9192158952337321,0.05577849826071211,0.11992760452488614,0.9922365002469395,0.9917837350720687
