{
  "train_loss": [
    0.9164939387371767,
    0.7544115785372697,
    0.7090959681198209,
    0.672830108296899,
    0.6470841248706107,
    0.6320066495355867,
    0.611630183841781,
    0.5888765528457515,
    0.5824092930077522,
    0.5665307037539806,
    0.5543915848360371,
    0.546616223241483,
    0.5348279566413411,
    0.5210519191452938,
    0.5214688927981882,
    0.5137954502683085,
    0.5148377125611977,
    0.4989648286096626,
    0.4957989054933574,
    0.4955580357471721,
    0.4920507709721363,
    0.49416642306188313,
    0.4871540332680523
  ],
  "val_loss": [
    0.8585817357090032,
    0.8528970769632642,
    0.9903528879736071,
    0.7222846222815112,
    0.7945997146802528,
    0.7389179546142293,
    0.6900221705436707,
    0.8168889818904556,
    0.8177067375628748,
    0.7525936459826532,
    0.6650537998876839,
    0.697237239262768,
    0.6747060523968991,
    0.6613329570984172,
    0.63652932365364,
    0.640343648250972,
    0.7318489295299923,
    0.6361471269732324,
    0.6788749355022038,
    0.6503674605182398,
    0.7092241784122503,
    0.6270890558991477,
    0.6661618903418568
  ],
  "train_acc": [
    0.7952949046716468,
    0.8733415096443304,
    0.8954175493366039,
    0.9112498606310625,
    0.9266361913256773,
    0.9298695506745457,
    0.9406845802207604,
    0.9502731631174044,
    0.9510536291671312,
    0.9624261344631508,
    0.966551455011707,
    0.9692273386107705,
    0.9742446203590144,
    0.980934329356673,
    0.9784814360575315,
    0.9820492808562827,
    0.9818262905563608,
    0.9887389898539414,
    0.990188426803434,
    0.9894079607537072,
    0.9914148734530048,
    0.990299921953395,
    0.9939792619021073
  ],
  "val_acc": [
    0.8311915887850467,
    0.8382009345794392,
    0.7885514018691588,
    0.8936915887850467,
    0.866822429906542,
    0.8878504672897196,
    0.9047897196261683,
    0.8580607476635514,
    0.8627336448598131,
    0.8860981308411215,
    0.9199766355140186,
    0.907126168224299,
    0.9106308411214953,
    0.9205607476635514,
    0.9252336448598131,
    0.9322429906542056,
    0.8936915887850467,
    0.9287383177570093,
    0.9123831775700935,
    0.9246495327102804,
    0.9018691588785047,
    0.9334112149532711,
    0.9176401869158879
  ],
  "train_grad_norm": [
    0.9999996559904644,
    0.9999249717248013,
    0.9981957107856871,
    0.9892527829166053,
    0.9746686382919246,
    0.9693726580313555,
    0.9578051283679271,
    0.9182393274281444,
    0.899278785870006,
    0.8606981284960411,
    0.8505798737223832,
    0.8356407330803297,
    0.7887933484563612,
    0.7149100139755871,
    0.7473573026648594,
    0.7000732912569114,
    0.6866638523464882,
    0.5576368832035606,
    0.5451319922244181,
    0.5941696030301028,
    0.5458635265299584,
    0.5706554152818526,
    0.49243241617035827
  ],
  "val_ece": [
    0.0431961739592463,
    0.05249904330262792,
    0.03340546707579187,
    0.05102601252217715,
    0.05061581466242533,
    0.07167944327762749,
    0.07060239556306437,
    0.044267753025986886,
    0.036994600720773214,
    0.06987233966519339,
    0.07495734878928861,
    0.0604947566916452,
    0.07199512150521586,
    0.07188040712656818,
    0.07141521574807504,
    0.05813884665475829,
    0.053580753905611594,
    0.06633866273702305,
    0.060383847940748005,
    0.06556654178372054,
    0.06724795128140501,
    0.07252708543962404,
    0.05657153235417663
  ],
  "val_brier": [
    0.24657518258971328,
    0.24311924524827042,
    0.3029598194955757,
    0.16179444647055286,
    0.19972838119782738,
    0.17339600412565392,
    0.14966343236682303,
    0.22104264624978073,
    0.21312603805555458,
    0.186169838888113,
    0.12958982898894303,
    0.15038401293107148,
    0.138301844444166,
    0.1284225995949565,
    0.11471319791273098,
    0.11185081414786452,
    0.16444710876575502,
    0.11121984250163365,
    0.1420528343994424,
    0.12021987316301828,
    0.154369880990942,
    0.10611593614697765,
    0.12795590959085246
  ],
  "val_f1_macro": [
    0.8076085203474113,
    0.8174643648417288,
    0.7190329916372236,
    0.8874370307159936,
    0.8485635851084535,
    0.8706640489995394,
    0.8922649474551313,
    0.8488976564359516,
    0.825944199608853,
    0.8550650498787798,
    0.9094606862207527,
    0.8998751871587203,
    0.899819781113741,
    0.9107420662923812,
    0.919271021760557,
    0.9267250054175303,
    0.8788623290734668,
    0.9208967273034039,
    0.9084025010119803,
    0.9184747892731511,
    0.8947771731073163,
    0.9297010969918595,
    0.9119278205415656
  ],
  "best_epoch": 16,
  "best_val_loss": 0.640343648250972
}