{
  "accuracy": 0.9251680795089156,
  "precision_macro": 0.9118244552803525,
  "recall_macro": 0.9305910201249536,
  "f1_macro": 0.9192158952337321,
  "ece": 0.05577849826071211,
  "precision_per_class": [
    0.8185053380782918,
    0.9707792207792207,
    0.9449838187702265,
    0.911340206185567,
    0.9266409266409267,
    0.7791411042944786,
    0.9537313432835821,
    0.9894736842105263
  ],
  "recall_per_class": [
    0.9426229508196722,
    0.9583333333333334,
    0.9389067524115756,
    0.7633851468048359,
    0.9876543209876543,
    0.8943661971830986,
    0.9594594594594594,
    1.0
  ],
  "f1_per_class": [
    0.8761904761904762,
    0.964516129032258,
    0.9419354838709677,
    0.8308270676691729,
    0.9561752988047809,
    0.8327868852459016,
    0.9565868263473054,
    0.9947089947089947
  ],
  "accuracy_per_class": [
    0.9426229508196722,
    0.9583333333333334,
    0.9389067524115756,
    0.7633851468048359,
    0.9876543209876543,
    0.8943661971830986,
    0.9594594594594594,
    1.0
  ],
  "reliability_diagram": {
    "bin_edges": [
      0.0,
      0.06666666666666667,
      0.13333333333333333,
      0.2,
      0.26666666666666666,
      0.3333333333333333,
      0.4,
      0.4666666666666667,
      0.5333333333333333,
      0.6,
      0.6666666666666666,
      0.7333333333333333,
      0.8,
      0.8666666666666667,
      0.9333333333333333,
      1.0
    ],
    "bin_accuracy": [
      0.0,
      0.0,
      0.0,
      0.0,
      0.5,
      0.42857142857142855,
      0.4,
      0.5538461538461539,
      0.5740740740740741,
      0.65625,
      0.6575342465753424,
      0.7523809523809524,
      0.8429752066115702,
      0.9773407439076528,
      0.9880668257756563
    ],
    "bin_confidence": [
      0.0,
      0.0,
      0.0,
      0.0,
      0.31541673094034195,
      0.3759024086452666,
      0.4402319473879678,
      0.5011503192094656,
      0.5696189889201412,
      0.6331165097653866,
      0.7004768358518,
      0.7709583407356626,
      0.8415078397624749,
      0.9095525278296925,
      0.9440997143349386
    ],
    "bin_count": [
      0,
      0,
      0,
      0,
      4,
      21,
      35,
      65,
      54,
      64,
      73,
      105,
      242,
      2339,
      419
    ]
  },
  "confusion_matrix": [
    [
      230,
      1,
      1,
      4,
      3,
      5,
      0,
      0
    ],
    [
      3,
      598,
      1,
      7,
      2,
      4,
      7,
      2
    ],
    [
      5,
      1,
      292,
      8,
      2,
      0,
      1,
      2
    ],
    [
      28,
      9,
      7,
      442,
      9,
      61,
      22,
      1
    ],
    [
      2,
      0,
      0,
      0,
      240,
      1,
      0,
      0
    ],
    [
      13,
      4,
      0,
      10,
      2,
      254,
      1,
      0
    ],
    [
      0,
      3,
      8,
      14,
      1,
      1,
      639,
      0
    ],
    [
      0,
      0,
      0,
      0,
      0,
      0,
      0,
      470
    ]
  ],
  "brier_score": 0.11992760452488614,
  "confidence_histogram": {
    "bin_edges": [
      0.0,
      0.05,
      0.1,
      0.15000000000000002,
      0.2,
      0.25,
      0.30000000000000004,
      0.35000000000000003,
      0.4,
      0.45,
      0.5,
      0.55,
      0.6000000000000001,
      0.65,
      0.7000000000000001,
      0.75,
      0.8,
      0.8500000000000001,
      0.9,
      0.9500000000000001,
      1.0
    ],
    "counts": [
      0,
      0,
      0,
      0,
      0,
      0,
      6,
      19,
      21,
      47,
      47,
      39,
      46,
      54,
      58,
      84,
      143,
      748,
      2002,
      107
    ],
    "density": [
      0.0,
      0.0,
      0.0,
      0.0,
      0.0,
      0.0,
      0.0017538731365097924,
      0.005553931598947676,
      0.006138555977784273,
      0.01373867290266004,
      0.01373867290266004,
      0.01140017538731365,
      0.013446360713241743,
      0.015784858228588133,
      0.016954106986261326,
      0.024554223911137093,
      0.04180064308681672,
      0.21864951768488747,
      0.5852090032154341,
      0.03127740426775796
    ]
  },
  "entropy_histogram": {
    "bin_edges": [
      0.1525002419948578,
      0.23165954500436783,
      0.3108188480138779,
      0.38997815102338795,
      0.46913745403289797,
      0.548296757042408,
      0.6274560600519181,
      0.7066153630614281,
      0.7857746660709382,
      0.8649339690804482,
      0.9440932720899582,
      1.0232525750994683,
      1.1024118781089784,
      1.1815711811184884,
      1.2607304841279985,
      1.3398897871375084,
      1.4190490901470185,
      1.4982083931565287,
      1.5773676961660386,
      1.6565269991755487,
      1.7356863021850586
    ],
    "counts": [
      33,
      106,
      523,
      941,
      743,
      401,
      141,
      90,
      60,
      55,
      44,
      59,
      60,
      54,
      42,
      25,
      23,
      12,
      4,
      5
    ],
    "density": [
      0.00964630225080386,
      0.030985092078339667,
      0.15287927506577023,
      0.27506577024261913,
      0.21718795673779598,
      0.1172171879567378,
      0.041216018707980126,
      0.026308097047646885,
      0.017538731365097926,
      0.01607717041800643,
      0.012861736334405145,
      0.017246419175679626,
      0.017538731365097926,
      0.015784858228588133,
      0.012277111955568546,
      0.007307804735457469,
      0.006723180356620871,
      0.0035077462730195848,
      0.001169248757673195,
      0.0014615609470914938
    ]
  },
  "logit_magnitude_histogram": {
    "bin_edges": [
      1.433388352394104,
      1.634071558713913,
      1.834754765033722,
      2.035437971353531,
      2.23612117767334,
      2.436804383993149,
      2.6374875903129578,
      2.8381707966327667,
      3.0388540029525757,
      3.2395372092723846,
      3.4402204155921936,
      3.6409036219120026,
      3.8415868282318115,
      4.0422700345516205,
      4.242953240871429,
      4.443636447191238,
      4.644319653511047,
      4.845002859830856,
      5.045686066150665,
      5.246369272470474,
      5.447052478790283
    ],
    "counts": [
      8,
      30,
      82,
      100,
      100,
      94,
      148,
      272,
      912,
      1006,
      330,
      123,
      56,
      57,
      36,
      30,
      13,
      15,
      6,
      3
    ],
    "density": [
      0.00233849751534639,
      0.008769365682548963,
      0.023969599532300497,
      0.029231218941829874,
      0.029231218941829874,
      0.02747734580532008,
      0.043262204033908215,
      0.07950891552177726,
      0.2665887167494885,
      0.29406606255480855,
      0.09646302250803858,
      0.03595439929845075,
      0.01636948260742473,
      0.01666179479684303,
      0.010523238819058756,
      0.008769365682548963,
      0.003800058462437884,
      0.0043846828412744815,
      0.0017538731365097924,
      0.0008769365682548962
    ]
  },
  "roc_auc_ovr_per_class": [
    0.9953056548862985,
    0.9956861976659975,
    0.994813949400854,
    0.9732825772796165,
    0.9988501192612793,
    0.9851297777099319,
    0.9948294937405645,
    0.9999942320309739
  ],
  "roc_auc_ovr_macro": 0.9922365002469395,
  "roc_auc_ovr_micro": 0.9917837350720687,
  "support_analysis": {
    "support": [
      244,
      624,
      311,
      579,
      243,
      284,
      666,
      470
    ],
    "support_fraction": [
      0.07132417421806489,
      0.1824028061970184,
      0.09090909090909091,
      0.16924875767319497,
      0.0710318620286466,
      0.08301666179479684,
      0.19467991815258695,
      0.1373867290266004
    ],
    "class_accuracy": [
      0.9426229508196722,
      0.9583333333333334,
      0.9389067524115756,
      0.7633851468048359,
      0.9876543209876543,
      0.8943661971830986,
      0.9594594594594594,
      1.0
    ],