accuracy,f1_macro,ece,brier_score,roc_auc_ovr_macro,roc_auc_ovr_micro
0.9617071031862029,0.9592133661608779,0.07649441161409382,0.06415296352242991,0.9973020106777966,0.9973389117473649
