{
  "train_loss": [
    0.806671908845709,
    0.6754411917384592,
    0.6390597657464077,
    0.61266107205125,
    0.5916111817765574,
    0.5763821702083758,
    0.5705493342877763,
    0.5536309758454399,
    0.5448188757681105,
    0.5387449701011268,
    0.5295842834268077,
    0.5262650404769663,
    0.519482786492741,
    0.5131064331482347,
    0.5158131991172796,
    0.5004465699342066,
    0.5006087481217953,
    0.49155183099413785,
    0.4909420818213383,
    0.49457341518300024,
    0.4938562321601763,
    0.4912433032142051,
    0.48322041789774833,
    0.48073821792050686,
    0.48493833903525235,
    0.47716363372977116,
    0.478057898065161,
    0.47358394852050345,
    0.47527481989526127,
    0.4754708219576685,
    0.4735402457024796,
    0.47163577208166496
  ],
  "val_loss": [
    0.7451766127737883,
    1.107544065635895,
    1.4204582555271754,
    0.6605184908225158,
    0.768994207137099,
    0.7291941949140246,
    0.6193539661781811,
    0.6044635182229158,
    0.6746942662747106,
    0.6440737709820827,
    0.6311325224760537,
    0.5604025069798264,
    0.6254340933862134,
    0.6213615286016019,
    0.5931960032365032,
    0.5958146152095259,
    0.5831494052833486,
    0.5805109973265746,
    0.5956049249551006,
    0.5827914036322976,
    0.5999797036714642,
    0.5771851205380163,
    0.5924145016714791,
    0.5870603356405953,
    0.5499585159471102,
    0.5941687131596503,
    0.5561233970606438,
    0.5609350109768805,
    0.5631457299829643,
    0.5724952833674778,
    0.561558975794605,
    0.5572112587010749
  ],
  "train_acc": [
    0.8503735087523693,
    0.9099119188315308,
    0.9303155312743896,
    0.9413535511205262,
    0.9483777455680678,
    0.9554019400156093,
    0.9557364254654922,
    0.9657709889619801,
    0.9676664065113167,
    0.9725721931095997,
    0.9755825621585461,
    0.9768090088081168,
    0.9790389118073364,
    0.9846136693053852,
    0.980934329356673,
    0.9892964656037463,
    0.9884045044040585,
    0.9914148734530048,
    0.9910803880031218,
    0.9907459025532389,
    0.9896309510536292,
    0.9915263686029657,
    0.9945367376519122,
    0.995094213401717,
    0.9933102910023414,
    0.9966551455011707,
    0.9971011261010146,
    0.9984390679005464,
    0.9974356115508975,
    0.9973241164009365,
    0.9979930873007025,
    0.9991080388003122
  ],
  "val_acc": [
    0.8855140186915887,
    0.731892523364486,
    0.657126168224299,
    0.9164719626168224,
    0.8685747663551402,
    0.8896028037383178,
    0.9299065420560748,
    0.9415887850467289,
    0.9088785046728972,
    0.9252336448598131,
    0.9304906542056075,
    0.9626168224299065,
    0.9351635514018691,
    0.9392523364485982,
    0.945677570093458,
    0.9398364485981309,
    0.9503504672897196,
    0.9503504672897196,
    0.9509345794392523,
    0.9503504672897196,
    0.945677570093458,
    0.9550233644859814,
    0.9491822429906542,
    0.951518691588785,
    0.9643691588785047,
    0.947429906542056,
    0.9649532710280374,
    0.9602803738317757,
    0.9614485981308412,
    0.959696261682243,
    0.9632009345794392,
    0.9667056074766355
  ],
  "train_grad_norm": [
    0.999999621952706,
    0.9953672895096124,
    0.9924285434011799,
    0.9742477447084659,
    0.9567633597967176,
    0.9221763726988368,
    0.8999917606285309,
    0.8671270352086272,
    0.8284167010050779,
    0.8170435223807138,
    0.7585104245536435,
    0.7362114666296716,
    0.7124600532788158,
    0.6678848944322529,
    0.7080526297227514,
    0.5836529082667431,
    0.5941298244998152,
    0.5488878590626026,
    0.5421151823091594,
    0.5937209596985834,
    0.5702876444449074,
    0.5693454325526542,
    0.42809564585804655,
    0.42729236888008115,
    0.46793709392551847,
    0.3631206162983105,
    0.36201509715738334,
    0.2287877384418095,
    0.2751444397889857,
    0.3382676797248668,
    0.25682046448032764,
    0.19029135164313754
  ],
  "val_ece": [
    0.05295387075813576,
    0.03528351386330119,
    0.1779460932746112,
    0.07680519099268959,
    0.0710348458699534,
    0.05322025390777077,
    0.06297201752035977,
    0.08074416584013222,
    0.06402744100403009,
    0.051515478153373616,
    0.06549943341203382,
    0.08991885949448444,
    0.05705099812247486,
    0.06852798834094932,
    0.06669451358997933,
    0.06260818642538005,
    0.08092784838072048,
    0.06859128198055467,
    0.07783718555121222,
    0.07519435121843196,
    0.06285347108877151,
    0.06474938006880125,
    0.07171944690711592,
    0.07226284006697552,
    0.07762421221933628,
    0.06794508783338225,
    0.08993597967532753,
    0.07923990371419451,
    0.07650671465862022,
    0.06930558369538499,
    0.07763495379797761,
    0.07158894963980271
  ],
  "val_brier": [
    0.17242009128604424,
    0.3887736352938487,
    0.5368204262782397,
    0.1323989950263281,
    0.20088671822549403,
    0.16857954355635524,
    0.10418889313661096,
    0.10094691326198374,
    0.1421160444131687,
    0.11627706049557564,
    0.11044484459677299,
    0.07003784554057844,
    0.10227717699521813,
    0.10125977117936989,
    0.08927216436402918,
    0.09222700661603263,
    0.08426173098014159,
    0.080850601052199,
    0.08933613726613361,
    0.08210790246872289,
    0.08813285731057416,
    0.07589631017038477,
    0.08539491643181485,
    0.08231324719595325,
    0.06175601887194096,
    0.08439150300964667,
    0.06459581888139172,
    0.06770866457566642,
    0.06562505883544714,
    0.07120194046592215,
    0.06446032160201409,
    0.06161431252306273
  ],
  "val_f1_macro": [
    0.8536200544244148,
    0.6585996459386223,
    0.617985983509868,
    0.9030738751576552,
    0.8501952628451696,
    0.8751598084189984,
    0.922704366308404,
    0.9375437042717675,
    0.9040959960941968,
    0.9130759994191973,
    0.9187905200602831,
    0.9573431022025255,
    0.9266680160328814,
    0.9360511876212527,
    0.9403908575538003,
    0.9283682146581068,
    0.9444726150505984,
    0.9454020953567099,
    0.9445656877204135,
    0.9467708610330721,
    0.9370236107922999,
    0.9464883791470083,
    0.9414454301135065,
    0.9480749569114518,
    0.9588997551740408,
    0.9418970034498511,
    0.9610913679117496,
    0.9553106447323033,
    0.9577558420591479,
    0.9532740159333943,
    0.9578461265420626,
    0.961854748929428
  ],
  "best_epoch": 25,
  "best_val_loss": 0.5499585159471102
}