{
  "accuracy": 0.9617071031862029,
  "precision_macro": 0.9609334147416548,
  "recall_macro": 0.9578528321574395,
  "f1_macro": 0.9592133661608779,
  "ece": 0.07649441161409382,
  "precision_per_class": [
    0.9744680851063829,
    0.9983818770226537,
    0.9933110367892977,
    0.897822445561139,
    0.9626556016597511,
    0.8922558922558923,
    0.972809667673716,
    0.9957627118644068
  ],
  "recall_per_class": [
    0.9385245901639344,
    0.9887820512820513,
    0.954983922829582,
    0.92573402417962,
    0.9547325102880658,
    0.9330985915492958,
    0.9669669669669669,
    1.0
  ],
  "f1_per_class": [
    0.9561586638830898,
    0.9935587761674718,
    0.9737704918032787,
    0.9115646258503401,
    0.9586776859504132,
    0.9122203098106713,
    0.9698795180722891,
    0.9978768577494692
  ],
  "accuracy_per_class": [
    0.9385245901639344,
    0.9887820512820513,
    0.954983922829582,
    0.92573402417962,
    0.9547325102880658,
    0.9330985915492958,
    0.9669669669669669,
    1.0
  ],
  "reliability_diagram": {
    "bin_edges": [
      0.0,
      0.06666666666666667,
      0.13333333333333333,
      0.2,
      0.26666666666666666,
      0.3333333333333333,
      0.4,
      0.4666666666666667,
      0.5333333333333333,
      0.6,
      0.6666666666666666,
      0.7333333333333333,
      0.8,
      0.8666666666666667,
      0.9333333333333333,
      1.0
    ],
    "bin_accuracy": [
      0.0,
      0.0,
      0.0,
      0.0,
      1.0,
      0.0,
      0.42857142857142855,
      0.5,
      0.4482758620689655,
      0.5,
      0.7777777777777778,
      0.6976744186046512,
      0.84375,
      0.9884095299420477,
      0.9210526315789473
    ],
    "bin_confidence": [
      0.0,
      0.0,
      0.0,
      0.0,
      0.32882073521614075,
      0.34099870920181274,
      0.4356681832245418,
      0.5004988809426626,
      0.5721777965282572,
      0.6374187254243426,
      0.6903329028023614,
      0.7665624119514642,
      0.838555141662558,
      0.909350181270705,
      0.9379056378414756
    ],
    "bin_count": [
      0,
      0,
      0,
      0,
      1,
      1,
      14,
      30,
      29,
      36,
      27,
      43,
      96,
      3106,
      38
    ]
  },
  "confusion_matrix": [
    [
      229,
      0,
      0,
      8,
      0,
      6,
      1,
      0
    ],
    [
      0,
      617,
      0,
      4,
      0,
      1,
      2,
      0
    ],
    [
      1,
      0,
      297,
      8,
      1,
      1,
      1,
      2
    ],
    [
      5,
      0,
      0,
      536,
      2,
      22,
      14,
      0
    ],
    [
      0,
      0,
      1,
      9,
      232,
      1,
      0,
      0
    ],
    [
      0,
      0,
      1,
      12,
      6,
      265,
      0,
      0
    ],
    [
      0,
      1,
      0,
      20,
      0,
      1,
      644,
      0
    ],
    [
      0,
      0,
      0,
      0,
      0,
      0,
      0,
      470
    ]
  ],
  "brier_score": 0.06415296352242991,
  "confidence_histogram": {
    "bin_edges": [
      0.0,
      0.05,
      0.1,
      0.15000000000000002,
      0.2,
      0.25,
      0.30000000000000004,
      0.35000000000000003,
      0.4,
      0.45,
      0.5,
      0.55,
      0.6000000000000001,
      0.65,
      0.7000000000000001,
      0.75,
      0.8,
      0.8500000000000001,
      0.9,
      0.9500000000000001,
      1.0
    ],
    "counts": [
      0,
      0,
      0,
      0,
      0,
      0,
      2,
      0,
      10,
      19,
      19,
      25,
      24,
      31,
      20,
      31,
      64,
      433,
      2741,
      2
    ],
    "density": [
      0.0,
      0.0,
      0.0,
      0.0,
      0.0,
      0.0,
      0.0005846243788365975,
      0.0,
      0.0029231218941829875,
      0.005553931598947676,
      0.005553931598947676,
      0.007307804735457469,
      0.0070154925460391695,
      0.009061677871967261,
      0.005846243788365975,
      0.009061677871967261,
      0.01870798012277112,
      0.12657117801812334,
      0.8012277111955568,
      0.0005846243788365975
    ]
  },
  "entropy_histogram": {
    "bin_edges": [
      0.24668359756469727,
      0.3191899240016937,
      0.39169625043869016,
      0.46420257687568667,
      0.5367089033126831,
      0.6092152297496796,
      0.6817215561866761,
      0.7542278826236725,
      0.826734209060669,
      0.8992405354976655,
      0.9717468619346619,
      1.0442531883716584,
      1.1167595148086549,
      1.1892658412456512,
      1.2617721676826477,
      1.3342784941196442,
      1.4067848205566407,
      1.4792911469936372,
      1.5517974734306337,
      1.62430379986763,
      1.6968101263046265
    ],
    "counts": [
      3,
      100,
      1012,
      1835,
      176,
      55,
      39,
      28,
      22,
      23,
      24,
      38,
      26,
      15,
      10,
      7,
      3,
      2,
      1,
      2
    ],
    "density": [
      0.0008769365682548962,
      0.029231218941829874,
      0.2958199356913183,
      0.5363928675825782,
      0.05144694533762058,
      0.01607717041800643,
      0.01140017538731365,
      0.008184741303712365,
      0.006430868167202572,
      0.006723180356620871,
      0.0070154925460391695,
      0.011107863197895352,
      0.007600116924875768,
      0.0043846828412744815,
      0.0029231218941829875,
      0.0020461853259280912,
      0.0008769365682548962,
      0.0005846243788365975,
      0.00029231218941829873,
      0.0005846243788365975
    ]
  },
  "logit_magnitude_histogram": {
    "bin_edges": [
      1.804589033126831,
      1.9339146733283996,
      2.063240313529968,
      2.192565953731537,
      2.3218915939331053,
      2.451217234134674,
      2.580542874336243,
      2.7098685145378116,
      2.83919415473938,
      2.9685197949409483,
      3.097845435142517,
      3.227171075344086,
      3.3564967155456547,
      3.485822355747223,
      3.6151479959487918,
      3.74447363615036,
      3.873799276351929,
      4.003124916553498,
      4.132450556755066,
      4.261776196956635,
      4.391101837158203
    ],
    "counts": [
      14,
      25,
      48,
      44,
      58,
      61,
      82,
      361,
      542,
      657,
      753,
      474,
      162,
      83,
      34,
      15,
      2,
      3,
      2,
      1
    ],
    "density": [
      0.0040923706518561824,
      0.007307804735457469,
      0.014030985092078339,
      0.012861736334405145,
      0.016954106986261326,
      0.017831043554516222,
      0.023969599532300497,
      0.10552470038000585,
      0.1584332066647179,
      0.19204910844782228,
      0.22011107863197896,
      0.13855597778427362,
      0.04735457468576439,
      0.024261911721718796,
      0.009938614440222157,
      0.0043846828412744815,
      0.0005846243788365975,
      0.0008769365682548962,
      0.0005846243788365975,
      0.00029231218941829873
    ]
  },
  "roc_auc_ovr_per_class": [
    0.9993833753876479,
    0.9994797539488279,
    0.9996877617063513,
    0.9890575490514234,
    0.9994341240058322,
    0.9956841783887899,
    0.9956900639296284,
    0.9999992790038718
  ],
  "roc_auc_ovr_macro": 0.9973020106777966,
  "roc_auc_ovr_micro": 0.9973389117473649,
  "support_analysis": {
    "support": [
      244,
      624,
      311,
      579,
      243,
      284,
      666,
      470
    ],
    "support_fraction": [
      0.07132417421806489,
      0.1824028061970184,
      0.09090909090909091,
      0.16924875767319497,
      0.0710318620286466,
      0.08301666179479684,
      0.19467991815258695,
      0.1373867290266004
    ],
    "class_accuracy": [
      0.9385245901639344,
      0.9887820512820513,
      0.954983922829582,
      0.92573402417962,
      0.9547325102880658,
      0.9330985915492958,
      0.9669669669669669,
      1.0
    ],