{
  "accuracy": 0.9251680795089156,
  "precision_macro": 0.9126253887595055,
  "recall_macro": 0.9234115606597517,
  "f1_macro": 0.9167762667782057,
  "ece": 0.053703444162958074,
  "precision_per_class": [
    0.8566037735849057,
    0.9738134206219312,
    0.921875,
    0.8690909090909091,
    0.8380281690140845,
    0.8875968992248062,
    0.9583333333333334,
    0.9956616052060737
  ],
  "recall_per_class": [
    0.930327868852459,
    0.9535256410256411,
    0.9485530546623794,
    0.8255613126079447,
    0.9794238683127572,
    0.8063380281690141,
    0.9669669669669669,
    0.9765957446808511
  ],
  "f1_per_class": [
    0.8919449901768173,
    0.9635627530364372,
    0.9350237717908082,
    0.8467670504871567,
    0.9032258064516129,
    0.8450184501845018,
    0.9626307922272048,
    0.9860365198711063
  ],
  "accuracy_per_class": [
    0.930327868852459,
    0.9535256410256411,
    0.9485530546623794,
    0.8255613126079447,
    0.9794238683127572,
    0.8063380281690141,
    0.9669669669669669,
    0.9765957446808511
  ],
  "reliability_diagram": {
    "bin_edges": [
      0.0,
      0.06666666666666667,
      0.13333333333333333,
      0.2,
      0.26666666666666666,
      0.3333333333333333,
      0.4,
      0.4666666666666667,
      0.5333333333333333,
      0.6,
      0.6666666666666666,
      0.7333333333333333,
      0.8,
      0.8666666666666667,
      0.9333333333333333,
      1.0
    ],
    "bin_accuracy": [
      0.0,
      0.0,
      0.0,
      0.0,
      0.6,
      0.3333333333333333,
      0.47368421052631576,
      0.48333333333333334,
      0.6666666666666666,
      0.5614035087719298,
      0.6891891891891891,
      0.6979166666666666,
      0.8414634146341463,
      0.9736070381231672,
      0.9829059829059829
    ],
    "bin_confidence": [
      0.0,
      0.0,
      0.0,
      0.0,
      0.3086474299430847,
      0.3736867308616638,
      0.44136475497170496,
      0.5017778083682061,
      0.5671772434000384,
      0.6334084847517181,
      0.7023513744006286,
      0.7679145832856497,
      0.8380041176952967,
      0.9138007761296439,
      0.943314623246845
    ],
    "bin_count": [
      0,
      0,
      0,
      0,
      5,
      15,
      38,
      60,
      57,
      57,
      74,
      96,
      164,
      2387,
      468
    ]
  },
  "confusion_matrix": [
    [
      227,
      1,
      0,
      6,
      7,
      3,
      0,
      0
    ],
    [
      5,
      595,
      4,
      13,
      1,
      3,
      3,
      0
    ],
    [
      1,
      1,
      295,
      9,
      3,
      0,
      1,
      1
    ],
    [
      20,
      6,
      9,
      478,
      20,
      21,
      24,
      1
    ],
    [
      0,
      0,
      0,
      4,
      238,
      1,
      0,
      0
    ],
    [
      12,
      1,
      1,
      28,
      13,
      229,
      0,
      0
    ],
    [
      0,
      7,
      0,
      12,
      2,
      1,
      644,
      0
    ],
    [
      0,
      0,
      11,
      0,
      0,
      0,
      0,
      459
    ]
  ],
  "brier_score": 0.11829522600750703,
  "confidence_histogram": {
    "bin_edges": [
      0.0,
      0.05,
      0.1,
      0.15000000000000002,
      0.2,
      0.25,
      0.30000000000000004,
      0.35000000000000003,
      0.4,
      0.45,
      0.5,
      0.55,
      0.6000000000000001,
      0.65,
      0.7000000000000001,
      0.75,
      0.8,
      0.8500000000000001,
      0.9,
      0.9500000000000001,
      1.0
    ],
    "counts": [
      0,
      0,
      0,
      0,
      0,
      1,
      7,
      12,
      24,
      43,
      46,
      42,
      39,
      53,
      58,
      77,
      104,
      478,
      2354,
      83
    ],
    "density": [
      0.0,
      0.0,
      0.0,
      0.0,
      0.0,
      0.00029231218941829873,
      0.0020461853259280912,
      0.0035077462730195848,
      0.0070154925460391695,
      0.012569424144986846,
      0.013446360713241743,
      0.012277111955568546,
      0.01140017538731365,
      0.015492546039169833,
      0.016954106986261326,
      0.022508038585209004,
      0.03040046769950307,
      0.1397252265419468,
      0.6881028938906752,
      0.024261911721718796
    ]
  },
  "entropy_histogram": {
    "bin_edges": [
      0.03234530985355377,
      0.11581735834479331,
      0.19928940683603286,
      0.28276145532727237,
      0.36623350381851194,
      0.4497055523097515,
      0.533177600800991,
      0.6166496492922305,
      0.7001216977834701,
      0.7835937462747097,
      0.8670657947659492,
      0.9505378432571887,
      1.0340098917484282,
      1.1174819402396678,
      1.2009539887309073,
      1.284426037222147,
      1.3678980857133864,
      1.451370134204626,
      1.5348421826958656,
      1.618314231187105,
      1.7017862796783447
    ],
    "counts": [
      1,
      22,
      52,
      324,
      1370,
      798,
      270,
      104,
      59,
      53,
      65,
      67,
      62,
      45,
      44,
      27,
      25,
      20,
      8,
      5
    ],
    "density": [
      0.00029231218941829873,
      0.006430868167202572,
      0.015200233849751535,
      0.09470914937152879,
      0.40046769950306926,
      0.2332651271558024,
      0.07892429114294067,
      0.03040046769950307,
      0.017246419175679626,
      0.015492546039169833,
      0.01900029231218942,
      0.019584916691026015,
      0.018123355743934522,
      0.013154048523823443,
      0.012861736334405145,
      0.007892429114294067,
      0.007307804735457469,
      0.005846243788365975,
      0.00233849751534639,
      0.0014615609470914938
    ]
  },
  "logit_magnitude_histogram": {
    "bin_edges": [
      1.50208580493927,
      1.7578105866909026,
      2.0135353684425352,
      2.2692601501941683,
      2.524984931945801,
      2.7807097136974335,
      3.0364344954490665,
      3.292159277200699,
      3.5478840589523317,
      3.8036088407039643,
      4.059333622455597,
      4.31505840420723,
      4.570783185958863,
      4.826507967710495,
      5.082232749462128,
      5.33795753121376,
      5.593682312965393,
      5.8494070947170265,
      6.105131876468659,
      6.360856658220292,
      6.616581439971924
    ],
    "counts": [
      10,
      74,
      121,
      134,
      133,
      273,
      1280,
      849,
      284,
      157,
      59,
      25,
      12,
      6,
      3,
      0,
      0,
      0,
      0,
      1
    ],
    "density": [
      0.0029231218941829875,
      0.021631102016954108,
      0.03536977491961415,
      0.03916983338205203,
      0.038877521192633734,
      0.07980122771119556,
      0.3741596024554224,
      0.24817304881613564,
      0.08301666179479684,
      0.045893013738672904,
      0.017246419175679626,
      0.007307804735457469,
      0.0035077462730195848,
      0.0017538731365097924,
      0.0008769365682548962,
      0.0,
      0.0,
      0.0,
      0.0,
      0.00029231218941829873
    ]
  },
  "roc_auc_ovr_per_class": [
    0.9954965763143909,
    0.995772714355124,
    0.9975930769946547,
    0.9752825554020073,
    0.996111383042367,
    0.984220592923175,
    0.9958203212286698,
    0.9999170854452512
  ],
  "roc_auc_ovr_macro": 0.992526788213205,
  "roc_auc_ovr_micro": 0.9928043009624428,
  "support_analysis": {
    "support": [
      244,
      624,
      311,
      579,
      243,
      284,
      666,
      470
    ],
    "support_fraction": [
      0.07132417421806489,
      0.1824028061970184,
      0.09090909090909091,
      0.16924875767319497,
      0.0710318620286466,
      0.08301666179479684,
      0.19467991815258695,
      0.1373867290266004
    ],
    "class_accuracy": [
      0.930327868852459,
      0.9535256410256411,
      0.9485530546623794,
      0.8255613126079447,
      0.9794238683127572,
      0.8063380281690141,
      0.9669669669669669,
      0.9765957446808511
    ],