{
  "train_loss": [
    0.9623697879841022,
    0.7652699186565591,
    0.7158791181806976,
    0.6719993808514325,
    0.6572806685382088,
    0.6408703956918741,
    0.6121177704840124,
    0.6073449801436395,
    0.5771205885007052,
    0.5683798286505188,
    0.5606236631940181,
    0.5477393737191779,
    0.5406854390725867,
    0.5241122504170622,
    0.5214890933964534,
    0.518458906703602,
    0.5104361581674772,
    0.5075288117363881,
    0.4946011170181679,
    0.49172812972742386,
    0.4911197359538793,
    0.4925286216950627,
    0.48667216467105073,
    0.4864521369924512,
    0.48739106505727114
  ],
  "val_loss": [
    1.1815898195605412,
    1.5645117536883488,
    0.885170749414747,
    0.7929103647437051,
    0.9321159648003979,
    0.6844065590439555,
    0.6947843276451682,
    0.6759651704369304,
    0.6982530110350279,
    0.7687120938969549,
    0.7403474611656689,
    0.6562906615087919,
    0.7262940796736245,
    0.833493768611801,
    0.6729434600500303,
    0.7060947763585599,
    0.6865326751058347,
    0.6455574982634215,
    0.6789871131148294,
    0.6580414922437935,
    0.6644770625595734,
    0.6936698951453806,
    0.6440076270950175,
    0.6571783896918609,
    0.6643506923568583
  ],
  "train_acc": [
    0.7738878358791392,
    0.8648678782472963,
    0.8893968112387112,
    0.9121418218307503,
    0.9173820938789162,
    0.9258557252759505,
    0.9414650462704872,
    0.9431374735199018,
    0.9561824060653361,
    0.9604192217638533,
    0.9639870665626046,
    0.9682238822611217,
    0.971122756160107,
    0.9785929312074925,
    0.9801538633069461,
    0.9795963875571413,
    0.9833872226558145,
    0.9846136693053852,
    0.9908573977031999,
    0.9934217861523024,
    0.9915263686029657,
    0.9900769316534731,
    0.9935332813022634,
    0.9934217861523024,
    0.9925298249526145
  ],
  "val_acc": [
    0.7161214953271028,
    0.6092289719626168,
    0.8183411214953271,
    0.8557242990654206,
    0.7996495327102804,
    0.9001168224299065,
    0.9065420560747663,
    0.9100467289719626,
    0.9001168224299065,
    0.8773364485981309,
    0.8855140186915887,
    0.915303738317757,
    0.8779205607476636,
    0.8563084112149533,
    0.9170560747663551,
    0.9007009345794392,
    0.9129672897196262,
    0.9269859813084113,
    0.9182242990654206,
    0.9252336448598131,
    0.9246495327102804,
    0.9012850467289719,
    0.9269859813084113,
    0.9228971962616822,
    0.9240654205607477
  ],
  "train_grad_norm": [
    0.9999996655993223,
    0.999999513048804,
    0.9990530933327771,
    0.9900266446097326,
    0.9823255809789885,
    0.9771300143919242,
    0.9524431404128004,
    0.9511184851407427,
    0.8909896687470019,
    0.8782452985981438,
    0.854625165921876,
    0.8344214547513477,
    0.8116512945943991,
    0.7620768725519684,
    0.7472031768619123,
    0.7294507039303217,
    0.7056786743808974,
    0.6772431248678329,
    0.5367625225713969,
    0.521799484651604,
    0.5409326045748142,
    0.5829928803069274,
    0.4796852392226698,
    0.5274285402883518,
    0.5348072038689035
  ],
  "val_ece": [
    0.0659954238369643,
    0.13827542416646935,
    0.03622731947662116,
    0.04937521873964606,
    0.06334523230825909,
    0.07623225373920994,
    0.05569052374181905,
    0.0703763854907495,
    0.06363047498374064,
    0.052291642839663546,
    0.055184086506194066,
    0.06221728545622294,
    0.06419802911440345,
    0.02860643987970369,
    0.060149194724927434,
    0.05517568216424121,
    0.0631670274327848,
    0.05464613794514502,
    0.05737917449011985,
    0.0653338693604569,
    0.0678543810097275,
    0.06501536894694115,
    0.06007518140581731,
    0.06437657510635443,
    0.07010482928811392
  ],
  "val_brier": [
    0.40037831505279925,
    0.5462205808062337,
    0.2606361821586251,
    0.2122179317709957,
    0.28129728114885966,
    0.1495020346664921,
    0.14310296784552634,
    0.1373577107885432,
    0.15424632998361076,
    0.187047377139641,
    0.17491323651193488,
    0.12917996805942863,
    0.17707840278125667,
    0.2248373889815156,
    0.12985737631803335,
    0.15029242283005415,
    0.13770919089873104,
    0.11673668478664409,
    0.13525078903383375,
    0.12537535476183462,
    0.12664080970057728,
    0.14793601475075357,
    0.11884923399778571,
    0.12277371757420608,
    0.1246292559491672
  ],
  "val_f1_macro": [
    0.6195139519463064,
    0.4766123462692815,
    0.7844135331502964,
    0.8331638314517704,
    0.7489589479951222,
    0.8904259062121846,
    0.8996200691181837,
    0.903250232445735,
    0.8897588642195314,
    0.8739454159483906,
    0.855175775007022,
    0.9080280747764893,
    0.8561951316539461,
    0.8362130940265511,
    0.9095546177859561,
    0.890930654968317,
    0.9078970964279722,
    0.9196146128049197,
    0.9096791624884817,
    0.919680740476143,
    0.9173176244006795,
    0.8857501281923632,
    0.9200670008329084,
    0.9164998513903115,
    0.9194229640187356
  ],
  "best_epoch": 18,
  "best_val_loss": 0.6455574982634215
}