accuracy,f1_macro,ece,brier_score,roc_auc_ovr_macro,roc_auc_ovr_micro
0.9251680795089156,0.9167762667782057,0.053703444162958074,0.11829522600750703,0.992526788213205,0.9928043009624428
