{
  "accuracy": 0.8905292479108635,
  "precision_macro": 0.8739955094472363,
  "recall_macro": 0.8597662468589914,
  "f1_macro": 0.8548310230991933,
  "confusion_matrix": [
    [
      1272,
      2,
      2,
      0,
      2,
      60,
      0,
      0,
      0
    ],
    [
      0,
      847,
      0,
      0,
      0,
      0,
      0,
      0,
      0
    ],
    [
      2,
      7,
      298,
      0,
      0,
      27,
      0,
      4,
      1
    ],
    [
      0,
      0,
      16,
      608,
      1,
      0,
      0,
      3,
      6
    ],
    [
      121,
      45,
      2,
      0,
      827,
      1,
      38,
      0,
      1
    ],
    [
      14,
      41,
      16,
      0,
      0,
      502,
      0,
      18,
      1
    ],
    [
      0,
      0,
      8,
      1,
      1,
      0,
      706,
      2,
      23
    ],
    [
      2,
      4,
      72,
      0,
      8,
      110,
      0,
      171,
      54
    ],
    [
      0,
      0,
      10,
      3,
      13,
      5,
      37,
      2,
      1163
    ]
  ]
}