{
  "train_loss": [
    0.6899306627002111,
    0.38649694795119527,
    0.2917540856343205,
    0.2529536030497454,
    0.21855760281115322,
    0.19548010434027305,
    0.1745274091695191,
    0.16018951892365327,
    0.14944033484134872,
    0.15788026945162542,
    0.12793473165731142,
    0.12734217079640855,
    0.12676218233774428,
    0.11907653167000706,
    0.10600356855198109,
    0.10256776207552745,
    0.10091255682511587,
    0.10113341710086271,
    0.09398957552621193,
    0.08682106258662639,
    0.0856799872515016,
    0.08279003097542742,
    0.07596363733139741,
    0.07796764596114504,
    0.07060197901633576
  ],
  "val_loss": [
    0.6124341081066734,
    0.3689001461759847,
    0.32872676664068906,
    0.20727915012660098,
    0.2300808774869664,
    0.19424090528043686,
    0.2592465422752618,
    0.2014676328303098,
    0.6266295379374037,
    0.2149748738195266,
    0.16940644038904432,
    0.23757980831238518,
    0.2285010409636385,
    0.10119734531635644,
    0.3502519920271714,
    0.1737670522303831,
    0.19040511148731884,
    0.09748578119147175,
    0.10732202591081826,
    0.20360194254176514,
    0.25596606621190293,
    0.21672907914342235,
    0.15986307294832997,
    0.12570793160506602,
    0.15311477078003485
  ],
  "train_acc": [
    0.7518334148184364,
    0.8663496155384683,
    0.9002177874572204,
    0.9144850882261434,
    0.927819014178408,
    0.9353304591315169,
    0.9419751988977287,
    0.9463531712520556,
    0.9506200275567803,
    0.9483977065647362,
    0.9577981243610827,
    0.9572869905329126,
    0.9587092759678207,
    0.9614871772078759,
    0.9645762033868172,
    0.9664873994399751,
    0.9659318191919641,
    0.9665985154895773,
    0.969154184630428,
    0.9708431485843815,
    0.9721320947597671,
    0.9723098804391306,
    0.9749544424196631,
    0.9741544068625272,
    0.9758211476065602
  ],
  "val_acc": [
    0.7708916433426629,
    0.8722510995601759,
    0.8868452618952419,
    0.9306277489004399,
    0.9212315073970412,
    0.9350259896041584,
    0.9103358656537385,
    0.9314274290283886,
    0.8489604158336665,
    0.9272291083566573,
    0.9414234306277489,
    0.92203118752499,
    0.9287285085965614,
    0.9681127548980408,
    0.885045981607357,
    0.9447221111555378,
    0.9404238304678129,
    0.9677129148340664,
    0.9634146341463414,
    0.9409236305477809,
    0.9186325469812076,
    0.9326269492203119,
    0.9501199520191923,
    0.9574170331867253,
    0.9544182327069173
  ],
  "best_epoch": 18,
  "best_val_loss": 0.09748578119147175
}