{
  "train_loss": [
    0.6348203715814358,
    0.3698319694097426,
    0.30393093913665076,
    0.2599654760504941,
    0.22855596011932958,
    0.2054527063838185,
    0.18709795009883765,
    0.1734322703763153,
    0.15641731787026736,
    0.1528647700581711,
    0.14035233325669805,
    0.13069310705525816,
    0.12537362837726934,
    0.1199457568224814,
    0.11142394542720584,
    0.10542700662655938,
    0.10836127987331409,
    0.09614983020615507,
    0.08872570515558494,
    0.08617989850646152,
    0.08373616327509138,
    0.07836501003424376,
    0.08168000485902865
  ],
  "val_loss": [
    0.38509653881043254,
    0.3556103471373139,
    0.2811400123664447,
    0.2496811937613756,
    0.26109061852210713,
    0.17839230936034017,
    0.2079334064323108,
    0.22953901868589113,
    0.19750881725933397,
    0.22101863675334843,
    0.13595851882845342,
    0.25595150644280634,
    0.1643350509727826,
    0.17765214250403277,
    0.12329930478840267,
    0.1180141628986118,
    0.2236614642454023,
    0.22548564457025874,
    0.20297354323322514,
    0.24289040661296668,
    0.29552157062952256,
    0.21537808752263107,
    0.14363471242557854
  ],
  "train_acc": [
    0.7767234099293302,
    0.8748611049379973,
    0.8976843415262901,
    0.913707275878928,
    0.9241744077514557,
    0.9314858438152807,
    0.9379305746922085,
    0.9409529312413885,
    0.9472198764389529,
    0.9489088403929063,
    0.9524645539801769,
    0.9577759011511623,
    0.9577981243610827,
    0.9603760167118539,
    0.9627983465931819,
    0.965776256722521,
    0.9640428463487266,
    0.9672429885772701,
    0.970865371794302,
    0.9710653806835859,
    0.9724654429085737,
    0.9735321569847549,
    0.9733099248855505
  ],
  "val_acc": [
    0.8575569772091164,
    0.874750099960016,
    0.9047381047580968,
    0.9145341863254698,
    0.906437425029988,
    0.9370251899240304,
    0.930327868852459,
    0.9146341463414634,
    0.9341263494602159,
    0.9221311475409836,
    0.9534186325469812,
    0.9186325469812076,
    0.9452219112355058,
    0.941123550579768,
    0.9586165533786486,
    0.9632147141143542,
    0.9222311075569772,
    0.936125549780088,
    0.936625349860056,
    0.9216313474610156,
    0.9231307477009196,
    0.9417233106757297,
    0.9540183926429429
  ],
  "best_epoch": 16,
  "best_val_loss": 0.1180141628986118
}