{
  "accuracy": 0.9043175487465182,
  "precision_macro": 0.8809199822507031,
  "recall_macro": 0.8632489636313354,
  "f1_macro": 0.8622686308346528,
  "confusion_matrix": [
    [
      1326,
      2,
      0,
      0,
      3,
      7,
      0,
      0,
      0
    ],
    [
      0,
      847,
      0,
      0,
      0,
      0,
      0,
      0,
      0
    ],
    [
      0,
      0,
      286,
      9,
      0,
      24,
      0,
      19,
      1
    ],
    [
      0,
      0,
      4,
      622,
      0,
      0,
      4,
      0,
      4
    ],
    [
      60,
      58,
      0,
      0,
      911,
      0,
      4,
      0,
      2
    ],
    [
      0,
      0,
      13,
      55,
      2,
      492,
      0,
      20,
      10
    ],
    [
      0,
      0,
      3,
      9,
      13,
      0,
      682,
      0,
      34
    ],
    [
      0,
      0,
      59,
      7,
      12,
      72,
      11,
      157,
      103
    ],
    [
      0,
      0,
      5,
      23,
      2,
      0,
      33,
      0,
      1170
    ]
  ]
}