{
  "accuracy": 0.9456299327681964,
  "precision_macro": 0.9457324244150561,
  "recall_macro": 0.9305578513826918,
  "f1_macro": 0.9373381348969297,
  "ece": 0.08450083602279712,
  "precision_per_class": [
    0.9170506912442397,
    0.9872611464968153,
    0.970873786407767,
    0.8745819397993311,
    0.9504132231404959,
    0.9333333333333333,
    0.9344729344729344,
    0.997872340425532
  ],
  "recall_per_class": [
    0.8155737704918032,
    0.9935897435897436,
    0.9646302250803859,
    0.9032815198618307,
    0.9465020576131687,
    0.8380281690140845,
    0.984984984984985,
    0.997872340425532
  ],
  "f1_per_class": [
    0.8633405639913232,
    0.9904153354632588,
    0.967741935483871,
    0.8887000849617672,
    0.9484536082474226,
    0.8831168831168831,
    0.9590643274853801,
    0.997872340425532
  ],
  "accuracy_per_class": [
    0.8155737704918032,
    0.9935897435897436,
    0.9646302250803859,
    0.9032815198618307,
    0.9465020576131687,
    0.8380281690140845,
    0.984984984984985,
    0.997872340425532
  ],
  "reliability_diagram": {
    "bin_edges": [
      0.0,
      0.06666666666666667,
      0.13333333333333333,
      0.2,
      0.26666666666666666,
      0.3333333333333333,
      0.4,
      0.4666666666666667,
      0.5333333333333333,
      0.6,
      0.6666666666666666,
      0.7333333333333333,
      0.8,
      0.8666666666666667,
      0.9333333333333333,
      1.0
    ],
    "bin_accuracy": [
      0.0,
      0.0,
      0.0,
      1.0,
      0.6363636363636364,
      0.5,
      0.5172413793103449,
      0.46296296296296297,
      0.6825396825396826,
      0.7586206896551724,
      0.7962962962962963,
      0.8833333333333333,
      0.9464285714285714,
      0.9914163090128756,
      1.0
    ],
    "bin_confidence": [
      0.0,
      0.0,
      0.0,
      0.2656771242618561,
      0.2988167161291296,
      0.36994135273354395,
      0.4328733215044285,
      0.49517148512381093,
      0.5617097322902982,
      0.6356020734227937,
      0.701205728230653,
      0.7693945722447502,
      0.836818742077975,
      0.9089246110534975,
      0.9420663352265503
    ],
    "bin_count": [
      0,
      0,
      0,
      1,
      11,
      28,
      58,
      54,
      63,
      58,
      108,
      180,
      336,
      1864,
      660
    ]
  },
  "confusion_matrix": [
    [
      199,
      7,
      0,
      25,
      0,
      1,
      12,
      0
    ],
    [
      0,
      620,
      0,
      1,
      0,
      0,
      3,
      0
    ],
    [
      2,
      0,
      300,
      2,
      2,
      1,
      3,
      1
    ],
    [
      10,
      0,
      1,
      523,
      4,
      14,
      27,
      0
    ],
    [
      2,
      0,
      4,
      6,
      230,
      1,
      0,
      0
    ],
    [
      4,
      0,
      3,
      32,
      6,
      238,
      1,
      0
    ],
    [
      0,
      1,
      0,
      9,
      0,
      0,
      656,
      0
    ],
    [
      0,
      0,
      1,
      0,
      0,
      0,
      0,
      469
    ]
  ],
  "brier_score": 0.09117878381443618,
  "confidence_histogram": {
    "bin_edges": [
      0.0,
      0.05,
      0.1,
      0.15000000000000002,
      0.2,
      0.25,
      0.30000000000000004,
      0.35000000000000003,
      0.4,
      0.45,
      0.5,
      0.55,
      0.6000000000000001,
      0.65,
      0.7000000000000001,
      0.75,
      0.8,
      0.8500000000000001,
      0.9,
      0.9500000000000001,
      1.0
    ],
    "counts": [
      0,
      0,
      0,
      0,
      0,
      6,
      11,
      23,
      41,
      51,
      43,
      40,
      42,
      65,
      96,
      143,
      224,
      687,
      1864,
      85
    ],
    "density": [
      0.0,
      0.0,
      0.0,
      0.0,
      0.0,
      0.0017538731365097924,
      0.003215434083601286,
      0.006723180356620871,
      0.011984799766150248,
      0.014907921660333235,
      0.012569424144986846,
      0.01169248757673195,
      0.012277111955568546,
      0.01900029231218942,
      0.028061970184156678,
      0.04180064308681672,
      0.06547793042969892,
      0.20081847413037124,
      0.5448699210757089,
      0.024846536100555393
    ]
  },
  "entropy_histogram": {
    "bin_edges": [
      0.1846129596233368,
      0.26851155906915664,
      0.3524101585149765,
      0.4363087579607964,
      0.5202073574066162,
      0.6041059568524361,
      0.688004556298256,
      0.7719031557440758,
      0.8558017551898957,
      0.9397003546357156,
      1.0235989540815353,
      1.1074975535273552,
      1.1913961529731751,
      1.275294752418995,
      1.3591933518648147,
      1.4430919513106346,
      1.5269905507564545,
      1.6108891502022744,
      1.6947877496480943,
      1.778686349093914,
      1.8625849485397339
    ],
    "counts": [
      47,
      419,
      886,
      663,
      454,
      170,
      132,
      121,
      101,
      83,
      70,
      64,
      53,
      38,
      44,
      36,
      18,
      12,
      8,
      2
    ],
    "density": [
      0.01373867290266004,
      0.12247880736626718,
      0.2589885998246127,
      0.19380298158433207,
      0.13270973399590763,
      0.049693072201110786,
      0.03858520900321544,
      0.03536977491961415,
      0.029523531131248174,
      0.024261911721718796,
      0.02046185325928091,
      0.01870798012277112,
      0.015492546039169833,
      0.011107863197895352,
      0.012861736334405145,
      0.010523238819058756,
      0.005261619409529378,
      0.0035077462730195848,
      0.00233849751534639,
      0.0005846243788365975
    ]
  },
  "logit_magnitude_histogram": {
    "bin_edges": [
      1.4220384359359741,
      1.5742864191532135,
      1.726534402370453,
      1.8787823855876922,
      2.031030368804932,
      2.183278352022171,
      2.3355263352394102,
      2.4877743184566494,
      2.640022301673889,
      2.7922702848911287,
      2.944518268108368,
      3.096766251325607,
      3.2490142345428463,
      3.401262217760086,
      3.553510200977325,
      3.705758184194565,
      3.858006167411804,
      4.010254150629043,
      4.162502133846283,
      4.314750117063522,
      4.466998100280762
    ],
    "counts": [
      2,
      20,
      32,
      72,
      89,
      87,
      78,
      114,
      130,
      134,
      200,
      474,
      681,
      521,
      424,
      269,
      68,
      21,
      4,
      1
    ],
    "density": [
      0.0005846243788365975,
      0.005846243788365975,
      0.00935399006138556,
      0.02104647763811751,
      0.02601578485822859,
      0.02543116047939199,
      0.0228003507746273,
      0.03332358959368606,
      0.03800058462437884,
      0.03916983338205203,
      0.05846243788365975,
      0.13855597778427362,
      0.19906460099386145,
      0.15229465068693365,
      0.12394036831335867,
      0.07863197895352236,
      0.019877228880444315,
      0.006138555977784273,
      0.001169248757673195,
      0.00029231218941829873
    ]
  },
  "roc_auc_ovr_per_class": [
    0.9928533465430321,
    0.9996247123749805,
    0.9988761489231914,
    0.9896713375362651,
    0.9983476938934599,
    0.9936132574856215,
    0.9973621534420082,
    0.9999992790038718
  ],
  "roc_auc_ovr_macro": 0.9962934911503039,
  "roc_auc_ovr_micro": 0.997090390846189,
  "support_analysis": {
    "support": [
      244,
      624,
      311,
      579,
      243,
      284,
      666,
      470
    ],
    "support_fraction": [
      0.07132417421806489,
      0.1824028061970184,
      0.09090909090909091,
      0.16924875767319497,
      0.0710318620286466,
      0.08301666179479684,
      0.19467991815258695,
      0.1373867290266004
    ],
    "class_accuracy": [
      0.8155737704918032,
      0.9935897435897436,
      0.9646302250803859,
      0.9032815198618307,
      0.9465020576131687,
      0.8380281690140845,
      0.984984984984985,
      0.997872340425532
    ],