{
  "train_loss": [
    0.8548426703378735,
    0.7014039715390318,
    0.6633583700144484,
    0.6226997714035486,
    0.5962362731852885,
    0.5882270127001525,
    0.5688388707207525,
    0.5567702647833785,
    0.5495289334048195,
    0.5356878495910212,
    0.5300529366214253,
    0.533758464137095,
    0.5244271662506815,
    0.511295420496654
  ],
  "val_loss": [
    0.8570184295422563,
    0.8299988112717032,
    0.803321668477816,
    0.6995210034824978,
    0.7652611966445068,
    0.7520378220861204,
    0.5914840960056982,
    0.8226987234899931,
    0.6249261715701807,
    0.6165646648852625,
    0.652815125812994,
    0.6624814193939494,
    0.6114880916114166,
    0.6888270233279077
  ],
  "train_acc": [
    0.8268941294530858,
    0.898812510453253,
    0.9185482522160896,
    0.9374477337347382,
    0.947148352567319,
    0.9511624017394213,
    0.960026760327814,
    0.9640408094999163,
    0.9663823381836427,
    0.9755812008697107,
    0.9767519652115738,
    0.9740759324301723,
    0.9772537213580866,
    0.9831075430674026
  ],
  "val_acc": [
    0.8288551401869159,
    0.8387850467289719,
    0.8592289719626168,
    0.9065420560747663,
    0.8709112149532711,
    0.8767523364485982,
    0.9462616822429907,
    0.856892523364486,
    0.9316588785046729,
    0.9410046728971962,
    0.919392523364486,
    0.9176401869158879,
    0.9398364485981309,
    0.9059579439252337
  ],
  "train_grad_norm": [
    0.9999996841788066,
    0.999999530240376,
    0.9991400052931922,
    0.9834605598048092,
    0.9824707717979644,
    0.9527169770124494,
    0.9191497252326067,
    0.9054000664057716,
    0.9018892953181785,
    0.8097196648677221,
    0.8160100698470367,
    0.8713453444619189,
    0.7972161766169577,
    0.6974094141988337
  ],
  "val_ece": [
    0.03966094187904743,
    0.06833858422447586,
    0.05416655484761033,
    0.07691751920104585,
    0.04730491989474987,
    0.04806213528266019,
    0.08445169600858306,
    0.060307112296120596,
    0.07079625742457736,
    0.07713775037326545,
    0.05474563101393594,
    0.07275110645063015,
    0.0722581110198364,
    0.06903950302539588
  ],
  "val_brier": [
    0.24346937193588347,
    0.2271012746362509,
    0.21523631405838217,
    0.14429511976596468,
    0.19619283107479923,
    0.18903877310408523,
    0.08892257157446215,
    0.21838915867741757,
    0.10985791967767441,
    0.097811578634108,
    0.1261437496402409,
    0.13245156446705478,
    0.09872455037221717,
    0.14250633855397013
  ],
  "val_f1_macro": [
    0.8168318858959993,
    0.7996743884419146,
    0.8209553804725916,
    0.8771678790713116,
    0.8270073549023781,
    0.8495983139169501,
    0.9408166492741186,
    0.7860857330027348,
    0.9211124430337954,
    0.9352301865600294,
    0.9118131709404056,
    0.9087109026275666,
    0.9341705523035415,
    0.8868325755140647
  ],
  "best_epoch": 7,
  "best_val_loss": 0.5914840960056982
}