accuracy,f1_macro,ece,brier_score,roc_auc_ovr_macro,roc_auc_ovr_micro
0.9456299327681964,0.9373381348969297,0.08450083602279712,0.09117878381443618,0.9962934911503039,0.997090390846189
