{
  "accuracy": 0.926629640456007,
  "precision_macro": 0.9280054992120703,
  "recall_macro": 0.9119552056074547,
  "f1_macro": 0.9189249641644416,
  "ece": 0.05834135886208768,
  "precision_per_class": [
    0.8828451882845189,
    0.9398148148148148,
    0.9730639730639731,
    0.8186195826645265,
    0.9491525423728814,
    0.9037656903765691,
    0.9610194902548725,
    0.9957627118644068
  ],
  "recall_per_class": [
    0.8647540983606558,
    0.9759615384615384,
    0.9292604501607717,
    0.8808290155440415,
    0.9218106995884774,
    0.7605633802816901,
    0.9624624624624625,
    1.0
  ],
  "f1_per_class": [
    0.8737060041407867,
    0.9575471698113207,
    0.9506578947368421,
    0.848585690515807,
    0.9352818371607515,
    0.8260038240917782,
    0.9617404351087772,
    0.9978768577494692
  ],
  "accuracy_per_class": [
    0.8647540983606558,
    0.9759615384615384,
    0.9292604501607717,
    0.8808290155440415,
    0.9218106995884774,
    0.7605633802816901,
    0.9624624624624625,
    1.0
  ],
  "reliability_diagram": {
    "bin_edges": [
      0.0,
      0.06666666666666667,
      0.13333333333333333,
      0.2,
      0.26666666666666666,
      0.3333333333333333,
      0.4,
      0.4666666666666667,
      0.5333333333333333,
      0.6,
      0.6666666666666666,
      0.7333333333333333,
      0.8,
      0.8666666666666667,
      0.9333333333333333,
      1.0
    ],
    "bin_accuracy": [
      0.0,
      0.0,
      0.0,
      1.0,
      0.0,
      0.16666666666666666,
      0.2857142857142857,
      0.3548387096774194,
      0.4318181818181818,
      0.5945945945945946,
      0.660377358490566,
      0.6382978723404256,
      0.8,
      0.9680851063829787,
      0.95
    ],
    "bin_confidence": [
      0.0,
      0.0,
      0.0,
      0.2530030310153961,
      0.3010437985261281,
      0.3765928993622462,
      0.4349720360977309,
      0.5019804402705161,
      0.5671850361607291,
      0.6325421220547444,
      0.7040564519054485,
      0.7683174990593119,
      0.8385155984333583,
      0.9130345236787454,
      0.9369045108556747
    ],
    "bin_count": [
      0,
      0,
      0,
      1,
      6,
      6,
      28,
      31,
      44,
      37,
      53,
      47,
      140,
      3008,
      20
    ]
  },
  "confusion_matrix": [
    [
      211,
      6,
      1,
      19,
      1,
      5,
      1,
      0
    ],
    [
      0,
      609,
      1,
      8,
      0,
      1,
      4,
      1
    ],
    [
      4,
      3,
      289,
      10,
      0,
      0,
      4,
      1
    ],
    [
      12,
      14,
      5,
      510,
      5,
      16,
      17,
      0
    ],
    [
      1,
      1,
      1,
      16,
      224,
      0,
      0,
      0
    ],
    [
      11,
      7,
      0,
      44,
      6,
      216,
      0,
      0
    ],
    [
      0,
      8,
      0,
      16,
      0,
      1,
      641,
      0
    ],
    [
      0,
      0,
      0,
      0,
      0,
      0,
      0,
      470
    ]
  ],
  "brier_score": 0.11692294434214259,
  "confidence_histogram": {
    "bin_edges": [
      0.0,
      0.05,
      0.1,
      0.15000000000000002,
      0.2,
      0.25,
      0.30000000000000004,
      0.35000000000000003,
      0.4,
      0.45,
      0.5,
      0.55,
      0.6000000000000001,
      0.65,
      0.7000000000000001,
      0.75,
      0.8,
      0.8500000000000001,
      0.9,
      0.9500000000000001,
      1.0
    ],
    "counts": [
      0,
      0,
      0,
      0,
      0,
      4,
      4,
      5,
      21,
      23,
      23,
      36,
      30,
      26,
      45,
      36,
      94,
      328,
      2746,
      0
    ],
    "density": [
      0.0,
      0.0,
      0.0,
      0.0,
      0.0,
      0.001169248757673195,
      0.001169248757673195,
      0.0014615609470914938,
      0.006138555977784273,
      0.006723180356620871,
      0.006723180356620871,
      0.010523238819058756,
      0.008769365682548963,
      0.007600116924875768,
      0.013154048523823443,
      0.010523238819058756,
      0.02747734580532008,
      0.09587839812920199,
      0.8026892721426484,
      0.0
    ]
  },
  "entropy_histogram": {
    "bin_edges": [
      0.3206004500389099,
      0.3916570097208023,
      0.4627135694026947,
      0.5337701290845871,
      0.6048266887664795,
      0.6758832484483719,
      0.7469398081302643,
      0.8179963678121567,
      0.8890529274940491,
      0.9601094871759415,
      1.0311660468578339,
      1.1022226065397263,
      1.1732791662216187,
      1.244335725903511,
      1.3153922855854034,
      1.3864488452672958,
      1.4575054049491882,
      1.5285619646310806,
      1.599618524312973,
      1.6706750839948654,
      1.7417316436767578
    ],
    "counts": [
      75,
      1648,
      1096,
      183,
      72,
      54,
      41,
      25,
      26,
      32,
      30,
      32,
      32,
      21,
      15,
      18,
      10,
      4,
      5,
      2
    ],
    "density": [
      0.021923414206372407,
      0.48173048816135633,
      0.3203741596024554,
      0.05349313066354867,
      0.02104647763811751,
      0.015784858228588133,
      0.011984799766150248,
      0.007307804735457469,
      0.007600116924875768,
      0.00935399006138556,
      0.008769365682548963,
      0.00935399006138556,
      0.00935399006138556,
      0.006138555977784273,
      0.0043846828412744815,
      0.005261619409529378,
      0.0029231218941829875,
      0.001169248757673195,
      0.0014615609470914938,
      0.0005846243788365975
    ]
  },
  "logit_magnitude_histogram": {
    "bin_edges": [
      1.646309494972229,
      1.7867969691753387,
      1.9272844433784484,
      2.0677719175815583,
      2.208259391784668,
      2.3487468659877777,
      2.4892343401908876,
      2.6297218143939975,
      2.770209288597107,
      2.9106967628002165,
      3.0511842370033264,
      3.1916717112064363,
      3.3321591854095463,
      3.4726466596126557,
      3.6131341338157656,
      3.753621608018875,
      3.894109082221985,
      4.034596556425095,
      4.175084030628204,
      4.315571504831315,
      4.456058979034424
    ],
    "counts": [
      10,
      33,
      50,
      57,
      59,
      58,
      50,
      75,
      107,
      405,
      934,
      1089,
      364,
      95,
      17,
      13,
      2,
      2,
      0,
      1
    ],
    "density": [
      0.0029231218941829875,
      0.00964630225080386,
      0.014615609470914937,
      0.01666179479684303,
      0.017246419175679626,
      0.016954106986261326,
      0.014615609470914937,
      0.021923414206372407,
      0.03127740426775796,
      0.11838643671441099,
      0.27301958491669104,
      0.3183279742765273,
      0.10640163694826074,
      0.02776965799473838,
      0.004969307220111079,
      0.003800058462437884,
      0.0005846243788365975,
      0.0005846243788365975,
      0.0,
      0.00029231218941829873
    ]
  },
  "roc_auc_ovr_per_class": [
    0.9859853351703071,
    0.9969289440151078,
    0.9955883417251683,
    0.9709173646231765,
    0.9981677013003494,
    0.9732059875991685,
    0.9935727015581824,
    0.999997116015487
  ],
  "roc_auc_ovr_macro": 0.9892954365008684,
  "roc_auc_ovr_micro": 0.9902541160545674,
  "support_analysis": {
    "support": [
      244,
      624,
      311,
      579,
      243,
      284,
      666,
      470
    ],
    "support_fraction": [
      0.07132417421806489,
      0.1824028061970184,
      0.09090909090909091,
      0.16924875767319497,
      0.0710318620286466,
      0.08301666179479684,
      0.19467991815258695,
      0.1373867290266004
    ],
    "class_accuracy": [
      0.8647540983606558,
      0.9759615384615384,
      0.9292604501607717,
      0.8808290155440415,
      0.9218106995884774,
      0.7605633802816901,
      0.9624624624624625,
      1.0
    ],