{
  "train_loss": [
    0.991412887726366,
    0.7859155669182833,
    0.7186747528892992,
    0.6869601399070304,
    0.6531278901244509,
    0.618966587292827,
    0.6134775210870391,
    0.5866489301439232,
    0.5826858206623912,
    0.557012954958906,
    0.5599230681649616,
    0.5356058016790756,
    0.5242332119988765,
    0.523410516172812,
    0.5159063460755495,
    0.5116503425995469,
    0.5099334350037403,
    0.5050170185833517,
    0.496603202811849,
    0.4974816551942613,
    0.49598717145206817,
    0.48658073962801457,
    0.4836474105573693,
    0.4838431561984113,
    0.48021987434971947,
    0.4807840243672264,
    0.48095313951231045,
    0.47631280167801837,
    0.4769559414974123,
    0.47264329353130907,
    0.4702573366778454,
    0.47085400686094164,
    0.47151112831601893,
    0.47030082853926247,
    0.4699789303304918,
    0.46936471850741646
  ],
  "val_loss": [
    1.0593534841715733,
    0.9101887094640286,
    0.8758439482929551,
    0.9815656748887535,
    0.8356407245742941,
    0.8412784477260625,
    0.7608162443214488,
    0.9259001863337009,
    0.7269842134457882,
    0.778390652665468,
    0.7155622722946595,
    0.9286324782906291,
    0.7742590302618865,
    0.7730138023322988,
    0.6804383352538136,
    0.7422437177640255,
    0.717144682585636,
    0.7254867564851992,
    0.7150290502566043,
    0.6766172107135024,
    0.7803187838224607,
    0.6835770774110456,
    0.7200667991816441,
    0.6672179086186062,
    0.6534708175703744,
    0.7034877527539976,
    0.6424197025388201,
    0.6743537092877325,
    0.6387576878627884,
    0.6928700654306145,
    0.6464340536393852,
    0.656872493084346,
    0.6703730877314773,
    0.6571631359162732,
    0.6436275806382438,
    0.6398705093660088
  ],
  "train_acc": [
    0.7576517812343201,
    0.8585047666833918,
    0.888442883425322,
    0.902993811674193,
    0.9197190165579529,
    0.9377822378324134,
    0.939622010369627,
    0.9518314099347717,
    0.9541729386184981,
    0.9652115738417796,
    0.9645425656464292,
    0.9737414283324971,
    0.9790934938953002,
    0.980431510286001,
    0.9826057869208897,
    0.9834420471650778,
    0.9849473156046161,
    0.9877906004348553,
    0.9911356414116073,
    0.9886268606790434,
    0.9906338852650945,
    0.9944806823883593,
    0.9953169426325472,
    0.9948151864860345,
    0.9961532028767353,
    0.9956514467302224,
    0.9956514467302224,
    0.9973239672185984,
    0.9969894631209232,
    0.9988292356581369,
    0.9998327479511624,
    0.9993309918046496,
    0.9989964877069744,
    0.9996654959023248,
    0.9996654959023248,
    0.9998327479511624
  ],
  "val_acc": [
    0.7073598130841121,
    0.8037383177570093,
    0.8212616822429907,
    0.790303738317757,
    0.8533878504672897,
    0.8440420560747663,
    0.8790887850467289,
    0.8171728971962616,
    0.8913551401869159,
    0.875,
    0.8901869158878505,
    0.8165887850467289,
    0.8656542056074766,
    0.8703271028037384,
    0.9129672897196262,
    0.8936915887850467,
    0.897196261682243,
    0.8954439252336449,
    0.9030373831775701,
    0.9135514018691588,
    0.8796728971962616,
    0.9199766355140186,
    0.9036214953271028,
    0.919392523364486,
    0.9252336448598131,
    0.905373831775701,
    0.9287383177570093,
    0.9176401869158879,
    0.9287383177570093,
    0.9135514018691588,
    0.9281542056074766,
    0.9223130841121495,
    0.919392523364486,
    0.9287383177570093,
    0.9316588785046729,
    0.9334112149532711
  ],
  "train_grad_norm": [
    0.9999997119136231,
    0.9999995430822789,
    0.9999994605475854,
    0.9973927954212299,
    0.9900397405438364,
    0.9717896570502147,
    0.9795571413209129,
    0.9296217750733486,
    0.9293142697800819,
    0.862512419967063,
    0.9112217294657045,
    0.7999545370866658,
    0.7279541763697782,
    0.7630003840038835,
    0.7070595730545339,
    0.7241728400295433,
    0.6947419698537202,
    0.681410630917973,
    0.6038224921104317,
    0.6065483209293052,
    0.5821316836613615,
    0.4968678256696926,
    0.4394455616814306,
    0.44938586744950243,
    0.3953519395733535,
    0.43414665358580506,
    0.36039569547783,
    0.2950867059604964,
    0.32678920773563347,
    0.20217793687638572,
    0.13631269057338924,
    0.16886174141473193,
    0.21128772524769784,
    0.1359287440065566,
    0.13197135680024422,
    0.10366363430099104
  ],
  "val_ece": [
    0.06438625280997745,
    0.04562774899406969,
    0.046043799737485784,
    0.033329751760324586,
    0.03221313279365827,
    0.04298463678770807,
    0.04401690559896906,
    0.03933808425110635,
    0.058414932044449225,
    0.04751739132209361,
    0.04874781630585121,
    0.04596615767228269,
    0.050356408389650796,
    0.04721197609519847,
    0.05254485374577687,
    0.049982169695268155,
    0.0625594574958086,
    0.04723676558688419,
    0.054371301102164774,
    0.05886576389110535,
    0.04865207446512775,
    0.04586888085528514,
    0.04275109726831179,
    0.059687468736806804,
    0.06141166423804293,
    0.056513745546619525,
    0.058585060742971,
    0.06204758704613863,
    0.061781054832667985,
    0.05768750359034429,
    0.07227547900211582,
    0.06948362104594712,
    0.05718188207143927,
    0.06789033212394356,
    0.062311804862083646,
    0.0642571030619824
  ],
  "val_brier": [
    0.38181485083592875,
    0.28541667237323776,
    0.26148240852008153,
    0.3034791152741592,
    0.22264846550793657,
    0.23213512011513393,
    0.18446966049003308,
    0.2759882377337659,
    0.1663971380460735,
    0.18469329055075498,
    0.16356616800986434,
    0.2792086914635907,
    0.20223256355163344,
    0.19449083308980683,
    0.1381915177570718,
    0.16884801816577932,
    0.16100313684535028,
    0.1633173401427204,
    0.15408491573969094,
    0.13798293584492685,
    0.1866054062167899,
    0.13383612244548768,
    0.15870529328531227,
    0.12995927080352196,
    0.12185734104587334,
    0.14836181176960964,
    0.11570951434086144,
    0.1322210709366052,
    0.11248939010943694,
    0.1412937001685037,
    0.11917978936872647,
    0.12371400774394578,
    0.1314297273505451,
    0.11973812864954222,
    0.11376965094185937,
    0.11236805937247413
  ],
  "val_f1_macro": [
    0.6755461904061592,
    0.7763191244115866,
    0.7852166185594445,
    0.7589408404456616,
    0.8289509184241365,
    0.8177533712926424,
    0.8639973218674888,
    0.8209986509252923,
    0.8639953168446123,
    0.8688902123163231,
    0.8693128488426274,
    0.8071897126939354,
    0.8593105224335129,
    0.864423198311427,
    0.9019572298977994,
    0.8759416933693478,
    0.8855597118975072,
    0.8826673904392377,
    0.8887737278410143,
    0.9089340725942762,
    0.8413136979775782,
    0.9088975170890218,
    0.8917214330418926,
    0.9101343185209545,
    0.9201625608777406,
    0.8919558852960926,
    0.9209100781613611,
    0.9064889741875263,
    0.9207175229104103,
    0.9037034976061038,
    0.9223681329132363,
    0.9130546283305605,
    0.9084171333817808,
    0.9200492605937376,
    0.9243341754028658,
    0.9266194857205419
  ],
  "best_epoch": 29,
  "best_val_loss": 0.6387576878627884
}