accuracy,f1_macro,ece,brier_score,roc_auc_ovr_macro,roc_auc_ovr_micro
0.926629640456007,0.9189249641644416,0.05834135886208768,0.11692294434214259,0.9892954365008684,0.9902541160545674
