{
  "train_loss": [
    0.9782265564765796,
    0.7699149091475073,
    0.7072578797928942,
    0.6697273788687822,
    0.6463337483165095,
    0.6240909956016457,
    0.6118163741786267,
    0.6019237734931401,
    0.5928212764808997,
    0.5849390864780232,
    0.5807529040122383,
    0.5759759360490637,
    0.5712129740700403,
    0.5686091928568102,
    0.5643354814748477,
    0.5606062994479518,
    0.5595067206173612,
    0.5551892997445073,
    0.5534972521436337,
    0.5489789186660393,
    0.5458515364200022,
    0.5440385892150762,
    0.5411976173647913,
    0.5390649434168967,
    0.5374122640997459,
    0.5344508326664528,
    0.531924649150463,
    0.5299072237039991,
    0.5275655194724251,
    0.5263853397277828,
    0.5243008191693946,
    0.5225537866585794,
    0.5206061515009527,
    0.5185418466424045,
    0.5172758083951977,
    0.5163996116925019,
    0.5146692902984934,
    0.5143479107750739,
    0.5128954134070506,
    0.5114398325907982,
    0.5112955511540878,
    0.5103015052333896,
    0.5099242466641265,
    0.5092868087259821,
    0.508705487775402,
    0.5082928051317611,
    0.5081549514065351,
    0.5080301445576079,
    0.5079270990018109,
    0.5076941344424234
  ],
  "val_loss": [
    0.8796538029228006,
    0.7431223936340229,
    0.6566916673434158,
    0.6106941806273859,
    0.6014146122490106,
    0.6390774277914337,
    0.604812788062456,
    0.5956957243004593,
    0.6249834295274352,
    0.5840292355624355,
    0.5556163160098357,
    0.5947560552881509,
    0.5841007457643164,
    0.5809008253187906,
    0.5691571771407404,
    0.5860153476699073,
    0.585012045039124,
    0.5528456542025753,
    0.5814007054515382,
    0.555724182661797,
    0.5288403974395426,
    0.5472003375706983,
    0.527320286122764,
    0.5304471113261391,
    0.5304002834291088,
    0.5250526391377882,
    0.5272836074596499,
    0.5271128109339379,
    0.5230572886201964,
    0.5309172543417402,
    0.5250874136219689,
    0.5254264487022878,
    0.5189737342968315,
    0.5284296211267843,
    0.5219415670773927,
    0.5197036185058677,
    0.5201219309334372,
    0.5159491608377362,
    0.5178310170096428,
    0.5146979223437806,
    0.5150740512939798,
    0.5135365236477583,
    0.5130420406548226,
    0.5128218152912938,
    0.5123991883311068,
    0.5129420457483053,
    0.5139851626135358,
    0.5122179346220915,
    0.5123062287507558,
    0.5115092152573976
  ],
  "train_acc": [
    0.7967798568825281,
    0.8978176807858127,
    0.9251966754077959,
    0.9398973287701675,
    0.9491644073069915,
    0.9572314325081115,
    0.9609204853549047,
    0.9643984177074537,
    0.9673096582070314,
    0.9702431219165296,
    0.9721098715498466,
    0.9732210320458687,
    0.9753877950131117,
    0.9762989466198497,
    0.9784545979821325,
    0.9795435352682341,
    0.9800991155162452,
    0.9825992266322948,
    0.9825547802124539,
    0.9844659762656118,
    0.9856771412062758,
    0.9863993955286902,
    0.987655006889195,
    0.988555046890973,
    0.9890884039290635,
    0.9905440241788523,
    0.9916774078847949,
    0.9924329970220899,
    0.993699719987555,
    0.9938219476421174,
    0.9945886483843727,
    0.9951442286323836,
    0.9958998177696786,
    0.9967665229565759,
    0.9972665451797857,
    0.9972443219698653,
    0.9979554646873194,
    0.9981554735766034,
    0.9984332637006089,
    0.998888839503978,
    0.9989221743188587,
    0.9990999599982221,
    0.9991999644428641,
    0.9994666429619095,
    0.9993777501222276,
    0.9995110893817503,
    0.9996444286412729,
    0.9995110893817503,
    0.9995999822214321,
    0.9996888750611138
  ],
  "val_acc": [
    0.8361655337864854,
    0.8927429028388645,
    0.9367253098760496,
    0.9563174730107957,
    0.9554178328668532,
    0.9365253898440624,
    0.9544182327069173,
    0.9565173930427829,
    0.9429228308676529,
    0.9593162734906038,
    0.9730107956817273,
    0.9531187524990004,
    0.9622151139544183,
    0.9640143942423031,
    0.9672131147540983,
    0.959516193522591,
    0.9582167133146742,
    0.9731107556977209,
    0.9590163934426229,
    0.9738104758096762,
    0.9840063974410236,
    0.9769092363054778,
    0.9835065973610556,
    0.9828068772491003,
    0.9845061975209916,
    0.9852059176329468,
    0.9848060775689724,
    0.9847061175529788,
    0.9863054778088765,
    0.9824070371851259,
    0.9846061575369852,
    0.9850059976009596,
    0.9875049980007997,
    0.9837065173930428,
    0.9861055577768892,
    0.9869052379048381,
    0.9861055577768892,
    0.9888044782087165,
    0.9883046781287484,
    0.9897041183526589,
    0.9896041583366654,
    0.9895041983206717,
    0.9899040383846461,
    0.990703718512595,
    0.990703718512595,
    0.9903038784486206,
    0.9895041983206717,
    0.9901039584166333,
    0.9902039184326269,
    0.9905037984806078
  ],
  "train_grad_norm": [
    0.9999996288168678,
    0.9998271932806557,
    0.9973762050565477,
    0.9943944458922039,
    0.9875594088715912,
    0.9738779632944324,
    0.971585354668814,
    0.9607321481282771,
    0.9563360379765615,
    0.9466957482157422,
    0.943587354677586,
    0.940458871206666,
    0.9321556454842456,
    0.9328503731879588,
    0.9173527225388325,
    0.9148152763668386,
    0.9160556275170885,
    0.8998492585193892,
    0.894116633225222,
    0.8785803079491495,
    0.8811400855007253,
    0.8768697920697831,
    0.8543188799508361,
    0.8453376685197203,
    0.8332587342002691,
    0.8249448595420733,
    0.8039310866252499,
    0.7947010584821801,
    0.7808519471924453,
    0.7687046068510037,
    0.7471242802023581,
    0.7377352630703292,
    0.7056019707736362,
    0.6798732774686671,
    0.6597842391691596,
    0.6382521163649901,
    0.6059889358569762,
    0.6095739985059112,
    0.5759066862074629,
    0.5423304114387709,
    0.5340660499757175,
    0.5077429723184237,
    0.4981950884053896,
    0.4816252135445398,
    0.463310274622779,
    0.4466513515557773,
    0.4428657304240345,
    0.43869766188223797,
    0.4221793701490771,
    0.42434056528972824
  ],
  "val_ece": [
    0.05351621559152647,
    0.05921364968113067,
    0.1139026831944243,
    0.09094610971594898,
    0.09450159473914421,
    0.07432836332305916,
    0.09242947763952915,
    0.09394726387319305,
    0.0786293610164829,
    0.08111431392752042,
    0.08901935497500667,
    0.07694314772345837,
    0.09173173410762124,
    0.08742196863887311,
    0.08826210030296097,
    0.0824488143115247,
    0.07549564288210417,
    0.08334492445170807,
    0.07867885630180099,
    0.08004137170596011,
    0.08557540027857394,
    0.0943657988514818,
    0.08981216733143935,
    0.08668752517499048,
    0.08460836384485648,
    0.081877160763762,
    0.08446019725119625,
    0.07980697549602496,
    0.08835779423000618,
    0.08160126727016288,
    0.08433461368161409,
    0.08334314323863426,
    0.08467645858709028,
    0.08433337009153286,
    0.08252616327364702,
    0.08525473568015028,
    0.08271750436871596,
    0.08444327731035507,
    0.08485651211660412,
    0.08588371141964511,
    0.08519836930615435,
    0.08719218944589269,
    0.08576793345909083,
    0.08446343640824025,
    0.08474692397835444,
    0.08469769494330251,
    0.0844367540038166,
    0.08582024365776728,
    0.08627031306650147,
    0.0852596651939977
  ],