{
  "train_loss": [
    0.7142271931354001,
    0.5949266217137353,
    0.5692402153254837,
    0.556217788637964,
    0.5475646366813013,
    0.5441608046938554,
    0.5371631860383336,
    0.535928247631844,
    0.5324919231388642,
    0.5285023702182284,
    0.5279488912121053,
    0.5261230692078661,
    0.5229461804417124,
    0.5206014828298552,
    0.520242802868621,
    0.5179845649955844,
    0.5171107441204125,
    0.5160335146989805
  ],
  "val_loss": [
    0.6171816336255415,
    0.5796728974959698,
    0.5451748305823697,
    0.5496934271964584,
    0.543711823375165,
    0.540471184401453,
    0.5472321690963965,
    0.5289418062225717,
    0.5282671779739718,
    0.5364443009398261,
    0.5164855434650518,
    0.5250491563294802,
    0.5298295725778979,
    0.5452354258892299,
    0.5416689121403822,
    0.5303575389149761,
    0.5148092886773361,
    0.5259046831377885
  ],
  "train_acc": [
    0.9039512867238544,
    0.9555646917640784,
    0.9664985110449353,
    0.9714431752522334,
    0.9752100093337481,
    0.9757322547668785,
    0.9796213165029557,
    0.9794101960087115,
    0.9807324769989777,
    0.9826658962620561,
    0.983165918485266,
    0.9838659495977599,
    0.9851104493533046,
    0.9857215876261167,
    0.9861104937997245,
    0.9869660873816614,
    0.9872883239255078,
    0.9877327881239166
  ],
  "val_acc": [
    0.950219912035186,
    0.9602159136345462,
    0.9758096761295482,
    0.9746101559376249,
    0.975609756097561,
    0.9774090363854459,
    0.9734106357457017,
    0.9813074770091963,
    0.9826069572171131,
    0.9776089564174331,
    0.9868052778888444,
    0.9825069972011196,
    0.9830067972810875,
    0.9719112355057977,
    0.9754098360655737,
    0.98140743702519,
    0.9879048380647741,
    0.9825069972011196
  ],
  "train_grad_norm": [
    0.9739817027769194,
    0.8764533161687886,
    0.8260830917813209,
    0.7885746460879062,
    0.7652261112455732,
    0.7790660102371215,
    0.7586598694868267,
    0.7682288467452213,
    0.7626546340101467,
    0.7444887371532769,
    0.753090470438541,
    0.7369400611873326,
    0.7364553099986847,
    0.7347616428560624,
    0.7364273363932508,
    0.7159907385506659,
    0.7276128573457892,
    0.7176304808163105
  ],
  "val_ece": [
    0.08601530659489517,
    0.08790108759473056,
    0.09272766067255075,
    0.09605133949053953,
    0.08404333760342994,
    0.08906806973231789,
    0.08997091540440426,
    0.08542676194340458,
    0.09262667016618874,
    0.08679670953705329,
    0.09101627341976928,
    0.08772675682906388,
    0.0989246967820967,
    0.08233315427331432,
    0.08792248869039973,
    0.09874072481916456,
    0.09336400663897969,
    0.08764952963969554
  ],
  "val_brier": [
    0.0862714358470825,
    0.06834218350616662,
    0.04708748951514199,
    0.04992039561394836,
    0.04453096562939477,
    0.043981516646998876,
    0.04977726148904795,
    0.036466310953801574,
    0.036811035256295525,
    0.04256304460979794,
    0.029354013601393034,
    0.03501503689882661,
    0.03796739212534653,
    0.04838034705302554,
    0.04644019167471471,
    0.040353951039775016,
    0.028589884851459465,
    0.03534363081007174
  ],
  "val_f1_macro": [
    0.9500522541156547,
    0.9601733266131934,
    0.9755382262369571,
    0.9748996087546309,
    0.9755492998369708,
    0.9772490947868033,
    0.9735961368998631,
    0.9812816529142645,
    0.9824759590850304,
    0.9766562751792041,
    0.9866475136206471,
    0.9825230726274926,
    0.9829462560610707,
    0.9714007878300355,
    0.975339465714752,
    0.9813707309604188,
    0.987866511793038,
    0.9818470877583041
  ],
  "best_epoch": 11,
  "best_val_loss": 0.5164855434650518
}