{
  "model_name": "libs_cnn",
  "best_epoch": 27,
  "best_val_loss": 0.5347526132798299,
  "fusion_weight_analysis": {
    "raw_mean_abs_weight": 0.28185901045799255,
    "sobel_mean_abs_weight": 0.19744618237018585,
    "sobel_to_raw_importance_ratio": 0.7005139982906903,
    "ga_mean_abs_weight": 0.19744618237018585,
    "ga_to_raw_importance_ratio": 0.7005139982906903
  }
}