{
  "train_loss": [
    1.0505937833331194,
    0.8401589932147755,
    0.7535032471305365,
    0.7033519867770041,
    0.6723488103130605,
    0.6494143069058006,
    0.634123800847206,
    0.6197685255008866,
    0.6106421295057546,
    0.6009928471268832,
    0.592432610453158,
    0.5875084752787261,
    0.581295351297772,
    0.5770016432290629,
    0.5728255647797866,
    0.5686390947366249,
    0.5662481265018461,
    0.5629711066825087,
    0.5589661654739774,
    0.5579928077853061,
    0.5530884643809902,
    0.5500721713268332,
    0.5472166953873563,
    0.5437323880055739,
    0.5429755712520854,
    0.5393488699078289,
    0.5372759526086079,
    0.5339382514248286,
    0.5323222028800628,
    0.5302095110667876,
    0.5277878730221534,
    0.5261978336300149,
    0.5240206329381394,
    0.5222861570826403
  ],
  "val_loss": [
    0.8298188274929591,
    0.8063935608398624,
    0.7710340255644264,
    0.6809653120963681,
    0.6894979579407708,
    0.7101419850474879,
    0.5910351013050514,
    0.6589939832115402,
    0.595334979854837,
    0.5852874479309076,
    0.5836119282870043,
    0.5694004135673306,
    0.5848631699149106,
    0.5783582598578687,
    0.5603709747103967,
    0.5641663086886217,
    0.5827557517022717,
    0.5673374577266413,
    0.5732317064724556,
    0.5635414234355467,
    0.5699069981382447,
    0.5692005789503961,
    0.5435502508171841,
    0.5678393530016277,
    0.5568505275111254,
    0.5392822724063603,
    0.5347526132798299,
    0.5436254747149373,
    0.5392189452715846,
    0.5369963499127937,
    0.5321635643704706,
    0.5492329120111675,
    0.534303496654679,
    0.5289800569373386
  ],
  "train_acc": [
    0.7620338681719188,
    0.8634161518289701,
    0.9045846482065869,
    0.9247855460242678,
    0.9380861371616517,
    0.9468420818703054,
    0.9527534557091426,
    0.9585870483132584,
    0.9615205120227566,
    0.9643761944975332,
    0.9677652340104005,
    0.9698319925330015,
    0.9715431796968754,
    0.9738210587137206,
    0.9753877950131117,
    0.9766434063736166,
    0.9779434641539624,
    0.9792324103293479,
    0.9805658029245744,
    0.9810213787279435,
    0.9834770434241522,
    0.9851215609582649,
    0.9856771412062758,
    0.9876105604693542,
    0.9876327836792747,
    0.9891217387439442,
    0.9898884394861994,
    0.9914996222054313,
    0.9920774256633628,
    0.9931663629494644,
    0.9937886128272367,
    0.9944219743099694,
    0.995410907151429,
    0.9961664962887239
  ],
  "val_acc": [
    0.858156737305078,
    0.8816473410635746,
    0.8863454618152738,
    0.9256297481007597,
    0.9204318272690923,
    0.9075369852059176,
    0.960015993602559,
    0.929828068772491,
    0.955217912834866,
    0.9594162335065973,
    0.961515393842463,
    0.9670131947221111,
    0.9601159536185526,
    0.9628148740503798,
    0.9706117552978808,
    0.969312275089964,
    0.9604158336665334,
    0.9676129548180727,
    0.9661135545781687,
    0.9680127948820472,
    0.9668132746901239,
    0.9654138344662135,
    0.9785085965613755,
    0.9677129148340664,
    0.9717113154738105,
    0.9797081167532987,
    0.9813074770091963,
    0.9779088364654138,
    0.9796081567373051,
    0.9807077169132347,
    0.9827069172331068,
    0.9765093962415033,
    0.9805077968812475,
    0.9842063174730108
  ],
  "train_grad_norm": [
    0.9998912882076735,
    0.9992628233038089,
    0.9992021146116802,
    0.9971010716503464,
    0.9934290199039651,
    0.989033397093541,
    0.9891321539530434,
    0.9773484748314003,
    0.9750079585417036,
    0.9715652068426536,
    0.9660419612308337,
    0.9627715588842739,
    0.9596506183273446,
    0.9530072841001525,
    0.9430453403273656,
    0.9382209743452685,
    0.93654825178516,
    0.9377418132377264,
    0.9278718514822702,
    0.9253202391976962,
    0.916983517175701,
    0.9068592715185885,
    0.898985935625065,
    0.888077164163375,
    0.8918125254688813,
    0.8731230139394603,
    0.8659114687713336,
    0.8484546501557343,
    0.8335751299529308,
    0.827969103370078,
    0.8059022413786716,
    0.792318831899545,
    0.7711248927081163,
    0.7492864437063176
  ],
  "val_ece": [
    0.10646338600580427,
    0.08716641315540184,
    0.07330189203498651,
    0.08576311091663405,
    0.0904232467986831,
    0.09080933028461935,
    0.07410809268407088,
    0.08045527722384156,
    0.07301924209959838,
    0.08343568295895791,
    0.08320008037609608,
    0.07857160361521683,
    0.08042202334030303,
    0.08229449689567014,
    0.08238891646808176,
    0.09140299166180713,
    0.08095077893546655,
    0.08093508822870994,
    0.08521280100480502,
    0.07745240570032229,
    0.08572663279806603,
    0.07478526128275018,
    0.08903183184209612,
    0.08065218236989997,
    0.07959129520561968,
    0.0824900387716694,
    0.07866778384234274,
    0.07721039350451775,
    0.07660034275660271,
    0.08289906749578532,
    0.08151524669465803,
    0.07689038967666789,
    0.0828734740096538,
    0.08525587260121349
  ],
  "val_brier": [
    0.22169940816904943,
    0.19081688411645803,
    0.1757497542559762,
    0.12323681983453641,
    0.13147172367231427,
    0.14880791975952976,
    0.06712336203927739,
    0.11507486751758865,
    0.07333021426627882,
    0.07028864359821761,
    0.06822013176012022,
    0.058597062110654116,
    0.06941983374617072,
    0.06610512312691395,
    0.05421330779446755,
    0.05805445242159856,
    0.06867201689408442,
    0.05768244235706158,
    0.06299995565696703,
    0.05496482485159386,
    0.06149217058950385,
    0.05956293518786836,
    0.04429991360094483,
    0.058356817780354994,
    0.05175974214889471,
    0.04007191303707066,
    0.03612289723096666,
    0.04225664894330645,
    0.03909438919164169,
    0.03907260253829934,
    0.03570160610992566,
    0.045121322899126216,
    0.03818966857261219,
    0.03438037286182458
  ],
  "val_f1_macro": [
    0.8490136466622815,
    0.8785398198725649,
    0.8883477616900387,
    0.9233260506431622,
    0.9234881716575115,
    0.902297372142099,
    0.958717624568161,
    0.9308346186880144,
    0.9537701258203212,
    0.9595406591916602,
    0.9612828747917237,
    0.9663086500785758,
    0.9603743987093198,
    0.9633648725450509,
    0.9703598757108425,
    0.9691464794011306,
    0.9597434478526227,
    0.967975002206199,
    0.96409203877481,
    0.9674004344372137,
    0.9670713220099779,
    0.9652233022490567,
    0.9779336199255303,
    0.9671618391699874,
    0.9712891440626075,
    0.9792930959967544,
    0.9809830686407714,
    0.9775903094637007,
    0.9788091275960488,
    0.9803536483161817,
    0.9824698987972624,
    0.9762206209826838,
    0.98025097309335,
    0.9839761517577591
  ],
  "best_epoch": 27,
  "best_val_loss": 0.5347526132798299
}