{
  "train_loss": [
    0.8034769909303132,
    0.6525421730306044,
    0.6116273090083725,
    0.5892965629835267,
    0.5719948772155071,
    0.5598685088711445,
    0.5530517922649861,
    0.546071006415224,
    0.5411294687588515,
    0.5372803757029526,
    0.5324635587934335,
    0.5312592823259873,
    0.5270350523297324,
    0.5263924163110235,
    0.5229186962032759,
    0.5186512900795469,
    0.5197190415107376,
    0.5174404790446071,
    0.5154961984397793,
    0.5132774215914673,
    0.5130443132698835,
    0.5100819894253262,
    0.5090573088153902,
    0.5076952320113967,
    0.5061531111348326,
    0.5051553764684057,
    0.50357700902688,
    0.5020629397270028
  ],
  "val_loss": [
    0.6538796937737357,
    0.6389410990040477,
    0.5995291126865904,
    0.5786215080970861,
    0.5654694214195121,
    0.5391807892783934,
    0.5441221473742275,
    0.536824820126023,
    0.542446862097408,
    0.5377677464332642,
    0.5269085000343964,
    0.5642350424842232,
    0.5327562987208605,
    0.5185211467795351,
    0.5174976201450191,
    0.5212066054630166,
    0.5278706842544125,
    0.5165315353598703,
    0.5231502803861022,
    0.5177915858679035,
    0.5091760477891973,
    0.5188330381882281,
    0.5136261087377183,
    0.5136273856736907,
    0.5246196130260092,
    0.5116358468981563,
    0.5097229012199899,
    0.5097671688937607
  ],
  "train_acc": [
    0.8605049113293924,
    0.9282634783768168,
    0.9470309791546291,
    0.956753633494822,
    0.9637983910396017,
    0.9695542024089959,
    0.9725987821680964,
    0.9750766700742255,
    0.9773101026712299,
    0.9788990621805413,
    0.9812880572469888,
    0.9813880616916307,
    0.9833992621894306,
    0.9833214809547091,
    0.9848882172541001,
    0.9866660740477354,
    0.9861660518245255,
    0.9873216587403885,
    0.9879327970132006,
    0.9889661762745011,
    0.9889439530645806,
    0.9901440064002844,
    0.9904662429441309,
    0.9911996088715054,
    0.9918551935641584,
    0.9923441041824081,
    0.9925441130716921,
    0.9935330459131517
  ],
  "val_acc": [
    0.9310275889644143,
    0.9330267892842863,
    0.9501199520191923,
    0.9616153538584566,
    0.967313074770092,
    0.9772091163534586,
    0.9758096761295482,
    0.9788084766093562,
    0.977109156337465,
    0.9788084766093562,
    0.98390643742503,
    0.9670131947221111,
    0.9804078368652539,
    0.9879048380647741,
    0.9852059176329468,
    0.984406237504998,
    0.9828068772491003,
    0.9869052379048381,
    0.9845061975209916,
    0.9871051579368253,
    0.9900039984006398,
    0.9861055577768892,
    0.9879048380647741,
    0.9879048380647741,
    0.9838064774090364,
    0.9894042383046782,
    0.9904038384646141,
    0.9897041183526589
  ],
  "train_grad_norm": [
    0.9972222797299866,
    0.9633967423976767,
    0.9290277394319285,
    0.9082454845946957,
    0.8795737895818048,
    0.8741482090186498,
    0.8534092750622061,
    0.8473771167487174,
    0.8464826772088676,
    0.8390011173705821,
    0.8112306850006694,
    0.8190516217951369,
    0.8041941689857393,
    0.8028501726229895,
    0.7940185093026203,
    0.7636717275309423,
    0.7751817785106463,
    0.7434933715310634,
    0.757052154205445,
    0.7365445465764842,
    0.7348070349278342,
    0.7021541534872817,
    0.7097700496274303,
    0.6786328447686775,
    0.6608273808980922,
    0.6540057849386841,
    0.6235704688984157,
    0.603229178203353
  ],
  "val_ece": [
    0.10357068055143646,
    0.09235922189378012,
    0.08343029712460512,
    0.08813946055131451,
    0.08923682928240234,
    0.08992342363710831,
    0.08953894238944349,
    0.08912074181293304,
    0.08780618782927155,
    0.08970395661816034,
    0.09312098974087193,
    0.08173699527144765,
    0.08604696625676081,
    0.09278062043167123,
    0.08866084107264477,
    0.08493816914831534,
    0.08757732629251688,
    0.0884935541129837,
    0.09030647697102209,
    0.089236669382397,
    0.08790808404292737,
    0.08614909510071975,
    0.0882423012400093,
    0.08699287572761671,
    0.08524151471127318,
    0.0876616973017321,
    0.08949192416448684,
    0.08902358083499053
  ],
  "val_brier": [
    0.11800812617153837,
    0.10881990902688611,
    0.0826340292613767,
    0.06748458422659424,
    0.05994191936608969,
    0.04373685003021332,
    0.04668531350505901,
    0.04184290945036327,
    0.04510483238143822,
    0.0425298450783896,
    0.035399550342243895,
    0.05884016346559546,
    0.039240866362286735,
    0.03010633607370226,
    0.030154803078799284,
    0.03214404878357449,
    0.03586097194478191,
    0.028679722310059486,
    0.03316594805385398,
    0.030054128792082482,
    0.024060119376740657,
    0.03052983347603031,
    0.027663909537155584,
    0.027265385068247962,
    0.03401996063198419,
    0.025814182473332486,
    0.024586540661951276,
    0.024820852490843145
  ],
  "val_f1_macro": [
    0.9307717242913163,
    0.9346212428781657,
    0.95092829326546,
    0.961010074782853,
    0.9666283947376964,
    0.9766780552514235,
    0.9757514536843996,
    0.9787201304408666,
    0.9771793828887851,
    0.9785999589752898,
    0.9836161182197442,
    0.9659267012673838,
    0.9807923035302615,
    0.9878670113460668,
    0.9853049717401667,
    0.9844199938922125,
    0.9825663196212666,
    0.9866443833308024,
    0.9842641260368179,
    0.9870731633208236,
    0.98996118762935,
    0.9859477765668628,
    0.9875663129545421,
    0.9878520729406627,
    0.9837356890015676,
    0.9892626620926149,
    0.9900992909467958,
    0.9893982943378113
  ],
  "best_epoch": 21,
  "best_val_loss": 0.5091760477891973
}