{
  "train_loss": [
    0.5879485214520594,
    0.3246297333591247,
    0.24851701064900292,
    0.20746814327178917,
    0.18262210926720007,
    0.16118505768132305,
    0.14859988978745375,
    0.13907289339660872,
    0.12578421438782528,
    0.12071697120410625,
    0.11241107776119504,
    0.1028226967383567,
    0.1027036006348888,
    0.09488552319915555,
    0.09307676289599653,
    0.08811290881957033,
    0.0888198655880912,
    0.08045309846260577,
    0.07686165696894748,
    0.07558205480659959,
    0.07297116803158744,
    0.07182521228408567,
    0.06935421165836608,
    0.0683469047591441,
    0.06733438940824049,
    0.06520000849443643,
    0.06484181460099148,
    0.061442642567297166
  ],
  "val_loss": [
    0.35755316479379584,
    0.2976405579464191,
    0.27991080615239017,
    0.35809920703778503,
    0.1685010090988667,
    0.13479460680820807,
    0.15115081802791044,
    0.2381385425384976,
    0.17752350084051663,
    0.11916360854715263,
    0.10613530538812345,
    0.21786363968332975,
    0.13647999960939583,
    0.1495262241122819,
    0.0873248305637948,
    0.12594069395719268,
    0.10583563086713424,
    0.10015308569784595,
    0.10855140618649257,
    0.21650684730070488,
    0.06468940520745109,
    0.15745778756587803,
    0.07355550510577205,
    0.07180671002127466,
    0.0790868277167354,
    0.1894132629221604,
    0.10523794402704625,
    0.20787112264022953
  ],
  "train_acc": [
    0.7910870112745751,
    0.8866764448790316,
    0.9145887965391054,
    0.9309302635672697,
    0.9390491429248707,
    0.9456123975880409,
    0.9498940693660459,
    0.953983139991407,
    0.9579092404106849,
    0.9587981688075026,
    0.9618501563032431,
    0.9657614412492407,
    0.9651391913714683,
    0.9684578573862542,
    0.9689912144243448,
    0.9705912855386165,
    0.9697764345082004,
    0.9734654873549936,
    0.9750359275227047,
    0.9747396180570989,
    0.9750359275227047,
    0.9757915166599997,
    0.976206349911848,
    0.977421218720832,
    0.9772434330414685,
    0.9775545579803547,
    0.9781027304917256,
    0.9796583551861564
  ],
  "val_acc": [
    0.8730507796881247,
    0.8929428228708517,
    0.8945421831267493,
    0.8770491803278688,
    0.9412235105957617,
    0.955217912834866,
    0.9464214314274291,
    0.9204318272690923,
    0.9400239904038384,
    0.9591163534586166,
    0.9643142742902839,
    0.9296281487405038,
    0.9545181927229108,
    0.9462215113954419,
    0.9716113554578168,
    0.9577169132347061,
    0.9636145541783286,
    0.967313074770092,
    0.9631147540983607,
    0.9343262694922031,
    0.9767093162734906,
    0.9458216713314674,
    0.9773090763694522,
    0.9769092363054778,
    0.9762095161935226,
    0.9413234706117553,
    0.9668132746901239,
    0.9362255097960815
  ],
  "best_epoch": 21,
  "best_val_loss": 0.06468940520745109
}