{
  "accuracy": 0.8821727019498607,
  "precision_macro": 0.8606276556401476,
  "recall_macro": 0.8584773989115865,
  "f1_macro": 0.8468973625670585,
  "confusion_matrix": [
    [
      1185,
      0,
      1,
      0,
      5,
      144,
      3,
      0,
      0
    ],
    [
      0,
      847,
      0,
      0,
      0,
      0,
      0,
      0,
      0
    ],
    [
      9,
      0,
      314,
      0,
      0,
      5,
      0,
      11,
      0
    ],
    [
      0,
      0,
      0,
      633,
      0,
      0,
      0,
      0,
      1
    ],
    [
      29,
      101,
      1,
      1,
      894,
      0,
      2,
      0,
      7
    ],
    [
      49,
      13,
      53,
      0,
      1,
      463,
      0,
      13,
      0
    ],
    [
      2,
      0,
      12,
      11,
      0,
      0,
      701,
      3,
      12
    ],
    [
      0,
      6,
      75,
      2,
      17,
      96,
      12,
      174,
      39
    ],
    [
      0,
      0,
      8,
      36,
      5,
      0,
      60,
      1,
      1123
    ]
  ]
}