{
  "train_loss": [
    0.5493223749146751,
    0.3263491264481081,
    0.2659395296651314,
    0.22522939427481042,
    0.19983613243092008,
    0.1791585473236685,
    0.16218476581400756,
    0.15356862838369623,
    0.14144083378884226,
    0.13254886704344998,
    0.12419288404299043,
    0.11533628000899888,
    0.10922980330719874,
    0.1058265811538093,
    0.10026086155762681,
    0.095861652531184,
    0.09145341053129767,
    0.0872055343224006,
    0.08351212530711817,
    0.0789971644039258,
    0.07757622071151625
  ],
  "val_loss": [
    0.33632840548024945,
    0.3066743180507281,
    0.1841171023632135,
    0.17507292947522263,
    0.16332393841760628,
    0.2877016191373392,
    0.1759149177355177,
    0.16992469555864045,
    0.1312025275553574,
    0.14641000112382377,
    0.17647992003588428,
    0.11993027270817366,
    0.14683829363538284,
    0.10938690384117807,
    0.1111934075161058,
    0.1153207077044861,
    0.13111689696308138,
    0.11161542369625488,
    0.11885941683983908,
    0.12068124710381484,
    0.11781893549758832
  ],
  "train_acc": [
    0.8084951923789205,
    0.8881431767337807,
    0.9090774404788361,
    0.9238484673392892,
    0.9324858882617005,
    0.939063958398151,
    0.9450197786568292,
    0.9478495340533654,
    0.9523089915107338,
    0.9556721039453605,
    0.9581314725098893,
    0.9614205075781146,
    0.9625761144939775,
    0.9632872572114316,
    0.9667244470124599,
    0.967539298042876,
    0.9691986310502689,
    0.9704875772256545,
    0.9711394580499874,
    0.9736284575610767,
    0.9741766300724477
  ],
  "val_acc": [
    0.8786485405837665,
    0.898640543782487,
    0.9380247900839664,
    0.9399240303878449,
    0.9449220311875249,
    0.8970411835265893,
    0.9401239504198321,
    0.9431227508996401,
    0.9550179928028788,
    0.9523190723710516,
    0.9403238704518193,
    0.9586165533786486,
    0.9541183526589364,
    0.9613154738104758,
    0.9606157536985206,
    0.9607157137145141,
    0.9576169532187125,
    0.9653138744502199,
    0.9611155537784886,
    0.9588164734106357,
    0.9624150339864055
  ],
  "best_epoch": 14,
  "best_val_loss": 0.10938690384117807
}