{
  "accuracy": 0.8799442896935933,
  "precision_macro": 0.8577550422323189,
  "recall_macro": 0.8532547413363004,
  "f1_macro": 0.8442057876870765,
  "confusion_matrix": [
    [
      1286,
      1,
      2,
      0,
      0,
      49,
      0,
      0,
      0
    ],
    [
      0,
      847,
      0,
      0,
      0,
      0,
      0,
      0,
      0
    ],
    [
      0,
      9,
      290,
      0,
      0,
      19,
      0,
      21,
      0
    ],
    [
      0,
      0,
      52,
      578,
      0,
      0,
      2,
      0,
      2
    ],
    [
      83,
      53,
      4,
      0,
      892,
      0,
      2,
      1,
      0
    ],
    [
      0,
      55,
      7,
      0,
      0,
      516,
      0,
      14,
      0
    ],
    [
      1,
      0,
      42,
      5,
      7,
      7,
      630,
      1,
      48
    ],
    [
      0,
      6,
      64,
      0,
      6,
      98,
      0,
      211,
      36
    ],
    [
      0,
      0,
      108,
      14,
      8,
      6,
      21,
      8,
      1068
    ]
  ]
}