accuracy,f1_macro,ece,brier_score,roc_auc_ovr_macro,roc_auc_ovr_micro
0.9526454253142356,0.947561703350368,0.07677768253158038,0.07882270754528448,0.9960061146168795,0.9968833297667593
