{
  "accuracy": 0.9526454253142356,
  "precision_macro": 0.948350571374366,
  "recall_macro": 0.9474647424905147,
  "f1_macro": 0.947561703350368,
  "ece": 0.07677768253158038,
  "precision_per_class": [
    0.8957528957528957,
    0.9983792544570502,
    0.9795221843003413,
    0.8946459412780656,
    0.9322709163346613,
    0.9330855018587361,
    0.9531478770131772,
    1.0
  ],
  "recall_per_class": [
    0.9508196721311475,
    0.9871794871794872,
    0.9228295819935691,
    0.8946459412780656,
    0.9629629629629629,
    0.8838028169014085,
    0.9774774774774775,
    1.0
  ],
  "f1_per_class": [
    0.9224652087475149,
    0.9927477840451249,
    0.9503311258278145,
    0.8946459412780656,
    0.9473684210526315,
    0.9077757685352622,
    0.9651593773165308,
    1.0
  ],
  "accuracy_per_class": [
    0.9508196721311475,
    0.9871794871794872,
    0.9228295819935691,
    0.8946459412780656,
    0.9629629629629629,
    0.8838028169014085,
    0.9774774774774775,
    1.0
  ],
  "reliability_diagram": {
    "bin_edges": [
      0.0,
      0.06666666666666667,
      0.13333333333333333,
      0.2,
      0.26666666666666666,
      0.3333333333333333,
      0.4,
      0.4666666666666667,
      0.5333333333333333,
      0.6,
      0.6666666666666666,
      0.7333333333333333,
      0.8,
      0.8666666666666667,
      0.9333333333333333,
      1.0
    ],
    "bin_accuracy": [
      0.0,
      0.0,
      0.0,
      0.0,
      0.75,
      0.5,
      0.4594594594594595,
      0.5714285714285714,
      0.5348837209302325,
      0.6122448979591837,
      0.6779661016949152,
      0.8666666666666667,
      0.9534883720930233,
      0.9891402714932127,
      0.9958419958419958
    ],
    "bin_confidence": [
      0.0,
      0.0,
      0.0,
      0.0,
      0.30924542993307114,
      0.3669610396027565,
      0.43802825582994,
      0.5064908296478038,
      0.5692169513813284,
      0.6352731999085874,
      0.7029706785234354,
      0.7697588317924076,
      0.8441609042559484,
      0.9094864270805774,
      0.9455807792669523
    ],
    "bin_count": [
      0,
      0,
      0,
      0,
      4,
      12,
      37,
      49,
      43,
      49,
      59,
      90,
      387,
      2210,
      481
    ]
  },
  "confusion_matrix": [
    [
      232,
      0,
      1,
      8,
      0,
      3,
      0,
      0
    ],
    [
      0,
      616,
      0,
      5,
      0,
      0,
      3,
      0
    ],
    [
      5,
      0,
      287,
      15,
      3,
      0,
      1,
      0
    ],
    [
      14,
      0,
      0,
      518,
      7,
      14,
      26,
      0
    ],
    [
      1,
      0,
      1,
      6,
      234,
      1,
      0,
      0
    ],
    [
      7,
      0,
      0,
      18,
      6,
      251,
      2,
      0
    ],
    [
      0,
      1,
      4,
      9,
      1,
      0,
      651,
      0
    ],
    [
      0,
      0,
      0,
      0,
      0,
      0,
      0,
      470
    ]
  ],
  "brier_score": 0.07882270754528448,
  "confidence_histogram": {
    "bin_edges": [
      0.0,
      0.05,
      0.1,
      0.15000000000000002,
      0.2,
      0.25,
      0.30000000000000004,
      0.35000000000000003,
      0.4,
      0.45,
      0.5,
      0.55,
      0.6000000000000001,
      0.65,
      0.7000000000000001,
      0.75,
      0.8,
      0.8500000000000001,
      0.9,
      0.9500000000000001,
      1.0
    ],
    "counts": [
      0,
      0,
      0,
      0,
      0,
      1,
      5,
      10,
      25,
      27,
      46,
      31,
      36,
      37,
      54,
      71,
      199,
      861,
      1879,
      139
    ],
    "density": [
      0.0,
      0.0,
      0.0,
      0.0,
      0.0,
      0.00029231218941829873,
      0.0014615609470914938,
      0.0029231218941829875,
      0.007307804735457469,
      0.007892429114294067,
      0.013446360713241743,
      0.009061677871967261,
      0.010523238819058756,
      0.010815551008477054,
      0.015784858228588133,
      0.02075416544869921,
      0.05817012569424145,
      0.2516807950891552,
      0.5492546039169833,
      0.040631394329143526
    ]
  },
  "entropy_histogram": {
    "bin_edges": [
      0.042481668293476105,
      0.12690364830195905,
      0.21132562831044197,
      0.2957476083189249,
      0.3801695883274078,
      0.46459156833589077,
      0.5490135483443737,
      0.6334355283528567,
      0.7178575083613395,
      0.8022794883698224,
      0.8867014683783054,
      0.9711234483867883,
      1.0555454283952712,
      1.139967408403754,
      1.2243893884122372,
      1.30881136842072,
      1.393233348429203,
      1.4776553284376859,
      1.5620773084461688,
      1.6464992884546519,
      1.7309212684631348
    ],
    "counts": [
      7,
      32,
      108,
      432,
      1229,
      392,
      466,
      277,
      126,
      67,
      53,
      50,
      42,
      39,
      31,
      25,
      26,
      8,
      6,
      5
    ],
    "density": [
      0.0020461853259280912,
      0.00935399006138556,
      0.03156971645717627,
      0.12627886582870507,
      0.3592516807950892,
      0.11458637825197311,
      0.13621748026892722,
      0.08097047646886875,
      0.036831335866705645,
      0.019584916691026015,
      0.015492546039169833,
      0.014615609470914937,
      0.012277111955568546,
      0.01140017538731365,
      0.009061677871967261,
      0.007307804735457469,
      0.007600116924875768,
      0.00233849751534639,
      0.0017538731365097924,
      0.0014615609470914938
    ]
  },
  "logit_magnitude_histogram": {
    "bin_edges": [
      1.4744250774383545,
      1.737603485584259,
      2.0007818937301636,
      2.263960301876068,
      2.5271387100219727,
      2.790317118167877,
      3.0534955263137817,
      3.3166739344596863,
      3.579852342605591,
      3.8430307507514954,
      4.1062091588974,
      4.369387567043304,
      4.632565975189209,
      4.8957443833351135,
      5.158922791481018,
      5.422101199626923,
      5.685279607772827,
      5.948458015918732,
      6.211636424064636,
      6.474814832210541,
      6.737993240356445
    ],
    "counts": [
      10,
      34,
      70,
      98,
      96,
      155,
      478,
      1183,
      958,
      218,
      71,
      22,
      16,
      4,
      4,
      1,
      2,
      0,
      0,
      1
    ],
    "density": [
      0.0029231218941829875,
      0.009938614440222157,
      0.02046185325928091,
      0.028646594562993278,
      0.028061970184156678,
      0.045308389359836304,
      0.1397252265419468,
      0.3458053200818474,
      0.2800350774627302,
      0.06372405729318913,
      0.02075416544869921,
      0.006430868167202572,
      0.00467699503069278,
      0.001169248757673195,
      0.001169248757673195,
      0.00029231218941829873,
      0.0005846243788365975,
      0.0,
      0.0,
      0.00029231218941829873
    ]
  },
  "roc_auc_ovr_per_class": [
    0.9983952279963054,
    0.9994436575818413,
    0.9909306148613022,
    0.9898870750730165,
    0.9989666612280416,
    0.9926198889223129,
    0.997805791272216,
    1.0
  ],
  "roc_auc_ovr_macro": 0.9960061146168795,
  "roc_auc_ovr_micro": 0.9968833297667593,
  "support_analysis": {
    "support": [
      244,
      624,
      311,
      579,
      243,
      284,
      666,
      470
    ],
    "support_fraction": [
      0.07132417421806489,
      0.1824028061970184,
      0.09090909090909091,
      0.16924875767319497,
      0.0710318620286466,
      0.08301666179479684,
      0.19467991815258695,
      0.1373867290266004
    ],
    "class_accuracy": [
      0.9508196721311475,
      0.9871794871794872,
      0.9228295819935691,
      0.8946459412780656,
      0.9629629629629629,
      0.8838028169014085,
      0.9774774774774775,
      1.0
    ],