{
  "train_loss": [
    0.8525813027037528,
    0.7062416131988101,
    0.6616857800321807,
    0.6326068392324695,
    0.6135002267980759,
    0.5927350672815811,
    0.5715039259894155,
    0.5644076803911289,
    0.5559003935507816,
    0.5544853027717468,
    0.5306958744190552,
    0.5264490528396987,
    0.520048363628665,
    0.5133053728879784,
    0.5176614007038264,
    0.5106430755528464,
    0.500616805911124,
    0.49718062261371515
  ],
  "val_loss": [
    2.0459414408585737,
    0.8734566580469363,
    0.8080878480572566,
    0.8259960390697015,
    0.8691865840804911,
    0.8346651385877734,
    0.62723453579662,
    0.6348226276513572,
    0.6481499510390736,
    0.6966227070193425,
    0.5792678059818589,
    0.6768992927586921,
    0.6346079077676078,
    0.7238466995898808,
    0.6448176386200379,
    0.5893520451037684,
    0.6111327170211578,
    0.6153460807889422
  ],
  "train_acc": [
    0.8340859675531025,
    0.8969727379160395,
    0.9187155042649272,
    0.9309249038300719,
    0.9372804816859006,
    0.9464793443719686,
    0.9543401906673357,
    0.9605285164743268,
    0.9637063054022412,
    0.9623682890115404,
    0.9780899816022747,
    0.9780899816022747,
    0.9802642582371635,
    0.9831075430674026,
    0.980431510286001,
    0.9814350225790266,
    0.9879578524836929,
    0.9902993811674193
  ],
  "val_acc": [
    0.5800233644859814,
    0.8498831775700935,
    0.8574766355140186,
    0.8586448598130841,
    0.8370327102803738,
    0.8516355140186916,
    0.9345794392523364,
    0.9316588785046729,
    0.9264018691588785,
    0.8901869158878505,
    0.9561915887850467,
    0.9211448598130841,
    0.929322429906542,
    0.8872663551401869,
    0.9205607476635514,
    0.9450934579439252,
    0.9328271028037384,
    0.9351635514018691
  ],
  "train_grad_norm": [
    0.9999996801387032,
    0.9999995197417932,
    0.9968175565047854,
    0.994000074860561,
    0.987204856232245,
    0.9670116554473359,
    0.9586725274530299,
    0.9296372475982944,
    0.9134244977916441,
    0.9283583421385619,
    0.8515264169836644,
    0.800392605992644,
    0.7802820838830329,
    0.7439472722960683,
    0.8115301031008052,
    0.7561854737154456,
    0.6426663038063979,
    0.631377917449522
  ],
  "val_ece": [
    0.23715833348230783,
    0.062134846226773566,
    0.07509752550971845,
    0.03790147075969207,
    0.06420886097040694,
    0.02920064053315425,
    0.0654744954309731,
    0.07759870493036003,
    0.06731897848440666,
    0.06422322520237658,
    0.07856028633209591,
    0.06335122059055853,
    0.06734985358595293,
    0.04874552387709367,
    0.06863766936498267,
    0.07755860285920513,
    0.08100198000390953,
    0.06675104161498144
  ],
  "val_brier": [
    0.6844842488085832,
    0.22995639397899267,
    0.2228696261735257,
    0.21758143458714554,
    0.24681508254917855,
    0.2276947949184614,
    0.10626227694449572,
    0.11456086449652716,
    0.12224603529094603,
    0.1579834776029776,
    0.07767353435666498,
    0.1291746057632228,
    0.11563808559576827,
    0.17032710240455276,
    0.12182852094941113,
    0.08764020955351227,
    0.1047063684999041,
    0.10054189254124053
  ],
  "val_f1_macro": [
    0.535369656622326,
    0.8333099402650097,
    0.850925580623184,
    0.8007066101125986,
    0.7881411303701692,
    0.8390756422015202,
    0.9284439141352201,
    0.9188868409990738,
    0.9188580455393878,
    0.8837586068490553,
    0.9521655858920035,
    0.9104673940713015,
    0.9195197146830474,
    0.8719770454530746,
    0.9023089056354543,
    0.9374452220559992,
    0.9244709344950779,
    0.9283069650996617
  ],
  "best_epoch": 11,
  "best_val_loss": 0.5792678059818589
}