accuracy,f1_macro,ece,brier_score,roc_auc_ovr_macro,roc_auc_ovr_micro
0.8716749488453669,0.8483409292281681,0.041923013844360396,0.1896623159156878,0.9813562134022287,0.9854813966246003
