{
  "accuracy": 0.8716749488453669,
  "precision_macro": 0.8842743019015686,
  "recall_macro": 0.8290670286600219,
  "f1_macro": 0.8483409292281681,
  "ece": 0.041923013844360396,
  "precision_per_class": [
    0.8109452736318408,
    0.9070121951219512,
    0.9055374592833876,
    0.6773296244784422,
    0.9781420765027322,
    0.8695652173913043,
    0.9298998569384835,
    0.9957627118644068
  ],
  "recall_per_class": [
    0.6680327868852459,
    0.9535256410256411,
    0.8938906752411575,
    0.8411053540587219,
    0.7366255144032922,
    0.5633802816901409,
    0.975975975975976,
    1.0
  ],
  "f1_per_class": [
    0.7325842696629213,
    0.9296875,
    0.8996763754045307,
    0.7503852080123267,
    0.8403755868544601,
    0.6837606837606838,
    0.9523809523809523,
    0.9978768577494692
  ],
  "accuracy_per_class": [
    0.6680327868852459,
    0.9535256410256411,
    0.8938906752411575,
    0.8411053540587219,
    0.7366255144032922,
    0.5633802816901409,
    0.975975975975976,
    1.0
  ],
  "reliability_diagram": {
    "bin_edges": [
      0.0,
      0.06666666666666667,
      0.13333333333333333,
      0.2,
      0.26666666666666666,
      0.3333333333333333,
      0.4,
      0.4666666666666667,
      0.5333333333333333,
      0.6,
      0.6666666666666666,
      0.7333333333333333,
      0.8,
      0.8666666666666667,
      0.9333333333333333,
      1.0
    ],
    "bin_accuracy": [
      0.0,
      0.0,
      0.0,
      0.5,
      0.3333333333333333,
      0.4339622641509434,
      0.4473684210526316,
      0.4957983193277311,
      0.5426356589147286,
      0.6413793103448275,
      0.7012195121951219,
      0.8114035087719298,
      0.8685015290519877,
      0.9729323308270676,
      0.9843561973525873
    ],
    "bin_confidence": [
      0.0,
      0.0,
      0.0,
      0.25541558116674423,
      0.3090677559375763,
      0.37878557589818845,
      0.43797388241479274,
      0.5014091364475859,
      0.5666575371757034,
      0.6336884782232087,
      0.7007906538684193,
      0.7665117333332697,
      0.8359190898204069,
      0.9096511005907131,
      0.9501418435473161
    ],
    "bin_count": [
      0,
      0,
      0,
      4,
      15,
      53,
      76,
      119,
      129,
      145,
      164,
      228,
      327,
      1330,
      831
    ]
  },
  "confusion_matrix": [
    [
      163,
      9,
      0,
      54,
      1,
      11,
      6,
      0
    ],
    [
      1,
      595,
      1,
      8,
      0,
      3,
      16,
      0
    ],
    [
      11,
      3,
      278,
      14,
      0,
      0,
      3,
      2
    ],
    [
      8,
      35,
      16,
      487,
      2,
      10,
      21,
      0
    ],
    [
      11,
      1,
      10,
      42,
      179,
      0,
      0,
      0
    ],
    [
      6,
      10,
      0,
      104,
      1,
      160,
      3,
      0
    ],
    [
      1,
      3,
      2,
      10,
      0,
      0,
      650,
      0
    ],
    [
      0,
      0,
      0,
      0,
      0,
      0,
      0,
      470
    ]
  ],
  "brier_score": 0.1896623159156878,
  "confidence_histogram": {
    "bin_edges": [
      0.0,
      0.05,
      0.1,
      0.15000000000000002,
      0.2,
      0.25,
      0.30000000000000004,
      0.35000000000000003,
      0.4,
      0.45,
      0.5,
      0.55,
      0.6000000000000001,
      0.65,
      0.7000000000000001,
      0.75,
      0.8,
      0.8500000000000001,
      0.9,
      0.9500000000000001,
      1.0
    ],
    "counts": [
      0,
      0,
      0,
      0,
      1,
      8,
      15,
      48,
      45,
      90,
      89,
      100,
      106,
      124,
      142,
      165,
      227,
      447,
      1495,
      319
    ],
    "density": [
      0.0,
      0.0,
      0.0,
      0.0,
      0.00029231218941829873,
      0.00233849751534639,
      0.0043846828412744815,
      0.014030985092078339,
      0.013154048523823443,
      0.026308097047646885,
      0.02601578485822859,
      0.029231218941829874,
      0.030985092078339667,
      0.036246711487869045,
      0.04150833089739842,
      0.04823151125401929,
      0.06635486699795382,
      0.13066354866997953,
      0.4370067231803566,
      0.0932475884244373
    ]
  },
  "entropy_histogram": {
    "bin_edges": [
      0.042104821652173996,
      0.12834190744906665,
      0.21457899324595928,
      0.3008160790428519,
      0.38705316483974456,
      0.4732902506366372,
      0.5595273364335298,
      0.6457644222304225,
      0.7320015080273151,
      0.8182385938242077,
      0.9044756796211004,
      0.990712765417993,
      1.0769498512148856,
      1.1631869370117782,
      1.249424022808671,
      1.3356611086055636,
      1.4218981944024562,
      1.5081352801993488,
      1.5943723659962414,
      1.6806094517931343,
      1.7668465375900269
    ],
    "counts": [
      49,
      87,
      265,
      599,
      692,
      369,
      208,
      152,
      149,
      135,
      172,
      119,
      102,
      87,
      86,
      57,
      39,
      29,
      13,
      12
    ],
    "density": [
      0.014323297281496639,
      0.02543116047939199,
      0.07746273019584916,
      0.17509500146156096,
      0.20228003507746273,
      0.10786319789535223,
      0.06080093539900614,
      0.04443145279158141,
      0.04355451622332651,
      0.03946214557147033,
      0.050277696579947385,
      0.03478515054077755,
      0.02981584332066647,
      0.02543116047939199,
      0.025138848289973693,
      0.01666179479684303,
      0.01140017538731365,
      0.008477053493130663,
      0.003800058462437884,
      0.0035077462730195848
    ]
  },
  "logit_magnitude_histogram": {
    "bin_edges": [
      1.306739091873169,
      1.5647758364677429,
      1.8228125810623168,
      2.080849325656891,
      2.3388860702514647,
      2.596922814846039,
      2.854959559440613,
      3.112996304035187,
      3.371033048629761,
      3.629069793224335,
      3.8871065378189087,
      4.145143282413483,
      4.403180027008057,
      4.66121677160263,
      4.919253516197205,
      5.177290260791779,
      5.435327005386353,
      5.693363749980927,
      5.951400494575501,
      6.209437239170074,
      6.467473983764648
    ],
    "counts": [
      4,
      19,
      51,
      100,
      131,
      162,
      220,
      235,
      278,
      438,
      683,
      560,
      238,
      117,
      65,
      62,
      29,
      24,
      4,
      1
    ],
    "density": [
      0.001169248757673195,
      0.005553931598947676,
      0.014907921660333235,
      0.029231218941829874,
      0.038292896813797134,
      0.04735457468576439,
      0.06430868167202572,
      0.0686933645133002,
      0.08126278865828705,
      0.12803273896521486,
      0.19964922537269805,
      0.1636948260742473,
      0.0695703010815551,
      0.034200526161940956,
      0.01900029231218942,
      0.018123355743934522,
      0.008477053493130663,
      0.0070154925460391695,
      0.001169248757673195,
      0.00029231218941829873
    ]
  },
  "roc_auc_ovr_per_class": [
    0.9758097390568482,
    0.9954255016822052,
    0.9701285139731807,
    0.9570275135246166,
    0.984528406456943,
    0.9703718004552659,
    0.9975654420300518,
    0.9999927900387174
  ],
  "roc_auc_ovr_macro": 0.9813562134022287,
  "roc_auc_ovr_micro": 0.9854813966246003,
  "support_analysis": {
    "support": [
      244,
      624,
      311,
      579,
      243,
      284,
      666,
      470
    ],
    "support_fraction": [
      0.07132417421806489,
      0.1824028061970184,
      0.09090909090909091,
      0.16924875767319497,
      0.0710318620286466,
      0.08301666179479684,
      0.19467991815258695,
      0.1373867290266004
    ],
    "class_accuracy": [
      0.6680327868852459,
      0.9535256410256411,
      0.8938906752411575,
      0.8411053540587219,
      0.7366255144032922,
      0.5633802816901409,
      0.975975975975976,
      1.0
    ],