{
  "train_loss": [
    0.9882298434013945,
    0.8083811660119175,
    0.7353298616341513,
    0.6931238155995828,
    0.6573595034276628,
    0.6346522009099561,
    0.6280674535627249,
    0.596117137716175,
    0.5765441775341899,
    0.5744168762778693
  ],
  "val_loss": [
    1.189800380546356,
    0.8771127250707038,
    0.7495850185367549,
    1.4541401517725436,
    0.790609482292817,
    1.0447926058947483,
    0.7776219499445407,
    0.8330272736950456,
    0.8794268430950486,
    0.7566046074172047
  ],
  "train_acc": [
    0.763505602943636,
    0.8471316273624352,
    0.8837598260578692,
    0.9041645760160562,
    0.9220605452416792,
    0.9324301722696103,
    0.9325974243184479,
    0.9464793443719686,
    0.9575179795952501,
    0.958354239839438
  ],
  "val_acc": [
    0.6910046728971962,
    0.8189252336448598,
    0.8820093457943925,
    0.6232476635514018,
    0.8452102803738317,
    0.7634345794392523,
    0.8732476635514018,
    0.8422897196261683,
    0.8253504672897196,
    0.860981308411215
  ],
  "train_grad_norm": [
    0.9999997246154793,
    0.9999996444346201,
    0.9999994886196545,
    0.9947793248976594,
    0.9847228463565133,
    0.9847566194132711,
    0.9698571794645388,
    0.9501498519270873,
    0.9189365128471728,
    0.9254176417897364
  ],
  "val_ece": [
    0.09899070932068557,
    0.06227421238322124,
    0.053110075261548303,
    0.09396015255598825,
    0.05013486239014664,
    0.05776845851791238,
    0.055333796348945044,
    0.03799715652087026,
    0.02747369139829525,
    0.06353759100643279
  ],
  "val_brier": [
    0.4137504986665014,
    0.26944572773451864,
    0.18252864378419548,
    0.5354422621379141,
    0.2200332663987208,
    0.33956588859245945,
    0.1966302871602338,
    0.2314539634412162,
    0.25312769088038956,
    0.1934964652272458
  ],
  "val_f1_macro": [
    0.5785042262055744,
    0.8130539487382904,
    0.8655044884671763,
    0.58996184025263,
    0.8192766187151684,
    0.7136059905122374,
    0.864444487816173,
    0.8242160179432468,
    0.7818295636883201,
    0.8490182652451403
  ],
  "best_epoch": 3,
  "best_val_loss": 0.7495850185367549
}