accuracy,f1_macro,ece,brier_score,roc_auc_ovr_macro,roc_auc_ovr_micro
0.9500146156094709,0.9468429599652448,0.07420407377185619,0.08661084165964754,0.9951326343330631,0.9951188002415008
