{
  "train_loss": [
    0.8685813525744277,
    0.7103249047348423,
    0.672636139301138,
    0.6343741694169014,
    0.6076200289717485,
    0.5871384791016758,
    0.5834016521592307,
    0.5665385172625891,
    0.5532191341029778,
    0.5492038848827188,
    0.5391868993198817,
    0.5257497667458807,
    0.5209403678433395,
    0.5149868713172508,
    0.5161580332028545,
    0.5055441138416973,
    0.5044308025056571,
    0.49952441829764976,
    0.49273334679585234,
    0.49159359879110104,
    0.4904480804805274,
    0.48347382618543955,
    0.48238182511491545,
    0.48378712096368215
  ],
  "val_loss": [
    1.1364942666526152,
    0.7663382737436027,
    0.6798275881838576,
    1.2417552972508368,
    0.6633644421523976,
    0.8050864299881124,
    0.8013007941647111,
    0.7154768476976412,
    0.660426960370251,
    0.6347612688474567,
    0.5960241416904414,
    0.6206208584464599,
    0.6373614730121934,
    0.6785263079349125,
    0.592913131290507,
    0.5960136501588554,
    0.5741302465724054,
    0.6539121309173441,
    0.7779781278048721,
    0.5947732307086481,
    0.5944997155777761,
    0.5911220445811192,
    0.6769741043866238,
    0.621988230776564
  ],
  "train_acc": [
    0.8307409265763506,
    0.8956347215253387,
    0.9130289346044489,
    0.9285833751463456,
    0.9392875062719518,
    0.9498243853487205,
    0.9555109550091989,
    0.9595250041813013,
    0.9647098176952668,
    0.9687238668673691,
    0.9705636394045827,
    0.9792607459441378,
    0.9794279979929754,
    0.9836092992139154,
    0.9809332664325138,
    0.9856163237999666,
    0.9867870881418297,
    0.9874560963371801,
    0.9916373975581201,
    0.9918046496069577,
    0.9926409098511457,
    0.9951496905837096,
    0.9951496905837096,
    0.994982438534872
  ],
  "val_acc": [
    0.7266355140186916,
    0.8691588785046729,
    0.9065420560747663,
    0.6454439252336449,
    0.9047897196261683,
    0.8685747663551402,
    0.8691588785046729,
    0.8872663551401869,
    0.9158878504672897,
    0.9264018691588785,
    0.9468457943925234,
    0.9363317757009346,
    0.9281542056074766,
    0.9129672897196262,
    0.945677570093458,
    0.9433411214953271,
    0.9544392523364486,
    0.9176401869158879,
    0.8738317757009346,
    0.9445093457943925,
    0.9526869158878505,
    0.9445093457943925,
    0.9141355140186916,
    0.9369158878504673
  ],
  "train_grad_norm": [
    0.9999996741940748,
    0.9983124474359664,
    0.9984984126974765,
    0.9958934720038141,
    0.9583513568510954,
    0.9481278625517517,
    0.9645490806578403,
    0.9208633367433969,
    0.9238790957809956,
    0.8772500609080133,
    0.8441826553140268,
    0.7695633442672786,
    0.7723661683795916,
    0.7366899902241508,
    0.7297029481022899,
    0.6499215775054134,
    0.6806290879020686,
    0.6276644812439646,
    0.5671065962688432,
    0.5192321106974805,
    0.5080151705803877,
    0.39860571130203337,
    0.46202117913414814,
    0.45296454310651973
  ],
  "val_ece": [
    0.08148992173025538,
    0.06522581997005462,
    0.05263452176178724,
    0.11071689282413395,
    0.06242603161067607,
    0.04376884000636985,
    0.05890934423447766,
    0.07568240883786266,
    0.06232922738330945,
    0.07344109427497204,
    0.06683391755638275,
    0.0724064287181213,
    0.07252694036219717,
    0.07064764006672622,
    0.08120108449779387,
    0.07471200635778566,
    0.07806530481674402,
    0.06282376799140578,
    0.06043273974732263,
    0.07213638050951683,
    0.0754372505035913,
    0.0695629873983214,
    0.05131023196137955,
    0.07204453788140666
  ],
  "val_brier": [
    0.3904721856210862,
    0.1933642535621602,
    0.1411271356864063,
    0.4874146161080619,
    0.13581206132720425,
    0.19632408882002797,
    0.20158023328140984,
    0.16531908346001656,
    0.12906785276927485,
    0.11737233932347428,
    0.08575338257830002,
    0.10566706279462351,
    0.11833860094425613,
    0.1318507849694363,
    0.08826825055786308,
    0.09027530982007269,
    0.07584769624577661,
    0.1272117804620185,
    0.19988775425445116,
    0.09057273866362903,
    0.08468181711048613,
    0.0866492560117161,
    0.13617577824083218,
    0.10476493475601958
  ],
  "val_f1_macro": [
    0.6422958955922742,
    0.8452850257280273,
    0.8990865531417851,
    0.6148214296300779,
    0.8881534833598206,
    0.866658470985882,
    0.8616579063891208,
    0.8777287909662788,
    0.9082575729212343,
    0.9158879688791438,
    0.937729268166446,
    0.9288404980620738,
    0.9207846593846095,
    0.9049290026928699,
    0.9358706649781885,
    0.936059406717162,
    0.9493489951712961,
    0.9075918892530502,
    0.8688014487945728,
    0.9321315164733459,
    0.9471609918334356,
    0.9374814536658154,
    0.9034125003141135,
    0.9323607304963402
  ],
  "best_epoch": 17,
  "best_val_loss": 0.5741302465724054
}