{
  "accuracy": 0.9500146156094709,
  "precision_macro": 0.9445602736281236,
  "recall_macro": 0.9510459015292735,
  "f1_macro": 0.9468429599652448,
  "ece": 0.07420407377185619,
  "precision_per_class": [
    0.9471544715447154,
    0.9703588143525741,
    0.9863013698630136,
    0.9246323529411765,
    0.9352226720647774,
    0.8308157099697885,
    0.9766718506998445,
    0.9853249475890985
  ],
  "recall_per_class": [
    0.9549180327868853,
    0.9967948717948718,
    0.9260450160771704,
    0.8687392055267703,
    0.9506172839506173,
    0.9683098591549296,
    0.9429429429429429,
    1.0
  ],
  "f1_per_class": [
    0.9510204081632653,
    0.983399209486166,
    0.9552238805970149,
    0.8958147818343722,
    0.9428571428571428,
    0.8943089430894309,
    0.959511077158136,
    0.9926082365364308
  ],
  "accuracy_per_class": [
    0.9549180327868853,
    0.9967948717948718,
    0.9260450160771704,
    0.8687392055267703,
    0.9506172839506173,
    0.9683098591549296,
    0.9429429429429429,
    1.0
  ],
  "reliability_diagram": {
    "bin_edges": [
      0.0,
      0.06666666666666667,
      0.13333333333333333,
      0.2,
      0.26666666666666666,
      0.3333333333333333,
      0.4,
      0.4666666666666667,
      0.5333333333333333,
      0.6,
      0.6666666666666666,
      0.7333333333333333,
      0.8,
      0.8666666666666667,
      0.9333333333333333,
      1.0
    ],
    "bin_accuracy": [
      0.0,
      0.0,
      0.0,
      0.0,
      0.2,
      0.46153846153846156,
      0.5238095238095238,
      0.6346153846153846,
      0.6842105263157895,
      0.6923076923076923,
      0.7468354430379747,
      0.8490566037735849,
      0.8549222797927462,
      0.9881053525913339,
      0.9918032786885246
    ],
    "bin_confidence": [
      0.0,
      0.0,
      0.0,
      0.23363354802131653,
      0.3185966908931732,
      0.36751790230090803,
      0.43272112948553904,
      0.49587719027812666,
      0.5697329985468012,
      0.631173278276737,
      0.6998353789124308,
      0.7679399763638118,
      0.8412911694284548,
      0.9060365292310917,
      0.9409024199989976
    ],
    "bin_count": [
      0,
      0,
      0,
      1,
      5,
      13,
      21,
      52,
      57,
      52,
      79,
      106,
      193,
      2354,
      488
    ]
  },
  "confusion_matrix": [
    [
      233,
      1,
      0,
      6,
      1,
      3,
      0,
      0
    ],
    [
      1,
      622,
      0,
      1,
      0,
      0,
      0,
      0
    ],
    [
      2,
      1,
      288,
      8,
      3,
      0,
      2,
      7
    ],
    [
      6,
      2,
      3,
      503,
      7,
      45,
      13,
      0
    ],
    [
      1,
      1,
      1,
      5,
      231,
      4,
      0,
      0
    ],
    [
      1,
      0,
      0,
      5,
      3,
      275,
      0,
      0
    ],
    [
      2,
      14,
      0,
      16,
      2,
      4,
      628,
      0
    ],
    [
      0,
      0,
      0,
      0,
      0,
      0,
      0,
      470
    ]
  ],
  "brier_score": 0.08661084165964754,
  "confidence_histogram": {
    "bin_edges": [
      0.0,
      0.05,
      0.1,
      0.15000000000000002,
      0.2,
      0.25,
      0.30000000000000004,
      0.35000000000000003,
      0.4,
      0.45,
      0.5,
      0.55,
      0.6000000000000001,
      0.65,
      0.7000000000000001,
      0.75,
      0.8,
      0.8500000000000001,
      0.9,
      0.9500000000000001,
      1.0
    ],
    "counts": [
      0,
      0,
      0,
      0,
      1,
      1,
      8,
      9,
      16,
      35,
      34,
      45,
      42,
      49,
      63,
      83,
      113,
      951,
      1930,
      41
    ],
    "density": [
      0.0,
      0.0,
      0.0,
      0.0,
      0.00029231218941829873,
      0.00029231218941829873,
      0.00233849751534639,
      0.002630809704764689,
      0.00467699503069278,
      0.010230926629640456,
      0.009938614440222157,
      0.013154048523823443,
      0.012277111955568546,
      0.014323297281496639,
      0.018415667933352822,
      0.024261911721718796,
      0.033031277404267756,
      0.2779888921368021,
      0.5641625255773166,
      0.011984799766150248
    ]
  },
  "entropy_histogram": {
    "bin_edges": [
      0.16759373247623444,
      0.2520760975778103,
      0.33655846267938616,
      0.42104082778096197,
      0.5055231928825379,
      0.5900055579841137,
      0.6744879230856895,
      0.7589702881872654,
      0.8434526532888412,
      0.927935018390417,
      1.012417383491993,
      1.0968997485935688,
      1.1813821136951446,
      1.2658644787967204,
      1.3503468438982964,
      1.4348292089998722,
      1.519311574101448,
      1.6037939392030238,
      1.6882763043045996,
      1.7727586694061757,
      1.8572410345077515
    ],
    "counts": [
      9,
      185,
      721,
      979,
      753,
      275,
      70,
      68,
      60,
      55,
      66,
      66,
      27,
      30,
      18,
      19,
      11,
      5,
      2,
      2
    ],
    "density": [
      0.002630809704764689,
      0.05407775504238527,
      0.2107570885705934,
      0.2861736334405145,
      0.22011107863197896,
      0.08038585209003216,
      0.02046185325928091,
      0.019877228880444315,
      0.017538731365097926,
      0.01607717041800643,
      0.01929260450160772,
      0.01929260450160772,
      0.007892429114294067,
      0.008769365682548963,
      0.005261619409529378,
      0.005553931598947676,
      0.003215434083601286,
      0.0014615609470914938,
      0.0005846243788365975,
      0.0005846243788365975
    ]
  },
  "logit_magnitude_histogram": {
    "bin_edges": [
      1.4892189502716064,
      1.6498207211494447,
      1.8104224920272827,
      1.971024262905121,
      2.131626033782959,
      2.292227804660797,
      2.4528295755386353,
      2.6134313464164736,
      2.7740331172943113,
      2.93463488817215,
      3.095236659049988,
      3.255838429927826,
      3.4164402008056642,
      3.5770419716835025,
      3.7376437425613402,
      3.8982455134391785,
      4.058847284317016,
      4.219449055194855,
      4.380050826072694,
      4.540652596950531,
      4.701254367828369
    ],
    "counts": [
      2,
      23,
      53,
      99,
      74,
      78,
      73,
      81,
      126,
      294,
      1044,
      801,
      367,
      167,
      86,
      29,
      15,
      6,
      2,
      1
    ],
    "density": [
      0.0005846243788365975,
      0.006723180356620871,
      0.015492546039169833,
      0.028938906752411574,
      0.021631102016954108,
      0.0228003507746273,
      0.021338789827535808,
      0.023677287342882197,
      0.036831335866705645,
      0.08593978368897984,
      0.3051739257527039,
      0.2341420637240573,
      0.10727857351651564,
      0.04881613563285589,
      0.025138848289973693,
      0.008477053493130663,
      0.0043846828412744815,
      0.0017538731365097924,
      0.0005846243788365975,
      0.00029231218941829873
    ]
  },
  "roc_auc_ovr_per_class": [
    0.9988776916051332,
    0.9995588221812749,
    0.9956255621840138,
    0.9824353182402137,
    0.9955985983886131,
    0.9926962155463864,
    0.9965457290321175,
    0.9997231374867517
  ],
  "roc_auc_ovr_macro": 0.9951326343330631,
  "roc_auc_ovr_micro": 0.9951188002415008,
  "support_analysis": {
    "support": [
      244,
      624,
      311,
      579,
      243,
      284,
      666,
      470
    ],
    "support_fraction": [
      0.07132417421806489,
      0.1824028061970184,
      0.09090909090909091,
      0.16924875767319497,
      0.0710318620286466,
      0.08301666179479684,
      0.19467991815258695,
      0.1373867290266004
    ],
    "class_accuracy": [
      0.9549180327868853,
      0.9967948717948718,
      0.9260450160771704,
      0.8687392055267703,
      0.9506172839506173,
      0.9683098591549296,
      0.9429429429429429,
      1.0
    ],