accuracy,f1_macro,ece,brier_score,roc_auc_ovr_macro,roc_auc_ovr_micro
0.9187372113417129,0.9112012151893294,0.05999408762937961,0.1284770961808957,0.9898525497098448,0.9914744251491653
