{
  "train_loss": [
    0.9730897000410581,
    0.7649397043743985,
    0.7136452372486046,
    0.6753535282055577,
    0.6396269441787406,
    0.615293811637236,
    0.6032077374018082,
    0.5835828477073461,
    0.5707501937541939,
    0.5646586572471959,
    0.5508593779619889,
    0.5371363253712276,
    0.5214195674648849,
    0.5148106340999925,
    0.5115156679582907,
    0.5093326562921187,
    0.499336149385889,
    0.5018086302467843,
    0.5018941763153562,
    0.4959984872328794,
    0.4942070760342524,
    0.48074946995761647,
    0.4831562077476739
  ],
  "val_loss": [
    1.0354596175880075,
    0.9483044882801092,
    0.8353674244657855,
    0.7943779943145324,
    0.7923831583183503,
    0.7418179378331264,
    1.0329885750173409,
    0.7135448550509516,
    0.7689918112532,
    0.9690778478283748,
    0.6975648403167725,
    0.9262483743863685,
    0.7236224613457083,
    0.689211648201274,
    0.7029217949537473,
    0.6344747766156063,
    0.6865296753767495,
    0.7271991466807428,
    0.6933153377515133,
    0.8020416726575834,
    0.7336011055473969,
    0.6549989820640778,
    0.6792981513192721
  ],
  "train_acc": [
    0.7665161398227128,
    0.8685398896136478,
    0.8944639571834755,
    0.9111891620672353,
    0.9304231476835592,
    0.9389530021742767,
    0.9464793443719686,
    0.9540056865696604,
    0.9610302726208396,
    0.9610302726208396,
    0.9683893627696939,
    0.9737414283324971,
    0.981267770530189,
    0.9844455594581034,
    0.9852818197022913,
    0.9856163237999666,
    0.9887941127278809,
    0.9891286168255561,
    0.9884596086302058,
    0.9892958688743937,
    0.9921391537046329,
    0.9966549590232481,
    0.994982438534872
  ],
  "val_acc": [
    0.735981308411215,
    0.790303738317757,
    0.8323598130841121,
    0.8627336448598131,
    0.8545560747663551,
    0.8808411214953271,
    0.7967289719626168,
    0.8936915887850467,
    0.8732476635514018,
    0.7938084112149533,
    0.8960280373831776,
    0.820677570093458,
    0.8878504672897196,
    0.9059579439252337,
    0.905373831775701,
    0.9287383177570093,
    0.9030373831775701,
    0.9001168224299065,
    0.9117990654205608,
    0.8714953271028038,
    0.8948598130841121,
    0.9240654205607477,
    0.9164719626168224
  ],
  "train_grad_norm": [
    0.9999997030877569,
    0.9999995607844263,
    0.9971933647319527,
    0.9999280863394129,
    0.9897021855871433,
    0.9763235869475354,
    0.9848384080941245,
    0.942660247794403,
    0.9194495215671373,
    0.9429343450159847,
    0.9040096108295592,
    0.828767174742234,
    0.7436196957534061,
    0.7045255863523365,
    0.7027431921489058,
    0.6803651154828498,
    0.6090946103029643,
    0.6522999601619262,
    0.6719924189067797,
    0.6303602384362768,
    0.5586443491740614,
    0.37557782245938937,
    0.4805112428356052
  ],
  "val_ece": [
    0.0358622983776938,
    0.03990178749348239,
    0.050332304891024776,
    0.04315040589562639,
    0.05971567217852464,
    0.05587847328910206,
    0.07334163548233352,
    0.05420437303728591,
    0.047472713410715066,
    0.040384006347054635,
    0.06710519974128662,
    0.040346653548843946,
    0.061516774922748624,
    0.062103957999671756,
    0.061932353059125846,
    0.07007587720230919,
    0.0609249963869001,
    0.04244477670883458,
    0.06858360210311751,
    0.04603442807342409,
    0.04830264660451458,
    0.0664174893226857,
    0.06552094717240216
  ],
  "val_brier": [
    0.36744326918739734,
    0.30779443674744783,
    0.23785536394417356,
    0.20580448183852318,
    0.20443823059470523,
    0.17940566505253014,
    0.3202927729884583,
    0.16274010165562677,
    0.1939890791957588,
    0.30450208137069157,
    0.15359641793414391,
    0.2788477663700552,
    0.16975679474143462,
    0.14728077074965645,
    0.14969714819340554,
    0.11242916136805993,
    0.1462882243777225,
    0.1603526101376141,
    0.14284643399693056,
    0.20262281771946436,
    0.16716548573631693,
    0.12480579230857164,
    0.13507476322762543
  ],
  "val_f1_macro": [
    0.712557165597947,
    0.7619378951111115,
    0.81073010670654,
    0.8532240555334034,
    0.8239969271988712,
    0.8716372016958691,
    0.7604437429662918,
    0.888627213533397,
    0.8531707587911193,
    0.7892005077570803,
    0.8830843831116213,
    0.7936991580496531,
    0.8791199849616285,
    0.8984201857797218,
    0.89337870077799,
    0.9241111119952191,
    0.894653787517602,
    0.9002386214559839,
    0.9083793523292233,
    0.8547952314291374,
    0.8806087648168814,
    0.9150238960890014,
    0.9087914144314604
  ],
  "best_epoch": 16,
  "best_val_loss": 0.6344747766156063
}