{
  "accuracy": 0.9187372113417129,
  "precision_macro": 0.9130287802401783,
  "recall_macro": 0.911356764119316,
  "f1_macro": 0.9112012151893294,
  "ece": 0.05999408762937961,
  "precision_per_class": [
    0.8697478991596639,
    0.9463722397476341,
    0.9896193771626297,
    0.8440207972270364,
    0.9527896995708155,
    0.7351190476190477,
    0.975,
    0.9915611814345991
  ],
  "recall_per_class": [
    0.8483606557377049,
    0.9615384615384616,
    0.9196141479099679,
    0.8411053540587219,
    0.9135802469135802,
    0.8697183098591549,
    0.9369369369369369,
    1.0
  ],
  "f1_per_class": [
    0.8589211618257261,
    0.9538950715421304,
    0.9533333333333334,
    0.842560553633218,
    0.9327731092436975,
    0.7967741935483871,
    0.9555895865237366,
    0.9957627118644068
  ],
  "accuracy_per_class": [
    0.8483606557377049,
    0.9615384615384616,
    0.9196141479099679,
    0.8411053540587219,
    0.9135802469135802,
    0.8697183098591549,
    0.9369369369369369,
    1.0
  ],
  "reliability_diagram": {
    "bin_edges": [
      0.0,
      0.06666666666666667,
      0.13333333333333333,
      0.2,
      0.26666666666666666,
      0.3333333333333333,
      0.4,
      0.4666666666666667,
      0.5333333333333333,
      0.6,
      0.6666666666666666,
      0.7333333333333333,
      0.8,
      0.8666666666666667,
      0.9333333333333333,
      1.0
    ],
    "bin_accuracy": [
      0.0,
      0.0,
      0.0,
      0.0,
      0.0,
      0.42105263157894735,
      0.42857142857142855,
      0.4576271186440678,
      0.5076923076923077,
      0.5671641791044776,
      0.8676470588235294,
      0.7037037037037037,
      0.8482142857142857,
      0.972119721197212,
      0.9877675840978594
    ],
    "bin_confidence": [
      0.0,
      0.0,
      0.0,
      0.0,
      0.2920912305514018,
      0.3694300086874711,
      0.44089931959197637,
      0.497191963054366,
      0.5699838977593642,
      0.6319305727730936,
      0.7027698089094723,
      0.7686260370192705,
      0.8407350557723215,
      0.9075042465125112,
      0.9429770152138643
    ],
    "bin_count": [
      0,
      0,
      0,
      0,
      3,
      19,
      42,
      59,
      65,
      67,
      68,
      108,
      224,
      2439,
      327
    ]
  },
  "confusion_matrix": [
    [
      207,
      1,
      1,
      14,
      3,
      18,
      0,
      0
    ],
    [
      3,
      600,
      0,
      7,
      0,
      12,
      1,
      1
    ],
    [
      2,
      1,
      286,
      16,
      1,
      1,
      2,
      2
    ],
    [
      17,
      12,
      2,
      487,
      4,
      43,
      13,
      1
    ],
    [
      6,
      0,
      0,
      11,
      222,
      4,
      0,
      0
    ],
    [
      2,
      1,
      0,
      31,
      3,
      247,
      0,
      0
    ],
    [
      1,
      19,
      0,
      11,
      0,
      11,
      624,
      0
    ],
    [
      0,
      0,
      0,
      0,
      0,
      0,
      0,
      470
    ]
  ],
  "brier_score": 0.1284770961808957,
  "confidence_histogram": {
    "bin_edges": [
      0.0,
      0.05,
      0.1,
      0.15000000000000002,
      0.2,
      0.25,
      0.30000000000000004,
      0.35000000000000003,
      0.4,
      0.45,
      0.5,
      0.55,
      0.6000000000000001,
      0.65,
      0.7000000000000001,
      0.75,
      0.8,
      0.8500000000000001,
      0.9,
      0.9500000000000001,
      1.0
    ],
    "counts": [
      0,
      0,
      0,
      0,
      0,
      2,
      5,
      15,
      24,
      52,
      38,
      52,
      48,
      49,
      64,
      82,
      138,
      840,
      1967,
      45
    ],
    "density": [
      0.0,
      0.0,
      0.0,
      0.0,
      0.0,
      0.0005846243788365975,
      0.0014615609470914938,
      0.0043846828412744815,
      0.0070154925460391695,
      0.015200233849751535,
      0.011107863197895352,
      0.015200233849751535,
      0.014030985092078339,
      0.014323297281496639,
      0.01870798012277112,
      0.023969599532300497,
      0.04033908213972523,
      0.24554223911137094,
      0.5749780765857936,
      0.013154048523823443
    ]
  },
  "entropy_histogram": {
    "bin_edges": [
      0.20693936944007874,
      0.28587611168622973,
      0.36481285393238067,
      0.4437495961785316,
      0.5226863384246826,
      0.6016230806708336,
      0.6805598229169845,
      0.7594965651631355,
      0.8384333074092865,
      0.9173700496554374,
      0.9963067919015884,
      1.0752435341477393,
      1.1541802763938902,
      1.2331170186400413,
      1.3120537608861922,
      1.3909905031323433,
      1.4699272453784942,
      1.548863987624645,
      1.6278007298707962,
      1.706737472116947,
      1.7856742143630981
    ],
    "counts": [
      35,
      257,
      826,
      961,
      598,
      177,
      94,
      63,
      54,
      55,
      69,
      54,
      55,
      40,
      24,
      26,
      13,
      13,
      4,
      3
    ],
    "density": [
      0.010230926629640456,
      0.07512423268050278,
      0.24144986845951477,
      0.2809120140309851,
      0.17480268927214265,
      0.051739257527038875,
      0.02747734580532008,
      0.018415667933352822,
      0.015784858228588133,
      0.01607717041800643,
      0.020169541069862615,
      0.015784858228588133,
      0.01607717041800643,
      0.01169248757673195,
      0.0070154925460391695,
      0.007600116924875768,
      0.003800058462437884,
      0.003800058462437884,
      0.001169248757673195,
      0.0008769365682548962
    ]
  },
  "logit_magnitude_histogram": {
    "bin_edges": [
      1.5861992835998535,
      1.7555072784423829,
      1.9248152732849122,
      2.0941232681274413,
      2.263431262969971,
      2.4327392578125,
      2.602047252655029,
      2.7713552474975582,
      2.940663242340088,
      3.1099712371826174,
      3.2792792320251465,
      3.4485872268676756,
      3.6178952217102047,
      3.7872032165527343,
      3.9565112113952634,
      4.125819206237793,
      4.295127201080322,
      4.464435195922851,
      4.633743190765381,
      4.8030511856079094,
      4.9723591804504395
    ],
    "counts": [
      13,
      45,
      71,
      75,
      98,
      88,
      78,
      125,
      353,
      490,
      1051,
      491,
      188,
      156,
      65,
      23,
      6,
      3,
      1,
      1
    ],
    "density": [
      0.003800058462437884,
      0.013154048523823443,
      0.02075416544869921,
      0.021923414206372407,
      0.028646594562993278,
      0.02572347266881029,
      0.0228003507746273,
      0.03653902367728734,
      0.10318620286465946,
      0.14323297281496639,
      0.30722011107863195,
      0.1435252850043847,
      0.05495469161064016,
      0.0456007015492546,
      0.01900029231218942,
      0.006723180356620871,
      0.0017538731365097924,
      0.0008769365682548962,
      0.00029231218941829873,
      0.00029231218941829873
    ]
  },
  "roc_auc_ovr_per_class": [
    0.9914059557165488,
    0.9975666464985378,
    0.9948728817940262,
    0.9704293723921585,
    0.9958329772328793,
    0.974042213112914,
    0.9946703509316939,
    1.0
  ],
  "roc_auc_ovr_macro": 0.9898525497098448,
  "roc_auc_ovr_micro": 0.9914744251491653,
  "support_analysis": {
    "support": [
      244,
      624,
      311,
      579,
      243,
      284,
      666,
      470
    ],
    "support_fraction": [
      0.07132417421806489,
      0.1824028061970184,
      0.09090909090909091,
      0.16924875767319497,
      0.0710318620286466,
      0.08301666179479684,
      0.19467991815258695,
      0.1373867290266004
    ],
    "class_accuracy": [
      0.8483606557377049,
      0.9615384615384616,
      0.9196141479099679,
      0.8411053540587219,
      0.9135802469135802,
      0.8697183098591549,
      0.9369369369369369,
      1.0
    ],