accuracy,f1_macro,ece,brier_score,roc_auc_ovr_macro,roc_auc_ovr_micro
0.911142061281337,0.8801919168685675,0.07612596138440139,0.14936017146020114,0.9772183844632052,0.9849604649832016
