{
  "accuracy": 0.911142061281337,
  "precision_macro": 0.8907544228330345,
  "recall_macro": 0.8851063548490693,
  "f1_macro": 0.8801919168685675,
  "ece": 0.07612596138440139,
  "precision_per_class": [
    0.9860655737704918,
    0.9097744360902256,
    0.7518610421836228,
    0.9531013615733737,
    0.9799196787148594,
    0.6932599724896836,
    0.93296853625171,
    0.8760330578512396,
    0.933806146572104
  ],
  "recall_per_class": [
    0.899103139013453,
    1.0,
    0.8938053097345132,
    0.9936908517350158,
    0.9429951690821256,
    0.8513513513513513,
    0.9203778677462888,
    0.503562945368171,
    0.9610705596107056
  ],
  "f1_per_class": [
    0.9405785770132916,
    0.952755905511811,
    0.816711590296496,
    0.972972972972973,
    0.9611029049729197,
    0.7642153146322972,
    0.9266304347826086,
    0.6395173453996983,
    0.947242206235012
  ],
  "accuracy_per_class": [
    0.899103139013453,
    1.0,
    0.8938053097345132,
    0.9936908517350158,
    0.9429951690821256,
    0.8513513513513513,
    0.9203778677462888,
    0.503562945368171,
    0.9610705596107056
  ],
  "reliability_diagram": {
    "bin_edges": [
      0.0,
      0.06666666666666667,
      0.13333333333333333,
      0.2,
      0.26666666666666666,
      0.3333333333333333,
      0.4,
      0.4666666666666667,
      0.5333333333333333,
      0.6,
      0.6666666666666666,
      0.7333333333333333,
      0.8,
      0.8666666666666667,
      0.9333333333333333,
      1.0
    ],
    "bin_accuracy": [
      0.0,
      0.0,
      0.0,
      0.3333333333333333,
      0.46774193548387094,
      0.5966386554621849,
      0.5086705202312138,
      0.5588235294117647,
      0.6772486772486772,
      0.7477064220183486,
      0.8127490039840638,
      0.8825136612021858,
      0.9496567505720824,
      0.9724729241877257,
      0.945859872611465
    ],
    "bin_confidence": [
      0.0,
      0.0,
      0.0,
      0.23623317231734595,
      0.306495429527375,
      0.3749351220972398,
      0.43265568607115334,
      0.5003779854844598,
      0.5673516821608973,
      0.6338495311387088,
      0.7000506755365319,
      0.7680489751484876,
      0.8390088637169766,
      0.9114155011110358,
      0.9367278783944002
    ],
    "bin_count": [
      0,
      0,
      0,
      12,
      62,
      119,
      173,
      170,
      189,
      218,
      251,
      366,
      874,
      4432,
      314
    ]
  },
  "confusion_matrix": [
    [
      1203,
      0,
      3,
      0,
      10,
      114,
      7,
      1,
      0
    ],
    [
      0,
      847,
      0,
      0,
      0,
      0,
      0,
      0,
      0
    ],
    [
      0,
      9,
      303,
      0,
      0,
      16,
      0,
      11,
      0
    ],
    [
      0,
      0,
      3,
      630,
      0,
      0,
      0,
      0,
      1
    ],
    [
      17,
      13,
      0,
      0,
      976,
      1,
      13,
      0,
      15
    ],
    [
      0,
      56,
      14,
      0,
      2,
      504,
      0,
      10,
      6
    ],
    [
      0,
      0,
      13,
      14,
      2,
      0,
      682,
      7,
      23
    ],
    [
      0,
      6,
      62,
      0,
      5,
      91,
      6,
      212,
      39
    ],
    [
      0,
      0,
      5,
      17,
      1,
      1,
      23,
      1,
      1185
    ]
  ],
  "brier_score": 0.14936017146020114,
  "confidence_histogram": {
    "bin_edges": [
      0.0,
      0.05,
      0.1,
      0.15000000000000002,
      0.2,
      0.25,
      0.30000000000000004,
      0.35000000000000003,
      0.4,
      0.45,
      0.5,
      0.55,
      0.6000000000000001,
      0.65,
      0.7000000000000001,
      0.75,
      0.8,
      0.8500000000000001,
      0.9,
      0.9500000000000001,
      1.0
    ],
    "counts": [
      0,
      0,
      0,
      0,
      10,
      24,
      53,
      106,
      134,
      126,
      119,
      153,
      155,
      188,
      217,
      275,
      560,
      1334,
      3725,
      1
    ],
    "density": [
      0.0,
      0.0,
      0.0,
      0.0,
      0.001392757660167131,
      0.003342618384401114,
      0.007381615598885794,
      0.014763231197771587,
      0.018662952646239555,
      0.01754874651810585,
      0.01657381615598886,
      0.021309192200557103,
      0.02158774373259053,
      0.02618384401114206,
      0.03022284122562674,
      0.0383008356545961,
      0.07799442896935933,
      0.18579387186629526,
      0.5188022284122563,
      0.0001392757660167131
    ]
  },
  "entropy_histogram": {
    "bin_edges": [
      0.2962491512298584,
      0.38518916368484496,
      0.4741291761398315,
      0.5630691885948181,
      0.6520092010498046,
      0.7409492135047913,
      0.8298892259597779,
      0.9188292384147644,
      1.0077692508697509,
      1.0967092633247377,
      1.1856492757797241,
      1.2745892882347107,
      1.3635293006896974,
      1.452469313144684,
      1.5414093255996704,
      1.630349338054657,
      1.7192893505096436,
      1.8082293629646302,
      1.8971693754196168,
      1.9861093878746032,
      2.07504940032959
    ],
    "counts": [
      353,
      2561,
      1114,
      653,
      439,
      324,
      234,
      158,
      168,
      143,
      154,
      164,
      162,
      169,
      132,
      108,
      74,
      45,
      18,
      7
    ],
    "density": [
      0.049164345403899724,
      0.3566852367688022,
      0.1551532033426184,
      0.09094707520891365,
      0.06114206128133705,
      0.04512534818941504,
      0.032590529247910865,
      0.02200557103064067,
      0.0233983286908078,
      0.019916434540389973,
      0.021448467966573816,
      0.022841225626740947,
      0.02256267409470752,
      0.023537604456824512,
      0.01838440111420613,
      0.015041782729805013,
      0.010306406685236769,
      0.006267409470752089,
      0.0025069637883008357,
      0.0009749303621169916
    ]
  },
  "logit_magnitude_histogram": {
    "bin_edges": [
      0.9282540082931519,
      1.1190410912036897,
      1.3098281741142273,
      1.500615257024765,
      1.6914023399353026,
      1.8821894228458405,
      2.0729765057563783,
      2.263763588666916,
      2.4545506715774534,
      2.6453377544879917,
      2.836124837398529,
      3.026911920309067,
      3.2176990032196047,
      3.4084860861301425,
      3.59927316904068,
      3.7900602519512177,
      3.9808473348617555,
      4.171634417772293,
      4.3624215006828315,
      4.553208583593369,
      4.743995666503906
    ],
    "counts": [
      8,
      29,
      69,
      86,
      154,
      147,
      185,
      195,
      202,
      229,
      235,
      368,
      490,
      669,
      924,
      2217,
      893,
      35,
      41,
      4
    ],
    "density": [
      0.0011142061281337048,
      0.00403899721448468,
      0.009610027855153204,
      0.011977715877437326,
      0.021448467966573816,
      0.020473537604456825,
      0.02576601671309192,
      0.027158774373259052,
      0.028133704735376044,
      0.0318941504178273,
      0.032729805013927575,
      0.05125348189415042,
      0.06824512534818941,
      0.09317548746518106,
      0.1286908077994429,
      0.30877437325905294,
      0.12437325905292479,
      0.004874651810584958,
      0.005710306406685237,
      0.0005571030640668524
    ]
  },
  "roc_auc_ovr_per_class": [
    0.9979075290574057,
    0.9907379702392838,
    0.9677525625253599,
    0.999553752574597,
    0.997937445706222,
    0.9518760563842532,
    0.9959455485812144,
    0.8961131792605901,
    0.9971414158399193
  ],
  "roc_auc_ovr_macro": 0.9772183844632052,
  "roc_auc_ovr_micro": 0.9849604649832016,
  "support_analysis": {
    "support": [
      1338,
      847,
      339,
      634,
      1035,
      592,
      741,
      421,
      1233
    ],