{
  "accuracy": 0.9200557103064066,
  "precision_macro": 0.9084788225467396,
  "recall_macro": 0.8998573332540497,
  "f1_macro": 0.8993223532946908,
  "ece": 0.07306902537272832,
  "precision_per_class": [
    0.9457013574660633,
    0.9581447963800905,
    0.8388888888888889,
    0.875,
    0.9841605068637803,
    0.7429775280898876,
    0.9678832116788321,
    0.9230769230769231,
    0.9404761904761905
  ],
  "recall_per_class": [
    0.9372197309417041,
    1.0,
    0.8908554572271387,
    0.9936908517350158,
    0.9004830917874396,
    0.893581081081081,
    0.8947368421052632,
    0.6270783847980997,
    0.9610705596107056
  ],
  "f1_per_class": [
    0.9414414414414415,
    0.9786250722125939,
    0.8640915593705293,
    0.930576070901034,
    0.9404641775983855,
    0.8113496932515337,
    0.9298737727910238,
    0.7468175388967468,
    0.950661853188929
  ],
  "accuracy_per_class": [
    0.9372197309417041,
    1.0,
    0.8908554572271387,
    0.9936908517350158,
    0.9004830917874396,
    0.893581081081081,
    0.8947368421052632,
    0.6270783847980997,
    0.9610705596107056
  ],
  "reliability_diagram": {
    "bin_edges": [
      0.0,
      0.06666666666666667,
      0.13333333333333333,
      0.2,
      0.26666666666666666,
      0.3333333333333333,
      0.4,
      0.4666666666666667,
      0.5333333333333333,
      0.6,
      0.6666666666666666,
      0.7333333333333333,
      0.8,
      0.8666666666666667,
      0.9333333333333333,
      1.0
    ],
    "bin_accuracy": [
      0.0,
      0.0,
      0.0,
      0.3333333333333333,
      0.6521739130434783,
      0.2702702702702703,
      0.4144144144144144,
      0.5275590551181102,
      0.5079365079365079,
      0.6233766233766234,
      0.7311827956989247,
      0.8690095846645367,
      0.9039780521262003,
      0.9801694262610705,
      1.0
    ],
    "bin_confidence": [
      0.0,
      0.0,
      0.1955966055393219,
      0.23868417739868164,
      0.3117936732976333,
      0.3689279967063182,
      0.4340496390789479,
      0.500867459717698,
      0.5674879759077042,
      0.633214938950229,
      0.7027676339431476,
      0.7682496440677217,
      0.8409624192122733,
      0.9025071259985349,
      0.9402931851448773
    ],
    "bin_count": [
      0,
      0,
      1,
      3,
      23,
      74,
      111,
      127,
      126,
      154,
      186,
      313,
      729,
      5194,
      139
    ]
  },
  "confusion_matrix": [
    [
      1254,
      0,
      6,
      0,
      4,
      69,
      0,
      0,
      5
    ],
    [
      0,
      847,
      0,
      0,
      0,
      0,
      0,
      0,
      0
    ],
    [
      0,
      6,
      302,
      3,
      0,
      14,
      0,
      13,
      1
    ],
    [
      0,
      0,
      2,
      630,
      1,
      0,
      0,
      0,
      1
    ],
    [
      69,
      17,
      1,
      0,
      932,
      1,
      5,
      0,
      10
    ],
    [
      0,
      8,
      0,
      54,
      0,
      529,
      0,
      1,
      0
    ],
    [
      3,
      0,
      9,
      10,
      9,
      0,
      663,
      6,
      41
    ],
    [
      0,
      6,
      35,
      0,
      0,
      99,
      0,
      264,
      17
    ],
    [
      0,
      0,
      5,
      23,
      1,
      0,
      17,
      2,
      1185
    ]
  ],
  "brier_score": 0.13107738699668975,
  "confidence_histogram": {
    "bin_edges": [
      0.0,
      0.05,
      0.1,
      0.15000000000000002,
      0.2,
      0.25,
      0.30000000000000004,
      0.35000000000000003,
      0.4,
      0.45,
      0.5,
      0.55,
      0.6000000000000001,
      0.65,
      0.7000000000000001,
      0.75,
      0.8,
      0.8500000000000001,
      0.9,
      0.9500000000000001,
      1.0
    ],
    "counts": [
      0,
      0,
      0,
      1,
      2,
      7,
      32,
      59,
      78,
      92,
      96,
      98,
      107,
      131,
      168,
      247,
      432,
      2231,
      3382,
      17
    ],
    "density": [
      0.0,
      0.0,
      0.0,
      0.0001392757660167131,
      0.0002785515320334262,
      0.0009749303621169916,
      0.004456824512534819,
      0.008217270194986073,
      0.010863509749303621,
      0.012813370473537604,
      0.013370473537604457,
      0.013649025069637883,
      0.0149025069637883,
      0.018245125348189416,
      0.0233983286908078,
      0.03440111420612813,
      0.06016713091922005,
      0.3107242339832869,
      0.4710306406685237,
      0.0023676880222841226
    ]
  },
  "entropy_histogram": {
    "bin_edges": [
      0.20685771107673645,
      0.2970893427729607,
      0.3873209744691849,
      0.47755260616540907,
      0.5677842378616333,
      0.6580158695578575,
      0.7482475012540817,
      0.838479132950306,
      0.9287107646465301,
      1.0189423963427542,
      1.1091740280389786,
      1.1994056597352027,
      1.289637291431427,
      1.379868923127651,
      1.4701005548238755,
      1.5603321865200996,
      1.6505638182163238,
      1.740795449912548,
      1.8310270816087721,
      1.9212587133049965,
      2.0114903450012207
    ],
    "counts": [
      20,
      153,
      1143,
      2866,
      1204,
      401,
      256,
      186,
      180,
      143,
      114,
      132,
      92,
      94,
      59,
      64,
      40,
      20,
      7,
      6
    ],
    "density": [
      0.002785515320334262,
      0.021309192200557103,
      0.15919220055710306,
      0.3991643454038997,
      0.16768802228412255,
      0.05584958217270195,
      0.03565459610027855,
      0.025905292479108635,
      0.025069637883008356,
      0.019916434540389973,
      0.015877437325905294,
      0.01838440111420613,
      0.012813370473537604,
      0.01309192200557103,
      0.008217270194986073,
      0.008913649025069638,
      0.005571030640668524,
      0.002785515320334262,
      0.0009749303621169916,
      0.0008356545961002785
    ]
  },
  "logit_magnitude_histogram": {
    "bin_edges": [
      1.8568408489227295,
      2.001363384723663,
      2.1458859205245973,
      2.290408456325531,
      2.434930992126465,
      2.5794535279273987,
      2.7239760637283323,
      2.868498599529266,
      3.0130211353302,
      3.157543671131134,
      3.302066206932068,
      3.4465887427330015,
      3.591111278533935,
      3.7356338143348693,
      3.880156350135803,
      4.024678885936737,
      4.169201421737671,
      4.313723957538604,
      4.458246493339539,
      4.602769029140472,
      4.747291564941406
    ],
    "counts": [
      9,
      56,
      180,
      315,
      621,
      966,
      1489,
      2160,
      774,
      348,
      182,
      44,
      11,
      3,
      3,
      4,
      3,
      7,
      3,
      2
    ],
    "density": [
      0.0012534818941504179,
      0.007799442896935933,
      0.025069637883008356,
      0.04387186629526462,
      0.08649025069637883,
      0.13454038997214485,
      0.2073816155988858,
      0.3008356545961003,
      0.10779944289693594,
      0.048467966573816156,
      0.025348189415041782,
      0.006128133704735376,
      0.001532033426183844,
      0.00041782729805013927,
      0.00041782729805013927,
      0.0005571030640668524,
      0.00041782729805013927,
      0.0009749303621169916,
      0.00041782729805013927,
      0.0002785515320334262
    ]
  },
  "roc_auc_ovr_per_class": [
    0.9955258017684424,
    1.0,
    0.9914772935523666,
    0.9988942605641609,
    0.9938464562131735,
    0.9862502102512348,
    0.9962695693562695,
    0.8800438159519163,
    0.9954678055726368
  ],
  "roc_auc_ovr_macro": 0.9819750236922447,
  "roc_auc_ovr_micro": 0.988255686204716,
  "support_analysis": {
    "support": [
      1338,
      847,
      339,
      634,
      1035,
      592,
      741,
      421,
      1233
    ],