accuracy,f1_macro,ece,brier_score,roc_auc_ovr_macro,roc_auc_ovr_micro
0.9200557103064066,0.8993223532946908,0.07306902537272832,0.13107738699668975,0.9819750236922447,0.988255686204716
