accuracy,f1_macro,ece,brier_score,roc_auc_ovr_macro,roc_auc_ovr_micro
0.915041782729805,0.8776031122153954,0.0692737657296624,0.13834216983201758,0.9767612953936996,0.9835387768076753
