{
  "accuracy": 0.9122562674094707,
  "precision_macro": 0.8926120418764883,
  "recall_macro": 0.8788247738258291,
  "f1_macro": 0.870543348761577,
  "ece": 0.07272022920025087,
  "precision_per_class": [
    0.9817073170731707,
    0.9226579520697168,
    0.7301980198019802,
    0.911976911976912,
    0.991332611050921,
    0.768918918918919,
    0.9,
    0.9005847953216374,
    0.926131850675139
  ],
  "recall_per_class": [
    0.9626307922272048,
    1.0,
    0.8702064896755162,
    0.9968454258675079,
    0.8840579710144928,
    0.9611486486486487,
    0.9230769230769231,
    0.3657957244655582,
    0.9456609894566099
  ],
  "f1_per_class": [
    0.9720754716981133,
    0.9597733711048159,
    0.7940780619111709,
    0.9525244913338358,
    0.9346271705822268,
    0.8543543543543544,
    0.9113924050632911,
    0.5202702702702703,
    0.9357945425361156
  ],
  "accuracy_per_class": [
    0.9626307922272048,
    1.0,
    0.8702064896755162,
    0.9968454258675079,
    0.8840579710144928,
    0.9611486486486487,
    0.9230769230769231,
    0.3657957244655582,
    0.9456609894566099
  ],
  "reliability_diagram": {
    "bin_edges": [
      0.0,
      0.06666666666666667,
      0.13333333333333333,
      0.2,
      0.26666666666666666,
      0.3333333333333333,
      0.4,
      0.4666666666666667,
      0.5333333333333333,
      0.6,
      0.6666666666666666,
      0.7333333333333333,
      0.8,
      0.8666666666666667,
      0.9333333333333333,
      1.0
    ],
    "bin_accuracy": [
      0.0,
      0.0,
      0.0,
      0.21428571428571427,
      0.4,
      0.4583333333333333,
      0.5031055900621118,
      0.5863874345549738,
      0.7386363636363636,
      0.746268656716418,
      0.8202247191011236,
      0.8894117647058823,
      0.9310344827586207,
      0.9698812626701419,
      0.9914129586260734
    ],
    "bin_confidence": [
      0.0,
      0.0,
      0.0,
      0.2481687973652567,
      0.30727063775062563,
      0.36768510515491165,
      0.43396470209826593,
      0.49981644187922253,
      0.5667695782401345,
      0.6338702134825104,
      0.7041582717431172,
      0.7705896956780377,
      0.8368608490890612,
      0.9123545987447932,
      0.9396514239765349
    ],
    "bin_count": [
      0,
      0,
      0,
      14,
      50,
      120,
      161,
      191,
      176,
      201,
      267,
      425,
      841,
      3453,
      1281
    ]
  },
  "confusion_matrix": [
    [
      1288,
      1,
      3,
      0,
      2,
      24,
      19,
      1,
      0
    ],
    [
      0,
      847,
      0,
      0,
      0,
      0,
      0,
      0,
      0
    ],
    [
      0,
      0,
      295,
      7,
      0,
      32,
      0,
      5,
      0
    ],
    [
      0,
      0,
      1,
      632,
      0,
      0,
      0,
      0,
      1
    ],
    [
      20,
      65,
      1,
      0,
      915,
      0,
      23,
      0,
      11
    ],
    [
      4,
      5,
      7,
      0,
      0,
      569,
      0,
      7,
      0
    ],
    [
      0,
      0,
      14,
      18,
      0,
      0,
      684,
      4,
      21
    ],
    [
      0,
      0,
      80,
      6,
      5,
      115,
      1,
      154,
      60
    ],
    [
      0,
      0,
      3,
      30,
      1,
      0,
      33,
      0,
      1166
    ]
  ],
  "brier_score": 0.14468612100259484,
  "confidence_histogram": {
    "bin_edges": [
      0.0,
      0.05,
      0.1,
      0.15000000000000002,
      0.2,
      0.25,
      0.30000000000000004,
      0.35000000000000003,
      0.4,
      0.45,
      0.5,
      0.55,
      0.6000000000000001,
      0.65,
      0.7000000000000001,
      0.75,
      0.8,
      0.8500000000000001,
      0.9,
      0.9500000000000001,
      1.0
    ],
    "counts": [
      0,
      0,
      0,
      0,
      7,
      26,
      57,
      94,
      117,
      141,
      137,
      133,
      155,
      154,
      234,
      350,
      577,
      1116,
      3848,
      34
    ],
    "density": [
      0.0,
      0.0,
      0.0,
      0.0,
      0.0009749303621169916,
      0.0036211699164345403,
      0.007938718662952647,
      0.01309192200557103,
      0.016295264623955433,
      0.019637883008356546,
      0.019080779944289694,
      0.018523676880222842,
      0.02158774373259053,
      0.021448467966573816,
      0.032590529247910865,
      0.04874651810584958,
      0.08036211699164346,
      0.1554317548746518,
      0.5359331476323119,
      0.004735376044568245
    ]
  },
  "entropy_histogram": {
    "bin_edges": [
      0.24749800562858582,
      0.33738243132829665,
      0.4272668570280075,
      0.5171512827277184,
      0.6070357084274292,
      0.69692013412714,
      0.7868045598268509,
      0.8766889855265617,
      0.9665734112262726,
      1.0564578369259836,
      1.1463422626256943,
      1.2362266883254052,
      1.326111114025116,
      1.415995539724827,
      1.5058799654245376,
      1.5957643911242485,
      1.6856488168239594,
      1.7755332425236703,
      1.8654176682233812,
      1.9553020939230918,
      2.0451865196228027
    ],
    "counts": [
      303,
      2239,
      1243,
      668,
      451,
      337,
      309,
      238,
      179,
      181,
      135,
      160,
      160,
      172,
      142,
      100,
      78,
      51,
      29,
      5
    ],
    "density": [
      0.042200557103064064,
      0.3118384401114206,
      0.17311977715877438,
      0.09303621169916435,
      0.0628133704735376,
      0.046935933147632315,
      0.04303621169916434,
      0.03314763231197772,
      0.024930362116991643,
      0.02520891364902507,
      0.018802228412256268,
      0.022284122562674095,
      0.022284122562674095,
      0.02395543175487465,
      0.01977715877437326,
      0.013927576601671309,
      0.010863509749303621,
      0.0071030640668523675,
      0.00403899721448468,
      0.0006963788300835655
    ]
  },
  "logit_magnitude_histogram": {
    "bin_edges": [
      1.0799956321716309,
      1.2443567991256714,
      1.408717966079712,
      1.5730791330337524,
      1.737440299987793,
      1.9018014669418335,
      2.066162633895874,
      2.230523800849914,
      2.394884967803955,
      2.559246134757996,
      2.723607301712036,
      2.8879684686660765,
      3.052329635620117,
      3.2166908025741576,
      3.381051969528198,
      3.5454131364822388,
      3.709774303436279,
      3.8741354703903195,
      4.038496637344361,
      4.2028578042984,
      4.367218971252441
    ],
    "counts": [
      6,
      42,
      84,
      114,
      155,
      144,
      176,
      159,
      169,
      207,
      245,
      315,
      375,
      431,
      536,
      752,
      1145,
      1429,
      642,
      54
    ],
    "density": [
      0.0008356545961002785,
      0.00584958217270195,
      0.0116991643454039,
      0.015877437325905294,
      0.02158774373259053,
      0.020055710306406686,
      0.024512534818941504,
      0.02214484679665738,
      0.023537604456824512,
      0.02883008356545961,
      0.034122562674094706,
      0.04387186629526462,
      0.05222841225626741,
      0.060027855153203344,
      0.07465181058495822,
      0.10473537604456824,
      0.1594707520891365,
      0.199025069637883,
      0.0894150417827298,
      0.007520891364902507
    ]
  },
  "roc_auc_ovr_per_class": [
    0.9989100114679075,
    0.9995865065414181,
    0.988263114252561,
    0.9996968794486194,
    0.9932285389716317,
    0.9926022333809219,
    0.9948699505103327,
    0.8869855587992292,
    0.9951059309927609
  ],
  "roc_auc_ovr_macro": 0.9832498582628203,
  "roc_auc_ovr_micro": 0.9875263566778657,
  "support_analysis": {
    "support": [
      1338,
      847,
      339,
      634,
      1035,
      592,
      741,
      421,
      1233
    ],