accuracy,f1_macro,ece,brier_score,roc_auc_ovr_macro,roc_auc_ovr_micro
0.9122562674094707,0.870543348761577,0.07272022920025087,0.14468612100259484,0.9832498582628203,0.9875263566778657
