{
  "accuracy": 0.915041782729805,
  "precision_macro": 0.8956740447669264,
  "recall_macro": 0.8822011840812601,
  "f1_macro": 0.8776031122153954,
  "ece": 0.0692737657296624,
  "precision_per_class": [
    0.9790535298681148,
    0.9952996474735605,
    0.8195876288659794,
    0.9673405909797823,
    0.9367088607594937,
    0.6640726329442282,
    0.9366576819407008,
    0.828125,
    0.9342208300704777
  ],
  "recall_per_class": [
    0.9431988041853513,
    1.0,
    0.9380530973451328,
    0.9810725552050473,
    0.9294685990338164,
    0.8648648648648649,
    0.9379217273954116,
    0.37767220902612825,
    0.967558799675588
  ],
  "f1_per_class": [
    0.9607917776931861,
    0.9976442873969376,
    0.874828060522696,
    0.9741581832419733,
    0.933074684772066,
    0.7512839325018342,
    0.9372892784895482,
    0.5187601957585645,
    0.950597609561753
  ],
  "accuracy_per_class": [
    0.9431988041853513,
    1.0,
    0.9380530973451328,
    0.9810725552050473,
    0.9294685990338164,
    0.8648648648648649,
    0.9379217273954116,
    0.37767220902612825,
    0.967558799675588
  ],
  "reliability_diagram": {
    "bin_edges": [
      0.0,
      0.06666666666666667,
      0.13333333333333333,
      0.2,
      0.26666666666666666,
      0.3333333333333333,
      0.4,
      0.4666666666666667,
      0.5333333333333333,
      0.6,
      0.6666666666666666,
      0.7333333333333333,
      0.8,
      0.8666666666666667,
      0.9333333333333333,
      1.0
    ],
    "bin_accuracy": [
      0.0,
      0.0,
      0.0,
      0.3333333333333333,
      0.35,
      0.4411764705882353,
      0.3148148148148148,
      0.3942307692307692,
      0.5096153846153846,
      0.6153846153846154,
      0.6186440677966102,
      0.6455696202531646,
      0.8059701492537313,
      0.9739744915546363,
      0.8014440433212996
    ],
    "bin_confidence": [
      0.0,
      0.0,
      0.0,
      0.24746512373288473,
      0.3013878896832466,
      0.3709554444341099,
      0.437593772455498,
      0.5023200179521854,
      0.5678670910688547,
      0.6351451535637562,
      0.7012890304549265,
      0.7676289677619934,
      0.8395099659167712,
      0.9077733674775893,
      0.9500514314062759
    ],
    "bin_count": [
      0,
      0,
      0,
      3,
      20,
      34,
      54,
      104,
      104,
      104,
      118,
      158,
      402,
      5802,
      277
    ]
  },
  "confusion_matrix": [
    [
      1262,
      0,
      5,
      0,
      1,
      66,
      1,
      0,
      3
    ],
    [
      0,
      847,
      0,
      0,
      0,
      0,
      0,
      0,
      0
    ],
    [
      8,
      0,
      318,
      0,
      1,
      9,
      0,
      3,
      0
    ],
    [
      0,
      0,
      7,
      622,
      0,
      0,
      1,
      0,
      4
    ],
    [
      19,
      2,
      4,
      0,
      962,
      14,
      22,
      8,
      4
    ],
    [
      0,
      2,
      0,
      0,
      62,
      512,
      0,
      16,
      0
    ],
    [
      0,
      0,
      13,
      3,
      0,
      0,
      695,
      5,
      25
    ],
    [
      0,
      0,
      38,
      6,
      1,
      169,
      0,
      159,
      48
    ],
    [
      0,
      0,
      3,
      12,
      0,
      1,
      23,
      1,
      1193
    ]
  ],
  "brier_score": 0.13834216983201758,
  "confidence_histogram": {
    "bin_edges": [
      0.0,
      0.05,
      0.1,
      0.15000000000000002,
      0.2,
      0.25,
      0.30000000000000004,
      0.35000000000000003,
      0.4,
      0.45,
      0.5,
      0.55,
      0.6000000000000001,
      0.65,
      0.7000000000000001,
      0.75,
      0.8,
      0.8500000000000001,
      0.9,
      0.9500000000000001,
      1.0
    ],
    "counts": [
      0,
      0,
      0,
      0,
      2,
      10,
      15,
      30,
      39,
      57,
      88,
      78,
      75,
      83,
      101,
      121,
      248,
      1471,
      4687,
      75
    ],
    "density": [
      0.0,
      0.0,
      0.0,
      0.0,
      0.0002785515320334262,
      0.001392757660167131,
      0.0020891364902506965,
      0.004178272980501393,
      0.005431754874651811,
      0.007938718662952647,
      0.012256267409470752,
      0.010863509749303621,
      0.010445682451253482,
      0.011559888579387187,
      0.014066852367688022,
      0.016852367688022285,
      0.03454038997214485,
      0.20487465181058495,
      0.6527855153203342,
      0.010445682451253482
    ]
  },
  "entropy_histogram": {
    "bin_edges": [
      0.026419593021273613,
      0.1214653049595654,
      0.21651101689785718,
      0.31155672883614893,
      0.40660244077444074,
      0.5016481527127326,
      0.5966938646510243,
      0.6917395765893161,
      0.7867852885276079,
      0.8818310004658997,
      0.9768767124041915,
      1.0719224243424832,
      1.166968136280775,
      1.2620138482190668,
      1.3570595601573585,
      1.4521052720956504,
      1.5471509840339421,
      1.6421966959722338,
      1.7372424079105258,
      1.8322881198488175,
      1.9273338317871094
    ],
    "counts": [
      43,
      21,
      16,
      432,
      2979,
      2305,
      416,
      185,
      135,
      106,
      103,
      104,
      100,
      67,
      61,
      41,
      25,
      21,
      10,
      10
    ],
    "density": [
      0.005988857938718663,
      0.002924791086350975,
      0.0022284122562674096,
      0.06016713091922005,
      0.4149025069637883,
      0.32103064066852366,
      0.057938718662952644,
      0.02576601671309192,
      0.018802228412256268,
      0.014763231197771587,
      0.014345403899721448,
      0.014484679665738161,
      0.013927576601671309,
      0.009331476323119777,
      0.008495821727019499,
      0.005710306406685237,
      0.003481894150417827,
      0.002924791086350975,
      0.001392757660167131,
      0.001392757660167131
    ]
  },
  "logit_magnitude_histogram": {
    "bin_edges": [
      1.7323129177093506,
      2.017315995693207,
      2.302319073677063,
      2.5873221516609193,
      2.872325229644775,
      3.1573283076286316,
      3.442331385612488,
      3.7273344635963443,
      4.0123375415802,
      4.297340619564057,
      4.582343697547913,
      4.867346775531769,
      5.152349853515625,
      5.437352931499481,
      5.722356009483338,
      6.007359087467194,
      6.29236216545105,
      6.577365243434906,
      6.862368321418763,
      7.147371399402618,
      7.432374477386475
    ],
    "counts": [
      46,
      233,
      323,
      338,
      1219,
      3661,
      1263,
      27,
      9,
      6,
      0,
      2,
      9,
      6,
      7,
      10,
      6,
      10,
      3,
      2
    ],
    "density": [
      0.006406685236768802,
      0.03245125348189415,
      0.044986072423398325,
      0.047075208913649025,
      0.16977715877437327,
      0.5098885793871867,
      0.17590529247910863,
      0.0037604456824512533,
      0.0012534818941504179,
      0.0008356545961002785,
      0.0,
      0.0002785515320334262,
      0.0012534818941504179,
      0.0008356545961002785,
      0.0009749303621169916,
      0.001392757660167131,
      0.0008356545961002785,
      0.001392757660167131,
      0.00041782729805013927,
      0.0002785515320334262
    ]
  },
  "roc_auc_ovr_per_class": [
    0.9973218521207953,
    1.0,
    0.9945414145752294,
    0.9995841128206018,
    0.9870817561113666,
    0.897183812911272,
    0.9969888703265086,
    0.9202827654092951,
    0.9978670742682284
  ],
  "roc_auc_ovr_macro": 0.9767612953936996,
  "roc_auc_ovr_micro": 0.9835387768076753,
  "support_analysis": {
    "support": [
      1338,
      847,
      339,
      634,
      1035,
      592,
      741,
      421,
      1233
    ],