{
  "train_loss": [
    0.8540035738876763,
    0.5215631913352508,
    0.4079105540420581,
    0.33342398397180417,
    0.2962586999991252,
    0.2537405897668534,
    0.24134293436815996,
    0.2222007876001701,
    0.2041613385727037,
    0.19193271512222043,
    0.17641847832114746,
    0.1701460259381366,
    0.1542386614669402,
    0.14275175847235327,
    0.1394964629180951,
    0.12546582902223302,
    0.1320690846087122
  ],
  "val_loss": [
    0.6742538218853809,
    0.530050352805617,
    0.3665691640128235,
    0.7809215767151926,
    0.23046327274484857,
    0.30819584684865753,
    0.6888748649023667,
    0.6304574426604671,
    0.17930465701912365,
    0.16548251763719027,
    0.6548393162452235,
    0.24103049868967286,
    0.19633318292575092,
    0.40901058575049826,
    0.2354076447688499,
    0.25046296412350894,
    0.1837929213871626
  ],
  "train_acc": [
    0.6940308458153696,
    0.8185252677896795,
    0.8587937241655185,
    0.8841281834748211,
    0.9001288946175385,
    0.9145295346459843,
    0.917996355393573,
    0.9254633539268412,
    0.9305746922085426,
    0.9361749411084938,
    0.9411084937108316,
    0.9414640650695586,
    0.9485310458242588,
    0.9519978665718476,
    0.9535090448464376,
    0.9583537046090937,
    0.9562647228765723
  ],
  "val_acc": [
    0.7525989604158336,
    0.8007796881247501,
    0.8709516193522591,
    0.7424030387844862,
    0.9188324670131948,
    0.8947421031587365,
    0.8068772491003599,
    0.8059776089564175,
    0.942423030787685,
    0.9446221511395442,
    0.8011795281887245,
    0.9175329868052778,
    0.9328268692522991,
    0.8812475009996001,
    0.9231307477009196,
    0.9215313874450219,
    0.9405237904838065
  ],
  "best_epoch": 10,
  "best_val_loss": 0.16548251763719027
}