{
  "accuracy": 0.8584958217270195,
  "precision_macro": 0.8239019713356205,
  "recall_macro": 0.8105666925476216,
  "f1_macro": 0.8089387781708192,
  "confusion_matrix": [
    [
      1266,
      64,
      0,
      0,
      3,
      5,
      0,
      0,
      0
    ],
    [
      0,
      847,
      0,
      0,
      0,
      0,
      0,
      0,
      0
    ],
    [
      9,
      0,
      260,
      0,
      0,
      12,
      0,
      58,
      0
    ],
    [
      0,
      0,
      20,
      605,
      0,
      0,
      0,
      0,
      9
    ],
    [
      28,
      87,
      0,
      0,
      912,
      0,
      1,
      2,
      5
    ],
    [
      58,
      0,
      20,
      0,
      0,
      431,
      0,
      83,
      0
    ],
    [
      0,
      1,
      36,
      26,
      19,
      0,
      473,
      1,
      185
    ],
    [
      6,
      0,
      101,
      0,
      6,
      97,
      0,
      172,
      39
    ],
    [
      0,
      0,
      12,
      8,
      7,
      2,
      5,
      1,
      1198
    ]
  ]
}