{
  "train_loss": [
    0.8003535667701988,
    0.47748638346908495,
    0.3901004736209118,
    0.34622133124419874,
    0.31313551628641023,
    0.2797924377935834,
    0.2534084389610202,
    0.24726859214592098,
    0.21546720129059943,
    0.20663318710323916,
    0.1908546264576718,
    0.18019379983160663,
    0.17238802669620434,
    0.15515797395664638,
    0.14841567762992483,
    0.13857073396215164,
    0.1292356729336572,
    0.12474088544654625,
    0.1122044935790034,
    0.11845090924862983,
    0.09784998725022659,
    0.09560489577200551
  ],
  "val_loss": [
    0.6792919779719948,
    0.3771576324923903,
    0.32193379111882925,
    0.40559746656881146,
    0.3034186638960215,
    0.22798671150078825,
    0.2789415307328111,
    0.2735784902471583,
    0.20053543976810825,
    0.26730209500824914,
    0.28459012622787494,
    0.4826485385946253,
    0.43144608490088615,
    0.2450072095602429,
    0.18721259542342808,
    0.23423673320369498,
    0.2678223412568833,
    0.1954406080413751,
    0.35787041305971357,
    0.27851315635721574,
    0.2967664850492184,
    0.3089938428296132
  ],
  "train_acc": [
    0.7206986977198987,
    0.8347482110316014,
    0.8675052224543313,
    0.8805280234677096,
    0.8932841459620428,
    0.9077736788301702,
    0.916129605760256,
    0.9162184985999378,
    0.927774567758567,
    0.9309747099871105,
    0.9365305124672207,
    0.9408418151917863,
    0.9420418685274901,
    0.947731010267123,
    0.9509311524956665,
    0.9527534557091426,
    0.9556424729987999,
    0.9569758655940264,
    0.9614649539979555,
    0.961242721898751,
    0.9674207742566336,
    0.9674652206764746
  ],
  "val_acc": [
    0.757796881247501,
    0.8688524590163934,
    0.8924430227908836,
    0.858156737305078,
    0.8863454618152738,
    0.9218312674930028,
    0.9018392642942823,
    0.9056377449020392,
    0.9317273090763695,
    0.9088364654138344,
    0.905437824870052,
    0.84656137544982,
    0.865953618552579,
    0.9159336265493803,
    0.9388244702119153,
    0.9228308676529389,
    0.9092363054778089,
    0.9317273090763695,
    0.8922431027588964,
    0.9107357057177129,
    0.914234306277489,
    0.9032387045181928
  ],
  "best_epoch": 15,
  "best_val_loss": 0.18721259542342808
}