{
  "accuracy": 0.8183844011142062,
  "precision_macro": 0.8105881642148632,
  "recall_macro": 0.793537079563666,
  "f1_macro": 0.7797453800706933,
  "confusion_matrix": [
    [
      985,
      0,
      1,
      0,
      4,
      346,
      1,
      0,
      1
    ],
    [
      0,
      847,
      0,
      0,
      0,
      0,
      0,
      0,
      0
    ],
    [
      0,
      0,
      301,
      2,
      0,
      22,
      0,
      14,
      0
    ],
    [
      0,
      0,
      125,
      469,
      0,
      0,
      21,
      0,
      19
    ],
    [
      71,
      63,
      1,
      0,
      866,
      9,
      1,
      16,
      8
    ],
    [
      0,
      0,
      44,
      0,
      0,
      488,
      0,
      24,
      36
    ],
    [
      0,
      0,
      23,
      3,
      3,
      5,
      598,
      4,
      105
    ],
    [
      0,
      0,
      102,
      0,
      0,
      72,
      0,
      152,
      95
    ],
    [
      0,
      0,
      30,
      3,
      2,
      4,
      22,
      2,
      1170
    ]
  ]
}