{
  "train_loss": [
    0.538294222273929,
    0.2657896418551126,
    0.2076213100342344,
    0.17778547057904553,
    0.1537148585144247,
    0.13637240730612493,
    0.12865296816332053,
    0.11668770223840408,
    0.10956555026594922,
    0.10104938037469974,
    0.09726976555153245,
    0.08977593902169484,
    0.08795907825881934,
    0.08350822128710829,
    0.07825335729977329,
    0.07815751551924782,
    0.07368568797082556,
    0.07276345469904315,
    0.07007534300132806,
    0.07305032829810972,
    0.06588553760073743,
    0.06221930042129103,
    0.062422152436599765,
    0.06233127384987456,
    0.05813618519440836,
    0.058390750300831795,
    0.05730978867747004,
    0.05689200924716807,
    0.05496620211030511,
    0.05323273321903675,
    0.05442184129138513,
    0.053920174785571984
  ],
  "val_loss": [
    0.4925398186522453,
    0.21265902037157722,
    0.31521779493015795,
    0.2001715114340931,
    0.1627271684442983,
    0.13375906990256395,
    0.10241602124070606,
    0.10541380158808382,
    0.12409807796158441,
    0.11933370923004546,
    0.12611975879227816,
    0.14423621409587184,
    0.08614408946642634,
    0.07465602441399288,
    0.08472033453936198,
    0.18150142013359336,
    0.08447954936570427,
    0.07833598619598786,
    0.23497107463245723,
    0.06484025039645683,
    0.06866875316639368,
    0.08456310824673922,
    0.190296664208424,
    0.06283533958712967,
    0.04872247694609095,
    0.08891664338005824,
    0.07798284324394708,
    0.07371898773671841,
    0.06610599019071657,
    0.05777136689839197,
    0.06526536813697688,
    0.18191985632838464
  ],
  "train_acc": [
    0.8084025956709187,
    0.9099071069825325,
    0.9287968354149073,
    0.9415196230943598,
    0.9485866038490599,
    0.9556202497888795,
    0.9579981332503666,
    0.9615094004177963,
    0.964065069558647,
    0.9669207520334238,
    0.9679763545046447,
    0.9698764389528424,
    0.9706431396950975,
    0.9726987866127383,
    0.9740099559980444,
    0.9738988399484422,
    0.9757878127916796,
    0.976010044890884,
    0.9771989866216276,
    0.97631005822481,
    0.9775212231654741,
    0.9791657406995866,
    0.9790879594648652,
    0.9794768656384728,
    0.9806658073692164,
    0.9803769056402507,
    0.9806658073692164,
    0.9812324992221877,
    0.9820658695942042,
    0.9820325347793235,
    0.9820769811991644,
    0.9824881105826926
  ],
  "val_acc": [
    0.8326669332267094,
    0.9251299480207917,
    0.897141143542583,
    0.9307277089164334,
    0.9449220311875249,
    0.9559176329468213,
    0.967313074770092,
    0.9667133146741304,
    0.9587165133946421,
    0.9599160335865654,
    0.9592163134746101,
    0.9525189924030388,
    0.970811675329868,
    0.9754098360655737,
    0.9726109556177529,
    0.9446221511395442,
    0.9728108756497401,
    0.9748100759696121,
    0.9287285085965614,
    0.9775089964014394,
    0.976109556177529,
    0.9719112355057977,
    0.9395241903238705,
    0.9788084766093562,
    0.9831067572970812,
    0.9701119552179128,
    0.976109556177529,
    0.9764094362255098,
    0.9792083166733306,
    0.9809076369452219,
    0.9802079168332667,
    0.9419232307077169
  ],
  "best_epoch": 25,
  "best_val_loss": 0.04872247694609095
}