{
  "accuracy": 0.8998607242339833,
  "precision_macro": 0.8859931117603186,
  "recall_macro": 0.8717800235123888,
  "f1_macro": 0.8702855123570846,
  "confusion_matrix": [
    [
      1165,
      0,
      1,
      0,
      12,
      159,
      0,
      0,
      1
    ],
    [
      0,
      847,
      0,
      0,
      0,
      0,
      0,
      0,
      0
    ],
    [
      0,
      9,
      287,
      0,
      0,
      32,
      0,
      10,
      1
    ],
    [
      0,
      0,
      0,
      607,
      0,
      0,
      23,
      1,
      3
    ],
    [
      30,
      2,
      1,
      0,
      980,
      7,
      2,
      4,
      9
    ],
    [
      0,
      51,
      5,
      0,
      7,
      512,
      0,
      10,
      7
    ],
    [
      0,
      0,
      8,
      4,
      2,
      0,
      685,
      6,
      36
    ],
    [
      0,
      1,
      47,
      1,
      2,
      105,
      12,
      203,
      50
    ],
    [
      0,
      0,
      3,
      12,
      0,
      1,
      40,
      2,
      1175
    ]
  ]
}