{
  "train_loss": [
    0.5173819765625405,
    0.28975715515184275,
    0.23180173602645793,
    0.2020312915000419,
    0.1773251278359941,
    0.16119689440956655,
    0.14434900791624572,
    0.13551137104451316,
    0.1272918489783217,
    0.11941913720080416,
    0.11011222514259605,
    0.10369110144047246,
    0.09983805912682213,
    0.09060088754603637,
    0.0904998203409283,
    0.0883768242554729,
    0.08263391129799358,
    0.0802478123703941,
    0.07754683835091096,
    0.07386570562699565,
    0.07392319748554395,
    0.07143992434800812,
    0.06788464826254575,
    0.06704672619088133,
    0.06541612862138553,
    0.06534082813594011,
    0.0657692886196874,
    0.060969438148775285
  ],
  "val_loss": [
    0.7877273944939007,
    0.22777778941576407,
    0.28412439153700625,
    0.1392152925006679,
    0.1642112445588209,
    0.21338077585418813,
    0.13471832397769615,
    0.2262545456481976,
    0.11851477285832918,
    0.09813904084163945,
    0.09539557032671417,
    0.10469492082474757,
    0.10570705319192113,
    0.13146654451664377,
    0.10595648169148116,
    0.08163913116246307,
    0.10473864881849823,
    0.10607361190485769,
    0.08151176298667984,
    0.1246800628669116,
    0.07085607466740353,
    0.09817614941680874,
    0.08223691418534611,
    0.09431726409823167,
    0.08618369059818165,
    0.10914462541298169,
    0.09477871490485285,
    0.1035710851274958
  ],
  "train_acc": [
    0.8192252989021734,
    0.9019956442508555,
    0.9221187608338148,
    0.9324414418418596,
    0.9405751366727411,
    0.9465198453264589,
    0.9522312102760123,
    0.9552091204053513,
    0.9579314636206053,
    0.9598093248588826,
    0.9630094670874261,
    0.9658651495622028,
    0.9665651806746967,
    0.9692319658651496,
    0.9695764256189164,
    0.9700542246322059,
    0.9720543135250456,
    0.9730210231565848,
    0.9740766256278057,
    0.9746210942708565,
    0.9752766789635094,
    0.9758544824214409,
    0.9767434108182586,
    0.9775101115605138,
    0.9778212364994,
    0.978021245388684,
    0.9776323392150762,
    0.979532423663274
  ],
  "val_acc": [
    0.7493002798880448,
    0.9217313074770092,
    0.9005397840863655,
    0.95171931227509,
    0.945921631347461,
    0.926829268292683,
    0.9524190323870452,
    0.9224310275889644,
    0.9593162734906038,
    0.9670131947221111,
    0.9663134746101559,
    0.9637145141943223,
    0.9657137145141943,
    0.9557177129148341,
    0.9652139144342263,
    0.9722111155537785,
    0.9642143142742903,
    0.9651139544182327,
    0.9739104358256697,
    0.9624150339864055,
    0.9765093962415033,
    0.967313074770092,
    0.9730107956817273,
    0.9718112754898041,
    0.9726109556177529,
    0.9661135545781687,
    0.9684126349460216,
    0.9676129548180727
  ],
  "best_epoch": 21,
  "best_val_loss": 0.07085607466740353
}