{
  "accuracy": 0.8220055710306406,
  "precision_macro": 0.8142769057456903,
  "recall_macro": 0.8083394408991766,
  "f1_macro": 0.7963472721763832,
  "confusion_matrix": [
    [
      856,
      1,
      3,
      0,
      1,
      477,
      0,
      0,
      0
    ],
    [
      0,
      847,
      0,
      0,
      0,
      0,
      0,
      0,
      0
    ],
    [
      0,
      0,
      284,
      9,
      0,
      23,
      0,
      21,
      2
    ],
    [
      0,
      0,
      21,
      605,
      0,
      0,
      0,
      0,
      8
    ],
    [
      83,
      30,
      3,
      0,
      901,
      9,
      4,
      0,
      5
    ],
    [
      0,
      49,
      41,
      6,
      0,
      455,
      0,
      40,
      1
    ],
    [
      0,
      0,
      21,
      25,
      2,
      2,
      578,
      6,
      107
    ],
    [
      0,
      0,
      96,
      1,
      1,
      49,
      0,
      197,
      77
    ],
    [
      0,
      0,
      5,
      9,
      0,
      8,
      30,
      2,
      1179
    ]
  ]
}