{
  "accuracy": 0.9532300496930722,
  "precision_macro": 0.9514283713891171,
  "recall_macro": 0.9458747510835979,
  "f1_macro": 0.9480716682360628,
  "ece": 0.05610081855751067,
  "precision_per_class": [
    0.8953488372093024,
    0.9951612903225806,
    0.9868852459016394,
    0.8690671031096563,
    0.9625,
    0.9325396825396826,
    0.9699248120300752,
    1.0
  ],
  "recall_per_class": [
    0.9467213114754098,
    0.9887820512820513,
    0.9678456591639871,
    0.917098445595855,
    0.9506172839506173,
    0.8274647887323944,
    0.9684684684684685,
    1.0
  ],
  "f1_per_class": [
    0.9203187250996016,
    0.9919614147909968,
    0.9772727272727273,
    0.892436974789916,
    0.9565217391304348,
    0.8768656716417911,
    0.9691960931630353,
    1.0
  ],
  "accuracy_per_class": [
    0.9467213114754098,
    0.9887820512820513,
    0.9678456591639871,
    0.917098445595855,
    0.9506172839506173,
    0.8274647887323944,
    0.9684684684684685,
    1.0
  ],
  "reliability_diagram": {
    "bin_edges": [
      0.0,
      0.06666666666666667,
      0.13333333333333333,
      0.2,
      0.26666666666666666,
      0.3333333333333333,
      0.4,
      0.4666666666666667,
      0.5333333333333333,
      0.6,
      0.6666666666666666,
      0.7333333333333333,
      0.8,
      0.8666666666666667,
      0.9333333333333333,
      1.0
    ],
    "bin_accuracy": [
      0.0,
      0.0,
      1.0,
      1.0,
      0.42857142857142855,
      0.5,
      0.525,
      0.6078431372549019,
      0.559322033898305,
      0.6578947368421053,
      0.8181818181818182,
      0.8818181818181818,
      0.9497907949790795,
      0.9854368932038835,
      0.9968635650810246
    ],
    "bin_confidence": [
      0.0,
      0.0,
      0.19545820355415344,
      0.2575168311595917,
      0.32566796456064495,
      0.3721589421232541,
      0.4332616448402405,
      0.5044688523984423,
      0.5646708506648823,
      0.6338232285098025,
      0.7006091299382123,
      0.7698792273348029,
      0.8383941051850259,
      0.9105787519546389,
      0.9623281641337987
    ],
    "bin_count": [
      0,
      0,
      1,
      1,
      7,
      12,
      40,
      51,
      59,
      76,
      88,
      110,
      239,
      824,
      1913
    ]
  },
  "confusion_matrix": [
    [
      231,
      0,
      1,
      3,
      1,
      8,
      0,
      0
    ],
    [
      2,
      617,
      0,
      2,
      0,
      1,
      2,
      0
    ],
    [
      3,
      1,
      301,
      5,
      0,
      0,
      1,
      0
    ],
    [
      20,
      1,
      1,
      531,
      3,
      6,
      17,
      0
    ],
    [
      0,
      0,
      1,
      9,
      231,
      2,
      0,
      0
    ],
    [
      2,
      0,
      1,
      41,
      5,
      235,
      0,
      0
    ],
    [
      0,
      1,
      0,
      20,
      0,
      0,
      645,
      0
    ],
    [
      0,
      0,
      0,
      0,
      0,
      0,
      0,
      470
    ]
  ],
  "brier_score": 0.07415502361595157,
  "confidence_histogram": {
    "bin_edges": [
      0.0,
      0.05,
      0.1,
      0.15000000000000002,
      0.2,
      0.25,
      0.30000000000000004,
      0.35000000000000003,
      0.4,
      0.45,
      0.5,
      0.55,
      0.6000000000000001,
      0.65,
      0.7000000000000001,
      0.75,
      0.8,
      0.8500000000000001,
      0.9,
      0.9500000000000001,
      1.0
    ],
    "counts": [
      0,
      0,
      0,
      1,
      0,
      1,
      9,
      10,
      29,
      30,
      48,
      43,
      58,
      64,
      64,
      88,
      153,
      306,
      1139,
      1378
    ],
    "density": [
      0.0,
      0.0,
      0.0,
      0.00029231218941829873,
      0.0,
      0.00029231218941829873,
      0.002630809704764689,
      0.0029231218941829875,
      0.008477053493130663,
      0.008769365682548963,
      0.014030985092078339,
      0.012569424144986846,
      0.016954106986261326,
      0.01870798012277112,
      0.01870798012277112,
      0.02572347266881029,
      0.044723764980999704,
      0.08944752996199941,
      0.33294358374744226,
      0.4028061970184157
    ]
  },
  "entropy_histogram": {
    "bin_edges": [
      0.00698434840887785,
      0.10291081224568188,
      0.19883727608248591,
      0.29476373991928995,
      0.390690203756094,
      0.486616667592898,
      0.582543131429702,
      0.6784695952665061,
      0.7743960591033101,
      0.8703225229401141,
      0.9662489867769182,
      1.0621754506137222,
      1.1581019144505262,
      1.2540283782873303,
      1.3499548421241343,
      1.4458813059609383,
      1.5418077697977424,
      1.6377342336345464,
      1.7336606974713504,
      1.8295871613081545,
      1.9255136251449585
    ],
    "counts": [
      200,
      516,
      693,
      669,
      407,
      212,
      146,
      113,
      74,
      83,
      67,
      69,
      67,
      38,
      19,
      24,
      13,
      6,
      2,
      3
    ],
    "density": [
      0.05846243788365975,
      0.15083308973984216,
      0.20257234726688103,
      0.19555685472084186,
      0.1189710610932476,
      0.061970184156679334,
      0.042677579655071615,
      0.033031277404267756,
      0.021631102016954108,
      0.024261911721718796,
      0.019584916691026015,
      0.020169541069862615,
      0.019584916691026015,
      0.011107863197895352,
      0.005553931598947676,
      0.0070154925460391695,
      0.003800058462437884,
      0.0017538731365097924,
      0.0005846243788365975,
      0.0008769365682548962
    ]
  },
  "logit_magnitude_histogram": {
    "bin_edges": [
      0.8313292860984802,
      1.229814711213112,
      1.6283001363277436,
      2.026785561442375,
      2.425270986557007,
      2.8237564116716385,
      3.22224183678627,
      3.620727261900902,
      4.019212687015534,
      4.417698112130164,
      4.816183537244797,
      5.214668962359428,
      5.61315438747406,
      6.011639812588691,
      6.4101252377033235,
      6.808610662817955,
      7.2070960879325865,
      7.605581513047218,
      8.004066938161849,
      8.402552363276481,
      8.801037788391113
    ],
    "counts": [
      2,
      7,
      42,
      97,
      162,
      176,
      243,
      449,
      852,
      678,
      385,
      160,
      92,
      41,
      17,
      7,
      6,
      2,
      2,
      1
    ],
    "density": [
      0.0005846243788365975,
      0.0020461853259280912,
      0.012277111955568546,
      0.028354282373574978,
      0.04735457468576439,
      0.05144694533762058,
      0.0710318620286466,
      0.13124817304881614,
      0.24904998538439052,
      0.19818766442560654,
      0.11254019292604502,
      0.0467699503069278,
      0.026892721426483485,
      0.011984799766150248,
      0.004969307220111079,
      0.0020461853259280912,
      0.0017538731365097924,
      0.0005846243788365975,
      0.0005846243788365975,
      0.00029231218941829873
    ]
  },
  "roc_auc_ovr_per_class": [
    0.9984236082085893,
    0.9995496548499766,
    0.9995326764611615,
    0.9909177535584539,
    0.9991427690889266,
    0.9947300955878721,
    0.9972340761814446,
    1.0
  ],
  "roc_auc_ovr_macro": 0.9974413292420531,
  "roc_auc_ovr_micro": 0.997956329240031,
  "support_analysis": {
    "support": [
      244,
      624,
      311,
      579,
      243,
      284,
      666,
      470
    ],
    "support_fraction": [
      0.07132417421806489,
      0.1824028061970184,
      0.09090909090909091,
      0.16924875767319497,
      0.0710318620286466,
      0.08301666179479684,
      0.19467991815258695,
      0.1373867290266004
    ],
    "class_accuracy": [
      0.9467213114754098,
      0.9887820512820513,
      0.9678456591639871,
      0.917098445595855,
      0.9506172839506173,
      0.8274647887323944,
      0.9684684684684685,
      1.0
    ],