accuracy,f1_macro,ece,brier_score,roc_auc_ovr_macro,roc_auc_ovr_micro
0.9532300496930722,0.9480716682360628,0.05610081855751067,0.07415502361595157,0.9974413292420531,0.997956329240031
