{
  "accuracy": 0.9698918444899153,
  "precision_macro": 0.9676128686402753,
  "recall_macro": 0.9675195484028706,
  "f1_macro": 0.9675017204023066,
  "ece": 0.07854634479833811,
  "precision_per_class": [
    0.9626556016597511,
    0.9920382165605095,
    0.9836065573770492,
    0.9402460456942003,
    0.9710743801652892,
    0.9251700680272109,
    0.9745508982035929,
    0.9915611814345991
  ],
  "recall_per_class": [
    0.9508196721311475,
    0.9983974358974359,
    0.9646302250803859,
    0.924006908462867,
    0.9670781893004116,
    0.9577464788732394,
    0.9774774774774775,
    1.0
  ],
  "f1_per_class": [
    0.9567010309278351,
    0.9952076677316294,
    0.974025974025974,
    0.9320557491289199,
    0.9690721649484536,
    0.9411764705882353,
    0.9760119940029985,
    0.9957627118644068
  ],
  "accuracy_per_class": [
    0.9508196721311475,
    0.9983974358974359,
    0.9646302250803859,
    0.924006908462867,
    0.9670781893004116,
    0.9577464788732394,
    0.9774774774774775,
    1.0
  ],
  "reliability_diagram": {
    "bin_edges": [
      0.0,
      0.06666666666666667,
      0.13333333333333333,
      0.2,
      0.26666666666666666,
      0.3333333333333333,
      0.4,
      0.4666666666666667,
      0.5333333333333333,
      0.6,
      0.6666666666666666,
      0.7333333333333333,
      0.8,
      0.8666666666666667,
      0.9333333333333333,
      1.0
    ],
    "bin_accuracy": [
      0.0,
      0.0,
      0.0,
      0.0,
      0.0,
      0.4,
      0.47058823529411764,
      0.5714285714285714,
      0.7419354838709677,
      0.5,
      0.7291666666666666,
      0.8405797101449275,
      0.9313725490196079,
      0.9912280701754386,
      0.9924242424242424
    ],
    "bin_confidence": [
      0.0,
      0.0,
      0.0,
      0.0,
      0.0,
      0.3695579290390015,
      0.4450938035460079,
      0.4988179916427249,
      0.5692098217625772,
      0.634907441213727,
      0.6998871440688769,
      0.7728403461152229,
      0.839612100054236,
      0.9121783020002479,
      0.9380108926332358
    ],
    "bin_count": [
      0,
      0,
      0,
      0,
      0,
      5,
      17,
      21,
      31,
      32,
      48,
      69,
      102,
      2964,
      132
    ]
  },
  "confusion_matrix": [
    [
      232,
      3,
      0,
      4,
      0,
      4,
      1,
      0
    ],
    [
      1,
      623,
      0,
      0,
      0,
      0,
      0,
      0
    ],
    [
      1,
      1,
      300,
      4,
      0,
      0,
      1,
      4
    ],
    [
      5,
      0,
      3,
      535,
      5,
      16,
      15,
      0
    ],
    [
      2,
      0,
      2,
      2,
      235,
      2,
      0,
      0
    ],
    [
      0,
      0,
      0,
      10,
      2,
      272,
      0,
      0
    ],
    [
      0,
      1,
      0,
      14,
      0,
      0,
      651,
      0
    ],
    [
      0,
      0,
      0,
      0,
      0,
      0,
      0,
      470
    ]
  ],
  "brier_score": 0.054498057841626764,
  "confidence_histogram": {
    "bin_edges": [
      0.0,
      0.05,
      0.1,
      0.15000000000000002,
      0.2,
      0.25,
      0.30000000000000004,
      0.35000000000000003,
      0.4,
      0.45,
      0.5,
      0.55,
      0.6000000000000001,
      0.65,
      0.7000000000000001,
      0.75,
      0.8,
      0.8500000000000001,
      0.9,
      0.9500000000000001,
      1.0
    ],
    "counts": [
      0,
      0,
      0,
      0,
      0,
      0,
      1,
      4,
      10,
      19,
      17,
      23,
      22,
      36,
      33,
      58,
      66,
      379,
      2753,
      0
    ],
    "density": [
      0.0,
      0.0,
      0.0,
      0.0,
      0.0,
      0.0,
      0.00029231218941829873,
      0.001169248757673195,
      0.0029231218941829875,
      0.005553931598947676,
      0.004969307220111079,
      0.006723180356620871,
      0.006430868167202572,
      0.010523238819058756,
      0.00964630225080386,
      0.016954106986261326,
      0.01929260450160772,
      0.11078631978953522,
      0.8047354574685764,
      0.0
    ]
  },
  "entropy_histogram": {
    "bin_edges": [
      0.29915139079093933,
      0.3700305178761482,
      0.4409096449613571,
      0.511788772046566,
      0.5826678991317749,
      0.6535470262169838,
      0.7244261533021927,
      0.7953052803874017,
      0.8661844074726105,
      0.9370635345578194,
      1.0079426616430283,
      1.0788217887282372,
      1.1497009158134461,
      1.2205800428986548,
      1.291459169983864,
      1.3623382970690727,
      1.4332174241542817,
      1.5040965512394906,
      1.5749756783246995,
      1.6458548054099083,
      1.7167339324951172
    ],
    "counts": [
      115,
      915,
      1686,
      311,
      91,
      45,
      35,
      41,
      28,
      29,
      41,
      26,
      15,
      15,
      6,
      10,
      9,
      0,
      1,
      2
    ],
    "density": [
      0.033615901783104356,
      0.26746565331774336,
      0.4928383513592517,
      0.09090909090909091,
      0.026600409237065185,
      0.013154048523823443,
      0.010230926629640456,
      0.011984799766150248,
      0.008184741303712365,
      0.008477053493130663,
      0.011984799766150248,
      0.007600116924875768,
      0.0043846828412744815,
      0.0043846828412744815,
      0.0017538731365097924,
      0.0029231218941829875,
      0.002630809704764689,
      0.0,
      0.00029231218941829873,
      0.0005846243788365975
    ]
  },
  "logit_magnitude_histogram": {
    "bin_edges": [
      1.7065573930740356,
      1.8204255759716035,
      1.934293758869171,
      2.0481619417667387,
      2.1620301246643066,
      2.2758983075618744,
      2.3897664904594422,
      2.50363467335701,
      2.6175028562545775,
      2.7313710391521457,
      2.845239222049713,
      2.959107404947281,
      3.072975587844849,
      3.186843770742416,
      3.3007119536399845,
      3.414580136537552,
      3.5284483194351197,
      3.6423165023326876,
      3.7561846852302554,
      3.870052868127823,
      3.9839210510253906
    ],
    "counts": [
      2,
      3,
      10,
      36,
      62,
      69,
      85,
      96,
      131,
      246,
      480,
      776,
      874,
      302,
      145,
      65,
      24,
      11,
      2,
      2
    ],
    "density": [
      0.0005846243788365975,
      0.0008769365682548962,
      0.0029231218941829875,
      0.010523238819058756,
      0.018123355743934522,
      0.020169541069862615,
      0.024846536100555393,
      0.028061970184156678,
      0.038292896813797134,
      0.0719087985969015,
      0.1403098509207834,
      0.22683425898859982,
      0.2554808535515931,
      0.08827828120432622,
      0.04238526746565332,
      0.01900029231218942,
      0.0070154925460391695,
      0.003215434083601286,
      0.0005846243788365975,
      0.0005846243788365975
    ]
  },
  "roc_auc_ovr_per_class": [
    0.9988377013060057,
    0.9998687925707948,
    0.9997373889848119,
    0.9915035873202237,
    0.9995079339181151,
    0.9948591773785845,
    0.9983142852471345,
    1.0
  ],
  "roc_auc_ovr_macro": 0.9978286083407089,
  "roc_auc_ovr_micro": 0.9979023271050669,
  "support_analysis": {
    "support": [
      244,
      624,
      311,
      579,
      243,
      284,
      666,
      470
    ],
    "support_fraction": [
      0.07132417421806489,
      0.1824028061970184,
      0.09090909090909091,
      0.16924875767319497,
      0.0710318620286466,
      0.08301666179479684,
      0.19467991815258695,
      0.1373867290266004
    ],
    "class_accuracy": [
      0.9508196721311475,
      0.9983974358974359,
      0.9646302250803859,
      0.924006908462867,
      0.9670781893004116,
      0.9577464788732394,
      0.9774774774774775,
      1.0
    ],