accuracy,f1_macro,ece,brier_score,roc_auc_ovr_macro,roc_auc_ovr_micro
0.9698918444899153,0.9675017204023066,0.07854634479833811,0.054498057841626764,0.9978286083407089,0.9979023271050669
