{
  "accuracy": 0.8865828705057001,
  "precision_macro": 0.898128720236733,
  "recall_macro": 0.8673502483363076,
  "f1_macro": 0.8763843102786091,
  "ece": 0.05345857540214663,
  "precision_per_class": [
    0.9520958083832335,
    0.9858657243816255,
    0.9961685823754789,
    0.7815126050420168,
    0.9163179916317992,
    0.7097701149425287,
    0.8475452196382429,
    0.9957537154989384
  ],
  "recall_per_class": [
    0.6516393442622951,
    0.8942307692307693,
    0.8360128617363344,
    0.8031088082901554,
    0.9012345679012346,
    0.8697183098591549,
    0.984984984984985,
    0.997872340425532
  ],
  "f1_per_class": [
    0.7737226277372263,
    0.9378151260504202,
    0.9090909090909091,
    0.7921635434412265,
    0.9087136929460581,
    0.7816455696202531,
    0.9111111111111111,
    0.9968119022316685
  ],
  "accuracy_per_class": [
    0.6516393442622951,
    0.8942307692307693,
    0.8360128617363344,
    0.8031088082901554,
    0.9012345679012346,
    0.8697183098591549,
    0.984984984984985,
    0.997872340425532
  ],
  "reliability_diagram": {
    "bin_edges": [
      0.0,
      0.06666666666666667,
      0.13333333333333333,
      0.2,
      0.26666666666666666,
      0.3333333333333333,
      0.4,
      0.4666666666666667,
      0.5333333333333333,
      0.6,
      0.6666666666666666,
      0.7333333333333333,
      0.8,
      0.8666666666666667,
      0.9333333333333333,
      1.0
    ],
    "bin_accuracy": [
      0.0,
      0.0,
      1.0,
      0.4,
      0.48484848484848486,
      0.4838709677419355,
      0.5299145299145299,
      0.5229357798165137,
      0.6788321167883211,
      0.6643835616438356,
      0.7142857142857143,
      0.8219895287958116,
      0.9063444108761329,
      0.9826652221018418,
      0.9893355209187858
    ],
    "bin_confidence": [
      0.0,
      0.0,
      0.1968212127685547,
      0.23840728104114534,
      0.3088134391741319,
      0.37083141073103876,
      0.43510248289149034,
      0.503071417502307,
      0.5657542661158708,
      0.6349297316923533,
      0.7005492063606678,
      0.7659453281557372,
      0.8366248263693288,
      0.9074643557792366,
      0.9645680112854392
    ],
    "bin_count": [
      0,
      0,
      1,
      5,
      33,
      62,
      117,
      109,
      137,
      146,
      147,
      191,
      331,
      923,
      1219
    ]
  },
  "confusion_matrix": [
    [
      159,
      1,
      0,
      37,
      6,
      29,
      12,
      0
    ],
    [
      0,
      558,
      0,
      15,
      1,
      10,
      39,
      1
    ],
    [
      4,
      0,
      260,
      23,
      4,
      0,
      19,
      1
    ],
    [
      4,
      3,
      0,
      465,
      6,
      57,
      44,
      0
    ],
    [
      0,
      0,
      0,
      18,
      219,
      5,
      1,
      0
    ],
    [
      0,
      1,
      0,
      30,
      3,
      247,
      3,
      0
    ],
    [
      0,
      3,
      0,
      7,
      0,
      0,
      656,
      0
    ],
    [
      0,
      0,
      1,
      0,
      0,
      0,
      0,
      469
    ]
  ],
  "brier_score": 0.17163470619102134,
  "confidence_histogram": {
    "bin_edges": [
      0.0,
      0.05,
      0.1,
      0.15000000000000002,
      0.2,
      0.25,
      0.30000000000000004,
      0.35000000000000003,
      0.4,
      0.45,
      0.5,
      0.55,
      0.6000000000000001,
      0.65,
      0.7000000000000001,
      0.75,
      0.8,
      0.8500000000000001,
      0.9,
      0.9500000000000001,
      1.0
    ],
    "counts": [
      0,
      0,
      0,
      1,
      3,
      13,
      33,
      51,
      80,
      81,
      105,
      97,
      103,
      113,
      132,
      136,
      223,
      402,
      927,
      921
    ],
    "density": [
      0.0,
      0.0,
      0.0,
      0.00029231218941829873,
      0.0008769365682548962,
      0.003800058462437884,
      0.00964630225080386,
      0.014907921660333235,
      0.0233849751534639,
      0.023677287342882197,
      0.030692779888921367,
      0.028354282373574978,
      0.03010815551008477,
      0.033031277404267756,
      0.03858520900321544,
      0.03975445776088863,
      0.06518561824028062,
      0.11750950014615609,
      0.27097339959076294,
      0.2692195264542531
    ]
  },
  "entropy_histogram": {
    "bin_edges": [
      0.010970128700137138,
      0.10745647000148892,
      0.2039428113028407,
      0.30042915260419245,
      0.39691549390554426,
      0.49340183520689607,
      0.5898881765082478,
      0.6863745178095996,
      0.7828608591109514,
      0.8793472004123032,
      0.975833541713655,
      1.0723198830150067,
      1.1688062243163584,
      1.2652925656177103,
      1.361778906919062,
      1.458265248220414,
      1.5547515895217656,
      1.6512379308231173,
      1.7477242721244692,
      1.844210613425821,
      1.9406969547271729
    ],
    "counts": [
      154,
      420,
      379,
      394,
      446,
      291,
      177,
      151,
      122,
      128,
      112,
      100,
      127,
      117,
      93,
      78,
      59,
      42,
      18,
      13
    ],
    "density": [
      0.04501607717041801,
      0.12277111955568547,
      0.11078631978953522,
      0.1151710026308097,
      0.13037123648056123,
      0.08506284712072494,
      0.051739257527038875,
      0.04413914060216311,
      0.035662087109032445,
      0.03741596024554224,
      0.03273896521484946,
      0.029231218941829874,
      0.03712364805612394,
      0.034200526161940956,
      0.027185033615901782,
      0.0228003507746273,
      0.017246419175679626,
      0.012277111955568546,
      0.005261619409529378,
      0.003800058462437884
    ]
  },
  "logit_magnitude_histogram": {
    "bin_edges": [
      0.801871120929718,
      1.1302495926618576,
      1.4586280643939973,
      1.7870065361261367,
      2.1153850078582765,
      2.443763479590416,
      2.7721419513225554,
      3.100520423054695,
      3.4288988947868346,
      3.757277366518974,
      4.085655838251114,
      4.414034309983253,
      4.742412781715393,
      5.070791253447532,
      5.399169725179672,
      5.727548196911812,
      6.055926668643951,
      6.384305140376091,
      6.71268361210823,
      7.04106208384037,
      7.36944055557251
    ],
    "counts": [
      8,
      28,
      106,
      181,
      186,
      257,
      365,
      520,
      336,
      304,
      304,
      232,
      228,
      185,
      113,
      47,
      15,
      4,
      1,
      1
    ],
    "density": [
      0.00233849751534639,
      0.008184741303712365,
      0.030985092078339667,
      0.052908506284712074,
      0.054370067231803564,
      0.07512423268050278,
      0.10669394913767904,
      0.15200233849751535,
      0.09821689564454837,
      0.08886290558316282,
      0.08886290558316282,
      0.0678164279450453,
      0.06664717918737212,
      0.05407775504238527,
      0.033031277404267756,
      0.01373867290266004,
      0.0043846828412744815,
      0.001169248757673195,
      0.00029231218941829873,
      0.00029231218941829873
    ]
  },
  "roc_auc_ovr_per_class": [
    0.9878210189012214,
    0.9966888745267366,
    0.98870876024855,
    0.9710115598857016,
    0.994064129159577,
    0.9818376308215887,
    0.9967075968890851,
    0.999997116015487
  ],
  "roc_auc_ovr_macro": 0.9896045858059934,
  "roc_auc_ovr_micro": 0.9899022965396631,
  "support_analysis": {
    "support": [
      244,
      624,
      311,
      579,
      243,
      284,
      666,
      470
    ],
    "support_fraction": [
      0.07132417421806489,
      0.1824028061970184,
      0.09090909090909091,
      0.16924875767319497,
      0.0710318620286466,
      0.08301666179479684,
      0.19467991815258695,
      0.1373867290266004
    ],