accuracy,f1_macro,ece,brier_score,roc_auc_ovr_macro,roc_auc_ovr_micro
0.8865828705057001,0.8763843102786091,0.05345857540214663,0.17163470619102134,0.9896045858059934,0.9899022965396631
