accuracy,f1_macro,ece,brier_score,roc_auc_ovr_macro,roc_auc_ovr_micro
0.9406606255480854,0.933543856755412,0.06301971418454749,0.0979171127832967,0.9947626721709739,0.9954822465723078
