{
  "accuracy": 0.9406606255480854,
  "precision_macro": 0.9312973196682653,
  "recall_macro": 0.9361905127322572,
  "f1_macro": 0.933543856755412,
  "ece": 0.06301971418454749,
  "precision_per_class": [
    0.8875,
    0.9668769716088328,
    0.961038961038961,
    0.8798586572438163,
    0.9069767441860465,
    0.8677966101694915,
    0.9845679012345679,
    0.9957627118644068
  ],
  "recall_per_class": [
    0.8729508196721312,
    0.9823717948717948,
    0.9517684887459807,
    0.8601036269430051,
    0.9629629629629629,
    0.9014084507042254,
    0.9579579579579579,
    1.0
  ],
  "f1_per_class": [
    0.8801652892561983,
    0.9745627980922098,
    0.9563812600969306,
    0.8698689956331878,
    0.9341317365269461,
    0.8842832469775475,
    0.9710806697108066,
    0.9978768577494692
  ],
  "accuracy_per_class": [
    0.8729508196721312,
    0.9823717948717948,
    0.9517684887459807,
    0.8601036269430051,
    0.9629629629629629,
    0.9014084507042254,
    0.9579579579579579,
    1.0
  ],
  "reliability_diagram": {
    "bin_edges": [
      0.0,
      0.06666666666666667,
      0.13333333333333333,
      0.2,
      0.26666666666666666,
      0.3333333333333333,
      0.4,
      0.4666666666666667,
      0.5333333333333333,
      0.6,
      0.6666666666666666,
      0.7333333333333333,
      0.8,
      0.8666666666666667,
      0.9333333333333333,
      1.0
    ],
    "bin_accuracy": [
      0.0,
      0.0,
      0.0,
      0.0,
      0.0,
      0.36363636363636365,
      0.4482758620689655,
      0.6078431372549019,
      0.6666666666666666,
      0.6865671641791045,
      0.7283950617283951,
      0.7894736842105263,
      0.8545454545454545,
      0.9853599023993493,
      0.9884057971014493
    ],
    "bin_confidence": [
      0.0,
      0.0,
      0.0,
      0.23453815281391144,
      0.3056705236434937,
      0.36750823801214044,
      0.4377171777445695,
      0.4941783816206689,
      0.572911746669234,
      0.6337417550941011,
      0.6984951672730623,
      0.7663408379805715,
      0.8383586287498475,
      0.9149316971551213,
      0.9378697003143421
    ],
    "bin_count": [
      0,
      0,
      0,
      1,
      5,
      11,
      29,
      51,
      57,
      67,
      81,
      95,
      220,
      2459,
      345
    ]
  },
  "confusion_matrix": [
    [
      213,
      4,
      2,
      12,
      6,
      6,
      1,
      0
    ],
    [
      1,
      613,
      0,
      7,
      0,
      3,
      0,
      0
    ],
    [
      2,
      1,
      296,
      8,
      2,
      1,
      0,
      1
    ],
    [
      13,
      10,
      10,
      498,
      11,
      27,
      9,
      1
    ],
    [
      3,
      0,
      0,
      5,
      234,
      1,
      0,
      0
    ],
    [
      6,
      2,
      0,
      16,
      4,
      256,
      0,
      0
    ],
    [
      2,
      4,
      0,
      20,
      1,
      1,
      638,
      0
    ],
    [
      0,
      0,
      0,
      0,
      0,
      0,
      0,
      470
    ]
  ],
  "brier_score": 0.0979171127832967,
  "confidence_histogram": {
    "bin_edges": [
      0.0,
      0.05,
      0.1,
      0.15000000000000002,
      0.2,
      0.25,
      0.30000000000000004,
      0.35000000000000003,
      0.4,
      0.45,
      0.5,
      0.55,
      0.6000000000000001,
      0.65,
      0.7000000000000001,
      0.75,
      0.8,
      0.8500000000000001,
      0.9,
      0.9500000000000001,
      1.0
    ],
    "counts": [
      0,
      0,
      0,
      0,
      1,
      2,
      5,
      9,
      20,
      42,
      27,
      48,
      47,
      62,
      66,
      68,
      145,
      375,
      2496,
      8
    ],
    "density": [
      0.0,
      0.0,
      0.0,
      0.0,
      0.00029231218941829873,
      0.0005846243788365975,
      0.0014615609470914938,
      0.002630809704764689,
      0.005846243788365975,
      0.012277111955568546,
      0.007892429114294067,
      0.014030985092078339,
      0.01373867290266004,
      0.018123355743934522,
      0.01929260450160772,
      0.019877228880444315,
      0.04238526746565332,
      0.10961707103186202,
      0.7296112247880736,
      0.00233849751534639
    ]
  },
  "entropy_histogram": {
    "bin_edges": [
      0.21210475265979767,
      0.2947296194732189,
      0.37735448628664015,
      0.45997935310006144,
      0.5426042199134826,
      0.6252290867269039,
      0.7078539535403252,
      0.7904788203537464,
      0.8731036871671677,
      0.955728553980589,
      1.0383534207940102,
      1.1209782876074315,
      1.2036031544208527,
      1.286228021234274,
      1.3688528880476951,
      1.4514777548611164,
      1.5341026216745377,
      1.616727488487959,
      1.6993523553013803,
      1.7819772221148014,
      1.8646020889282227
    ],
    "counts": [
      8,
      396,
      1494,
      736,
      184,
      103,
      96,
      47,
      63,
      65,
      60,
      48,
      32,
      35,
      15,
      19,
      11,
      5,
      3,
      1
    ],
    "density": [
      0.00233849751534639,
      0.1157556270096463,
      0.43671441099093833,
      0.21514177141186788,
      0.05378544285296697,
      0.03010815551008477,
      0.028061970184156678,
      0.01373867290266004,
      0.018415667933352822,
      0.01900029231218942,
      0.017538731365097926,
      0.014030985092078339,
      0.00935399006138556,
      0.010230926629640456,
      0.0043846828412744815,
      0.005553931598947676,
      0.003215434083601286,
      0.0014615609470914938,
      0.0008769365682548962,
      0.00029231218941829873
    ]
  },
  "logit_magnitude_histogram": {
    "bin_edges": [
      1.6287918090820312,
      1.7619566679000855,
      1.8951215267181396,
      2.0282863855361937,
      2.161451244354248,
      2.2946161031723022,
      2.4277809619903565,
      2.560945820808411,
      2.6941106796264647,
      2.8272755384445194,
      2.9604403972625732,
      3.0936052560806275,
      3.226770114898682,
      3.3599349737167357,
      3.4930998325347904,
      3.6262646913528442,
      3.7594295501708985,
      3.892594408988953,
      4.0257592678070075,
      4.158924126625061,
      4.292088985443115
    ],
    "counts": [
      4,
      17,
      31,
      89,
      100,
      105,
      100,
      85,
      111,
      158,
      247,
      677,
      880,
      459,
      187,
      114,
      40,
      12,
      3,
      2
    ],
    "density": [
      0.001169248757673195,
      0.004969307220111079,
      0.009061677871967261,
      0.02601578485822859,
      0.029231218941829874,
      0.030692779888921367,
      0.029231218941829874,
      0.024846536100555393,
      0.03244665302543116,
      0.0461853259280912,
      0.07220111078631979,
      0.19789535223618826,
      0.2572347266881029,
      0.13417129494299912,
      0.05466237942122187,
      0.03332358959368606,
      0.01169248757673195,
      0.0035077462730195848,
      0.0008769365682548962,
      0.0005846243788365975
    ]
  },
  "roc_auc_ovr_per_class": [
    0.9954681961021069,
    0.9970509841130148,
    0.9976220262404235,
    0.9843830331846871,
    0.997350612622272,
    0.9908262132565877,
    0.9954017538409553,
    0.9999985580077434
  ],
  "roc_auc_ovr_macro": 0.9947626721709739,
  "roc_auc_ovr_micro": 0.9954822465723078,
  "support_analysis": {
    "support": [
      244,
      624,
      311,
      579,
      243,
      284,
      666,
      470
    ],
    "support_fraction": [
      0.07132417421806489,
      0.1824028061970184,
      0.09090909090909091,
      0.16924875767319497,
      0.0710318620286466,
      0.08301666179479684,
      0.19467991815258695,
      0.1373867290266004
    ],
    "class_accuracy": [
      0.8729508196721312,
      0.9823717948717948,
      0.9517684887459807,
      0.8601036269430051,
      0.9629629629629629,
      0.9014084507042254,
      0.9579579579579579,
      1.0
    ],