{
  "train_loss": [
    0.8212817632337254,
    0.6726224972048337,
    0.6440430737409667,
    0.6070808403095097,
    0.5875709274631504,
    0.5864466996957977,
    0.5771685796433141,
    0.5617454407512577,
    0.5437549182185495,
    0.5343141239321288,
    0.5316587831945054,
    0.5198723224908269,
    0.5201465785004965,
    0.5152124883020346,
    0.5070667569221814,
    0.5090505062291051,
    0.5019992164364493,
    0.5011260192428016,
    0.49398386361461005,
    0.48702577521721513,
    0.4927362650483332,
    0.4838981862809297,
    0.48499010305750767,
    0.4869131697554668,
    0.47735939507088887,
    0.4812511214644817,
    0.4788915326210126,
    0.47707074490501566,
    0.47324145700849407,
    0.4721835752184248,
    0.47165062042340106,
    0.4699693544012791,
    0.4709387154420465,
    0.47171700854061677,
    0.47042017951831994,
    0.4702164116797871,
    0.47056581980608714,
    0.46944652862115
  ],
  "val_loss": [
    1.5686331018109188,
    0.855678006867382,
    0.6330868451394768,
    0.6941501136138061,
    0.6015372426710396,
    0.6575849368193439,
    0.5847239126668913,
    0.6326426624137664,
    0.5815406603233837,
    0.6454972702766133,
    0.5927012490334912,
    0.5851978553789798,
    0.5799638400568026,
    0.5725135379862563,
    0.5621748327094818,
    0.6231553755073904,
    0.5928007726357362,
    0.5662096237467829,
    0.5941015353826719,
    0.6280215995334019,
    0.5631021144234132,
    0.5509565712135529,
    0.5949777643257212,
    0.5658887591317435,
    0.5662679115188456,
    0.5637540304772207,
    0.5564084771637604,
    0.5540838263859259,
    0.5348383450062475,
    0.5424313768048152,
    0.5437189775092579,
    0.5426940516890767,
    0.5788981457737005,
    0.5507030687599539,
    0.556206053662523,
    0.5430773630320469,
    0.5456210575371145,
    0.5389979130753847
  ],
  "train_acc": [
    0.846917159103579,
    0.9130337830304381,
    0.9240718028765749,
    0.9433604638198239,
    0.951834095216858,
    0.9506076485672873,
    0.9551789497156874,
    0.9604192217638533,
    0.9684468725610436,
    0.9737986397591705,
    0.9764745233582339,
    0.9790389118073364,
    0.98059984390679,
    0.9804883487568291,
    0.9850596499052291,
    0.9849481547552681,
    0.9863975917047608,
    0.9871780577544876,
    0.9897424462035902,
    0.9939792619021073,
    0.9906344074032779,
    0.995317203701639,
    0.9937562716021853,
    0.9931987958523805,
    0.9975471067008586,
    0.994982718251756,
    0.9960976697513658,
    0.9968781358010926,
    0.9986620582004683,
    0.9987735533504293,
    0.9988850485003903,
    0.9996655145501171,
    0.9989965436503512,
    0.9987735533504293,
    0.9991080388003122,
    0.9995540194001561,
    0.9991080388003122,
    0.9995540194001561
  ],
  "val_acc": [
    0.5870327102803738,
    0.8469626168224299,
    0.9228971962616822,
    0.9047897196261683,
    0.9427570093457944,
    0.9240654205607477,
    0.9544392523364486,
    0.9322429906542056,
    0.9532710280373832,
    0.9217289719626168,
    0.9445093457943925,
    0.9433411214953271,
    0.9532710280373832,
    0.9544392523364486,
    0.9614485981308412,
    0.9398364485981309,
    0.9468457943925234,
    0.9591121495327103,
    0.9433411214953271,
    0.929322429906542,
    0.9602803738317757,
    0.9672897196261683,
    0.9509345794392523,
    0.9608644859813084,
    0.955607476635514,
    0.9626168224299065,
    0.967873831775701,
    0.9620327102803738,
    0.9719626168224299,
    0.9713785046728972,
    0.967873831775701,
    0.969626168224299,
    0.9573598130841121,
    0.9672897196261683,
    0.9672897196261683,
    0.9702102803738317,
    0.9707943925233645,
    0.9731308411214953
  ],
  "train_grad_norm": [
    0.9999996370085606,
    0.9951897156413162,
    0.987561977027088,
    0.9641185272901662,
    0.9619319284293166,
    0.9404467602616927,
    0.9276393625715078,
    0.859748889698317,
    0.8164165465299836,
    0.7869342940601015,
    0.7767515325874166,
    0.7036122924469668,
    0.7235918232494788,
    0.6970670287292972,
    0.6410396490527045,
    0.6768528657441935,
    0.6100886268843115,
    0.5820270351811883,
    0.5466987776101363,
    0.5079402105107458,
    0.529326930764577,
    0.422099689340208,
    0.4822391855581549,
    0.5096284457071554,
    0.33683748531672286,
    0.4201011875004768,
    0.3698435359114824,
    0.3190733649493594,
    0.23990294092984343,
    0.2196768167408085,
    0.1908326058824627,
    0.14557109251012465,
    0.17743681930441108,
    0.20687402980092034,
    0.14861900226242117,
    0.153127078831336,
    0.14955820138414685,
    0.1098655598790148
  ],
  "val_ece": [
    0.18365462057327273,
    0.049115912118387006,
    0.10653189042252359,
    0.05223207638781766,
    0.09942750355977321,
    0.08713903538360497,
    0.07875235989759452,
    0.07899965370230588,
    0.08102911963153663,
    0.08116026384599297,
    0.07199167599466355,
    0.07264917540564156,
    0.0925534758716822,
    0.07729240860267776,
    0.08106638156922066,
    0.08063006423692282,
    0.06726271422388393,
    0.07797048293123743,
    0.07434320012890844,
    0.06323060802419052,
    0.07221286359164768,
    0.07979503656937696,
    0.05742209479560915,
    0.07490416087001281,
    0.07747083200820705,
    0.07934296994565804,
    0.07477843136500534,
    0.07833566977947122,
    0.08802309987422464,
    0.07823008114350169,
    0.07584253796071642,
    0.08133678080809999,
    0.07884099994237737,
    0.07761440417407275,
    0.07770030879389463,
    0.0768469503131982,
    0.07566086885249511,
    0.0812032583439462
  ],
  "val_brier": [
    0.6077730764060668,
    0.2388207555504564,
    0.12054096623040585,
    0.1475947641669873,
    0.09647090858273162,
    0.1261186102006584,
    0.08039971982225688,
    0.11200907854116404,
    0.08064848105024826,
    0.12515243420787206,
    0.0896767823798388,
    0.08355901982426703,
    0.08317615988677968,
    0.07663207983669634,
    0.0694951247208197,
    0.1047032968656626,
    0.08648715874172154,
    0.06925981370395098,
    0.08909484161165655,
    0.10665948536607546,
    0.06759730267149901,
    0.06111302691680007,
    0.08362088486832223,
    0.07119284182965684,
    0.0721364334592974,
    0.06887239169206634,
    0.06278550997172358,
    0.06379936918007004,
    0.051701078961520056,
    0.05569819455979005,
    0.055549881424099425,
    0.05544825626689072,
    0.0757930919272714,
    0.05959304262556877,
    0.06242783069328663,
    0.05341916607527278,
    0.05548016998269444,
    0.051818064234653995
  ],
  "val_f1_macro": [
    0.6044263789812401,
    0.8304423567231768,
    0.9104113975986448,
    0.8906817567642973,
    0.935271126562399,
    0.9115307908754497,
    0.9500247946435709,
    0.9217781236679968,
    0.9498162172178674,
    0.9152016099093874,
    0.9367320486944037,
    0.9386138888896655,
    0.9487222175030237,
    0.9494333948406077,
    0.9549104922076657,
    0.9308056928928895,
    0.9363355757311753,
    0.9546156788041997,
    0.9382689645836956,
    0.9148787942205975,
    0.9555003893358951,
    0.9627351710533676,
    0.9472745711309047,
    0.9557371750204869,
    0.9504243557060185,
    0.9571847189984879,
    0.9641272584541742,
    0.9583540336980383,
    0.9695899742419805,
    0.9693354674935074,
    0.9665809962618793,
    0.9674962177745485,
    0.9528743374003128,
    0.964946439505993,
    0.9638161498981548,
    0.96847862730578,
    0.967342712649957,
    0.9720477734911335
  ],
  "best_epoch": 31,
  "best_val_loss": 0.5437189775092579
}