{
  "accuracy": 0.9619994153756212,
  "precision_macro": 0.9641352177843341,
  "recall_macro": 0.9555253798907148,
  "f1_macro": 0.9593553135177819,
  "ece": 0.07110335894998353,
  "precision_per_class": [
    0.9823008849557522,
    0.9935897435897436,
    0.9741100323624595,
    0.8706624605678234,
    0.9665271966527197,
    0.935251798561151,
    0.9906396255850234,
    1.0
  ],
  "recall_per_class": [
    0.9098360655737705,
    0.9935897435897436,
    0.9678456591639871,
    0.9533678756476683,
    0.9506172839506173,
    0.9154929577464789,
    0.9534534534534534,
    1.0
  ],
  "f1_per_class": [
    0.9446808510638298,
    0.9935897435897436,
    0.9709677419354839,
    0.9101401483924155,
    0.9585062240663901,
    0.9252669039145908,
    0.9716908951798011,
    1.0
  ],
  "accuracy_per_class": [
    0.9098360655737705,
    0.9935897435897436,
    0.9678456591639871,
    0.9533678756476683,
    0.9506172839506173,
    0.9154929577464789,
    0.9534534534534534,
    1.0
  ],
  "reliability_diagram": {
    "bin_edges": [
      0.0,
      0.06666666666666667,
      0.13333333333333333,
      0.2,
      0.26666666666666666,
      0.3333333333333333,
      0.4,
      0.4666666666666667,
      0.5333333333333333,
      0.6,
      0.6666666666666666,
      0.7333333333333333,
      0.8,
      0.8666666666666667,
      0.9333333333333333,
      1.0
    ],
    "bin_accuracy": [
      0.0,
      0.0,
      0.0,
      0.0,
      0.0,
      1.0,
      0.46153846153846156,
      0.6818181818181818,
      0.5789473684210527,
      0.4444444444444444,
      0.7037037037037037,
      0.6363636363636364,
      0.7192982456140351,
      0.981055900621118,
      1.0
    ],
    "bin_confidence": [
      0.0,
      0.0,
      0.0,
      0.0,
      0.3113766014575958,
      0.3611069843173027,
      0.4418998475258167,
      0.5028943798758767,
      0.5694919542262429,
      0.62661741177241,
      0.6972413394186232,
      0.765338299852429,
      0.8366756815659372,
      0.9123730417179025,
      0.9361024073192051
    ],
    "bin_count": [
      0,
      0,
      0,
      0,
      1,
      4,
      13,
      22,
      19,
      18,
      27,
      33,
      57,
      3220,
      7
    ]
  },
  "confusion_matrix": [
    [
      222,
      2,
      2,
      14,
      0,
      4,
      0,
      0
    ],
    [
      1,
      620,
      0,
      2,
      0,
      0,
      1,
      0
    ],
    [
      0,
      0,
      301,
      8,
      1,
      1,
      0,
      0
    ],
    [
      3,
      0,
      3,
      552,
      5,
      11,
      5,
      0
    ],
    [
      0,
      1,
      2,
      8,
      231,
      1,
      0,
      0
    ],
    [
      0,
      0,
      1,
      21,
      2,
      260,
      0,
      0
    ],
    [
      0,
      1,
      0,
      29,
      0,
      1,
      635,
      0
    ],
    [
      0,
      0,
      0,
      0,
      0,
      0,
      0,
      470
    ]
  ],
  "brier_score": 0.06824181797603415,
  "confidence_histogram": {
    "bin_edges": [
      0.0,
      0.05,
      0.1,
      0.15000000000000002,
      0.2,
      0.25,
      0.30000000000000004,
      0.35000000000000003,
      0.4,
      0.45,
      0.5,
      0.55,
      0.6000000000000001,
      0.65,
      0.7000000000000001,
      0.75,
      0.8,
      0.8500000000000001,
      0.9,
      0.9500000000000001,
      1.0
    ],
    "counts": [
      0,
      0,
      0,
      0,
      0,
      0,
      3,
      2,
      7,
      17,
      16,
      14,
      17,
      17,
      20,
      24,
      40,
      210,
      3034,
      0
    ],
    "density": [
      0.0,
      0.0,
      0.0,
      0.0,
      0.0,
      0.0,
      0.0008769365682548962,
      0.0005846243788365975,
      0.0020461853259280912,
      0.004969307220111079,
      0.00467699503069278,
      0.0040923706518561824,
      0.004969307220111079,
      0.004969307220111079,
      0.005846243788365975,
      0.0070154925460391695,
      0.01169248757673195,
      0.061385559777842734,
      0.8868751826951183,
      0.0
    ]
  },
  "entropy_histogram": {
    "bin_edges": [
      0.33570176362991333,
      0.40159054696559904,
      0.4674793303012848,
      0.5333681136369706,
      0.5992568969726563,
      0.665145680308342,
      0.7310344636440278,
      0.7969232469797135,
      0.8628120303153992,
      0.9287008136510849,
      0.9945895969867706,
      1.0604783803224564,
      1.1263671636581423,
      1.1922559469938279,
      1.2581447303295137,
      1.3240335136651993,
      1.389922297000885,
      1.455811080336571,
      1.5216998636722565,
      1.5875886470079423,
      1.653477430343628
    ],
    "counts": [
      36,
      1787,
      1291,
      100,
      24,
      23,
      18,
      14,
      18,
      21,
      20,
      24,
      14,
      11,
      5,
      6,
      2,
      3,
      3,
      1
    ],
    "density": [
      0.010523238819058756,
      0.5223618824904999,
      0.37737503653902366,
      0.029231218941829874,
      0.0070154925460391695,
      0.006723180356620871,
      0.005261619409529378,
      0.0040923706518561824,
      0.005261619409529378,
      0.006138555977784273,
      0.005846243788365975,
      0.0070154925460391695,
      0.0040923706518561824,
      0.003215434083601286,
      0.0014615609470914938,
      0.0017538731365097924,
      0.0005846243788365975,
      0.0008769365682548962,
      0.0008769365682548962,
      0.00029231218941829873
    ]
  },
  "logit_magnitude_histogram": {
    "bin_edges": [
      1.6595263481140137,
      1.7707513928413392,
      1.8819764375686645,
      1.99320148229599,
      2.1044265270233153,
      2.215651571750641,
      2.3268766164779664,
      2.438101661205292,
      2.549326705932617,
      2.660551750659943,
      2.771776795387268,
      2.8830018401145936,
      2.994226884841919,
      3.105451929569244,
      3.21667697429657,
      3.3279020190238953,
      3.439127063751221,
      3.5503521084785463,
      3.661577153205872,
      3.772802197933197,
      3.8840272426605225
    ],
    "counts": [
      3,
      5,
      15,
      24,
      34,
      40,
      31,
      37,
      49,
      85,
      343,
      736,
      857,
      798,
      230,
      67,
      43,
      16,
      4,
      4
    ],
    "density": [
      0.0008769365682548962,
      0.0014615609470914938,
      0.0043846828412744815,
      0.0070154925460391695,
      0.009938614440222157,
      0.01169248757673195,
      0.009061677871967261,
      0.010815551008477054,
      0.014323297281496639,
      0.024846536100555393,
      0.10026308097047647,
      0.21514177141186788,
      0.25051154633148204,
      0.2332651271558024,
      0.06723180356620871,
      0.019584916691026015,
      0.012569424144986846,
      0.00467699503069278,
      0.001169248757673195,
      0.001169248757673195
    ]
  },
  "roc_auc_ovr_per_class": [
    0.9955907470187878,
    0.999786286589111,
    0.9992876417737617,
    0.989708407929904,
    0.9957993095535925,
    0.9940846866343102,
    0.9963811361270526,
    1.0
  ],
  "roc_auc_ovr_macro": 0.996329776953315,
  "roc_auc_ovr_micro": 0.9967831865671105,
  "support_analysis": {
    "support": [
      244,
      624,
      311,
      579,
      243,
      284,
      666,
      470
    ],
    "support_fraction": [
      0.07132417421806489,
      0.1824028061970184,
      0.09090909090909091,
      0.16924875767319497,
      0.0710318620286466,
      0.08301666179479684,
      0.19467991815258695,
      0.1373867290266004
    ],
    "class_accuracy": [
      0.9098360655737705,
      0.9935897435897436,
      0.9678456591639871,
      0.9533678756476683,
      0.9506172839506173,
      0.9154929577464789,
      0.9534534534534534,
      1.0
    ],