accuracy,f1_macro,ece,brier_score,roc_auc_ovr_macro,roc_auc_ovr_micro
0.9619994153756212,0.9593553135177819,0.07110335894998353,0.06824181797603415,0.996329776953315,0.9967831865671105
