accuracy,f1_macro,ece,brier_score,roc_auc_ovr_macro,roc_auc_ovr_micro
0.9169833382052032,0.9010982977283581,0.0644307195774403,0.13009615190510032,0.9905390928798016,0.9925085526064349
