{
  "accuracy": 0.9169833382052032,
  "precision_macro": 0.9250151907140713,
  "recall_macro": 0.8875330650073245,
  "f1_macro": 0.9010982977283581,
  "ece": 0.0644307195774403,
  "precision_per_class": [
    0.9567901234567902,
    0.9474497681607419,
    0.9508196721311475,
    0.781437125748503,
    0.9669811320754716,
    0.8439716312056738,
    0.9569093610698366,
    0.9957627118644068
  ],
  "recall_per_class": [
    0.6352459016393442,
    0.9823717948717948,
    0.932475884244373,
    0.9015544041450777,
    0.8436213991769548,
    0.8380281690140845,
    0.9669669669669669,
    1.0
  ],
  "f1_per_class": [
    0.7635467980295566,
    0.964594807238395,
    0.9415584415584416,
    0.8372093023255814,
    0.9010989010989011,
    0.8409893992932862,
    0.9619118745332338,
    0.9978768577494692
  ],
  "accuracy_per_class": [
    0.6352459016393442,
    0.9823717948717948,
    0.932475884244373,
    0.9015544041450777,
    0.8436213991769548,
    0.8380281690140845,
    0.9669669669669669,
    1.0
  ],
  "reliability_diagram": {
    "bin_edges": [
      0.0,
      0.06666666666666667,
      0.13333333333333333,
      0.2,
      0.26666666666666666,
      0.3333333333333333,
      0.4,
      0.4666666666666667,
      0.5333333333333333,
      0.6,
      0.6666666666666666,
      0.7333333333333333,
      0.8,
      0.8666666666666667,
      0.9333333333333333,
      1.0
    ],
    "bin_accuracy": [
      0.0,
      0.0,
      0.0,
      0.0,
      0.3333333333333333,
      0.47058823529411764,
      0.39215686274509803,
      0.4057971014492754,
      0.5538461538461539,
      0.6857142857142857,
      0.6956521739130435,
      0.7922077922077922,
      0.8851540616246498,
      0.9807938540332907,
      0.98
    ],
    "bin_confidence": [
      0.0,
      0.0,
      0.0,
      0.0,
      0.3033984402815501,
      0.3714076140347649,
      0.43975626019870534,
      0.5023420137771661,
      0.5694348463645348,
      0.6372561837945666,
      0.7017071797795917,
      0.7667305186971441,
      0.8405404077524564,
      0.9047835258861612,
      0.9467635893821716
    ],
    "bin_count": [
      0,
      0,
      0,
      0,
      3,
      17,
      51,
      69,
      65,
      70,
      92,
      154,
      357,
      2343,
      200
    ]
  },
  "confusion_matrix": [
    [
      155,
      13,
      6,
      44,
      1,
      24,
      1,
      0
    ],
    [
      0,
      613,
      0,
      6,
      0,
      2,
      2,
      1
    ],
    [
      1,
      3,
      290,
      16,
      0,
      0,
      0,
      1
    ],
    [
      2,
      10,
      2,
      522,
      3,
      15,
      25,
      0
    ],
    [
      1,
      0,
      6,
      28,
      205,
      3,
      0,
      0
    ],
    [
      3,
      3,
      0,
      36,
      3,
      238,
      1,
      0
    ],
    [
      0,
      5,
      1,
      16,
      0,
      0,
      644,
      0
    ],
    [
      0,
      0,
      0,
      0,
      0,
      0,
      0,
      470
    ]
  ],
  "brier_score": 0.13009615190510032,
  "confidence_histogram": {
    "bin_edges": [
      0.0,
      0.05,
      0.1,
      0.15000000000000002,
      0.2,
      0.25,
      0.30000000000000004,
      0.35000000000000003,
      0.4,
      0.45,
      0.5,
      0.55,
      0.6000000000000001,
      0.65,
      0.7000000000000001,
      0.75,
      0.8,
      0.8500000000000001,
      0.9,
      0.9500000000000001,
      1.0
    ],
    "counts": [
      0,
      0,
      0,
      0,
      0,
      1,
      7,
      12,
      32,
      49,
      52,
      52,
      44,
      69,
      94,
      109,
      217,
      967,
      1649,
      67
    ],
    "density": [
      0.0,
      0.0,
      0.0,
      0.0,
      0.0,
      0.00029231218941829873,
      0.0020461853259280912,
      0.0035077462730195848,
      0.00935399006138556,
      0.014323297281496639,
      0.015200233849751535,
      0.015200233849751535,
      0.012861736334405145,
      0.020169541069862615,
      0.02747734580532008,
      0.03186202864659456,
      0.06343174510377082,
      0.2826658871674949,
      0.4820228003507746,
      0.019584916691026015
    ]
  },
  "entropy_histogram": {
    "bin_edges": [
      0.16689324378967285,
      0.24876155257225036,
      0.33062986135482786,
      0.4124981701374054,
      0.4943664789199829,
      0.5762347877025604,
      0.658103096485138,
      0.7399714052677154,
      0.821839714050293,
      0.9037080228328706,
      0.985576331615448,
      1.0674446403980256,
      1.1493129491806031,
      1.2311812579631807,
      1.313049566745758,
      1.3949178755283356,
      1.4767861843109131,
      1.5586544930934907,
      1.6405228018760682,
      1.7223911106586456,
      1.8042594194412231
    ],
    "counts": [
      30,
      99,
      367,
      963,
      784,
      386,
      172,
      117,
      89,
      94,
      65,
      71,
      65,
      39,
      38,
      17,
      18,
      3,
      2,
      2
    ],
    "density": [
      0.008769365682548963,
      0.028938906752411574,
      0.10727857351651564,
      0.2814966384098217,
      0.22917275650394622,
      0.11283250511546332,
      0.050277696579947385,
      0.034200526161940956,
      0.02601578485822859,
      0.02747734580532008,
      0.01900029231218942,
      0.02075416544869921,
      0.01900029231218942,
      0.01140017538731365,
      0.011107863197895352,
      0.004969307220111079,
      0.005261619409529378,
      0.0008769365682548962,
      0.0005846243788365975,
      0.0005846243788365975
    ]
  },
  "logit_magnitude_histogram": {
    "bin_edges": [
      1.4533820152282715,
      1.6323811769485475,
      1.8113803386688232,
      1.9903795003890992,
      2.169378662109375,
      2.348377823829651,
      2.527376985549927,
      2.706376147270203,
      2.8853753089904783,
      3.0643744707107547,
      3.2433736324310303,
      3.4223727941513062,
      3.601371955871582,
      3.780371117591858,
      3.9593702793121337,
      4.13836944103241,
      4.317368602752685,
      4.496367764472962,
      4.675366926193238,
      4.8543660879135135,
      5.033365249633789
    ],
    "counts": [
      1,
      7,
      31,
      85,
      142,
      150,
      120,
      194,
      293,
      723,
      1009,
      356,
      167,
      67,
      37,
      15,
      16,
      4,
      1,
      3
    ],
    "density": [
      0.00029231218941829873,
      0.0020461853259280912,
      0.009061677871967261,
      0.024846536100555393,
      0.04150833089739842,
      0.043846828412744815,
      0.03507746273019585,
      0.056708564747149956,
      0.08564747149956153,
      0.21134171294943,
      0.29494299912306343,
      0.10406313943291436,
      0.04881613563285589,
      0.019584916691026015,
      0.010815551008477054,
      0.0043846828412744815,
      0.00467699503069278,
      0.001169248757673195,
      0.00029231218941829873,
      0.0008769365682548962
    ]
  },
  "roc_auc_ovr_per_class": [
    0.9824416786637564,
    0.9969982719580504,
    0.9940426587814435,
    0.9767191850833599,
    0.9905018297088782,
    0.9865216161489178,
    0.9970918286707761,
    0.9999956740232305
  ],
  "roc_auc_ovr_macro": 0.9905390928798016,
  "roc_auc_ovr_micro": 0.9925085526064349,
  "support_analysis": {
    "support": [
      244,
      624,
      311,
      579,
      243,
      284,
      666,
      470
    ],
    "support_fraction": [
      0.07132417421806489,
      0.1824028061970184,
      0.09090909090909091,
      0.16924875767319497,
      0.0710318620286466,
      0.08301666179479684,
      0.19467991815258695,
      0.1373867290266004
    ],
    "class_accuracy": [
      0.6352459016393442,
      0.9823717948717948,
      0.932475884244373,
      0.9015544041450777,
      0.8436213991769548,
      0.8380281690140845,
      0.9669669669669669,
      1.0
    ],