{
  "train_loss": [
    0.9487274012473638,
    0.7632622828663279,
    0.7068825885462434,
    0.6784011940584492,
    0.6522949684794657,
    0.6322406349286864,
    0.6020515461286476,
    0.5900102207421166,
    0.5794864253317822,
    0.5609682893152287,
    0.55185008944842,
    0.5390797570233149,
    0.5341166939899161,
    0.5287002867474206,
    0.5214836563417008,
    0.5051206823894047,
    0.5124245834052862,
    0.5013005045368355,
    0.4957508380057647,
    0.49652725880142573
  ],
  "val_loss": [
    1.3247775251620284,
    1.102901302765463,
    0.7648659097814114,
    0.8148256495734242,
    0.7536435728875276,
    0.7032905950724522,
    0.7619939440878752,
    0.7139590187607524,
    0.7497453455613038,
    0.7865146376262201,
    0.665905296245468,
    0.7046273723940983,
    0.6461612983284709,
    0.7216448293668087,
    0.7052565996891984,
    0.6878943086784577,
    0.663219117672644,
    0.6751556920113965,
    0.6972731986892557,
    0.6881464552656512
  ],
  "train_acc": [
    0.7829189430259784,
    0.8696621696956183,
    0.8967554911361356,
    0.909242947931765,
    0.9213959192775114,
    0.9313189876240383,
    0.9452558813691604,
    0.9486007358679898,
    0.9556249303155313,
    0.9624261344631508,
    0.9658824841119411,
    0.9720147173597948,
    0.9741331252090534,
    0.9750250864087412,
    0.9799308730070242,
    0.9869550674545657,
    0.9823837663061656,
    0.9881815141041365,
    0.990299921953395,
    0.990188426803434
  ],
  "val_acc": [
    0.6892523364485982,
    0.7307242990654206,
    0.8703271028037384,
    0.8557242990654206,
    0.8744158878504673,
    0.8925233644859814,
    0.8790887850467289,
    0.8960280373831776,
    0.8779205607476636,
    0.8779205607476636,
    0.9205607476635514,
    0.897196261682243,
    0.923481308411215,
    0.8884345794392523,
    0.9018691588785047,
    0.9024532710280374,
    0.9135514018691588,
    0.9176401869158879,
    0.907126168224299,
    0.9112149532710281
  ],
  "train_grad_norm": [
    0.9999996887923566,
    0.9999995326124922,
    0.9986716766789431,
    0.9905154030888621,
    0.9844087089694874,
    0.9739255237316525,
    0.9303241301460251,
    0.9304089323352089,
    0.9020902953283255,
    0.8443298043153599,
    0.8334513135406633,
    0.7953855154806709,
    0.7710110101420897,
    0.7856615690795513,
    0.7153656915284009,
    0.6278450625245651,
    0.6647686752955919,
    0.5881035929644802,
    0.5694534361326558,
    0.5800320450133233
  ],
  "val_ece": [
    0.1018755681046816,
    0.07241897419025406,
    0.063299726233513,
    0.047216371136987345,
    0.05644283812736798,
    0.04821957614725441,
    0.04134429281003009,
    0.056291738385769834,
    0.06032509938160949,
    0.043784655804667456,
    0.05721904285182462,
    0.05854387266265456,
    0.07281536610675186,
    0.06607783237628845,
    0.05811045257914293,
    0.05128863032593909,
    0.058120307190535216,
    0.06284018571131696,
    0.05869136759402039,
    0.05524588235279669
  ],
  "val_brier": [
    0.4453689063384674,
    0.3674987614049673,
    0.19948750087947678,
    0.22239749872188289,
    0.18874792605297952,
    0.15234310491059172,
    0.1883889732444176,
    0.16264565324478159,
    0.18286894900852502,
    0.18705168519365498,
    0.12940234142599835,
    0.1589554019688948,
    0.12241381651726493,
    0.16852654602508588,
    0.1530126516047219,
    0.14619339225599248,
    0.13029651797759914,
    0.12841149198479235,
    0.1471753357996711,
    0.13850723042983773
  ],
  "val_f1_macro": [
    0.6198753264731658,
    0.7035104225305757,
    0.8568074698876337,
    0.8153449411856791,
    0.8772673778991074,
    0.8786280008334766,
    0.8678676172390036,
    0.8876420071559494,
    0.8533420996099365,
    0.861653837738637,
    0.9115217385022871,
    0.8934093339034217,
    0.9090601581846844,
    0.8676215048508263,
    0.9029395173338057,
    0.8924442528428886,
    0.9064051378939213,
    0.9061885788227584,
    0.8959377806684333,
    0.9055964780376071
  ],
  "best_epoch": 13,
  "best_val_loss": 0.6461612983284709
}