{
  "train_loss": [
    0.5460561628810373,
    0.2770244918101003,
    0.2134555337630281,
    0.17968875005105436,
    0.16174280103421051,
    0.1425897763625845,
    0.12890863287707977,
    0.1192626703083992,
    0.11263850862473677,
    0.10525733084274698,
    0.09879234464898459,
    0.0943078307505369,
    0.09272662622377173,
    0.08410299554565884,
    0.08425388708555029,
    0.0800995866947836,
    0.07682523335426181,
    0.07592034202576203,
    0.07238170267813147,
    0.07030885522061123,
    0.06643660372495916,
    0.06877962157744197,
    0.06657471586593515,
    0.06267065931807159,
    0.06209939896588172,
    0.061422419599561864
  ],
  "val_loss": [
    0.4043228812381679,
    0.23828057966819527,
    0.21817076265192278,
    0.3750817930636431,
    0.1588763142051529,
    0.1341794421497892,
    0.12409212523069633,
    0.14423226092348856,
    0.14232327111634385,
    0.20097836875905994,
    0.11818520904372319,
    0.12648750759991872,
    0.09594605324334833,
    0.12564479978513068,
    0.0765520167968622,
    0.11086489016511163,
    0.07355542214321452,
    0.11196724812491614,
    0.06532852361049475,
    0.07835569590782938,
    0.07397981140403594,
    0.0996178316800702,
    0.08950928037986904,
    0.10209860488167646,
    0.14964598926400147,
    0.09560867465409885
  ],
  "train_acc": [
    0.8054246855415796,
    0.905140228454598,
    0.9283301480065781,
    0.9391306280279124,
    0.9458975954486866,
    0.9528090137339438,
    0.957209209298191,
    0.9605760256011379,
    0.9628650162229433,
    0.965120672029868,
    0.9677763456153606,
    0.9688208364816214,
    0.9695653140139562,
    0.9718654162407218,
    0.9721543179696875,
    0.9738988399484422,
    0.9741766300724477,
    0.9754655762478333,
    0.9762433885950487,
    0.9769100848926618,
    0.9777656784745988,
    0.9773878839059513,
    0.9776545624249967,
    0.9792101871194275,
    0.9794213076136717,
    0.979532423663274
  ],
  "val_acc": [
    0.8529588164734107,
    0.9114354258296681,
    0.9258296681327469,
    0.8721511395441823,
    0.9457217113154738,
    0.9524190323870452,
    0.9607157137145141,
    0.9531187524990004,
    0.9526189524190324,
    0.9310275889644143,
    0.9597161135545782,
    0.9599160335865654,
    0.969312275089964,
    0.9575169932027189,
    0.9744102359056377,
    0.9659136345461815,
    0.976609356257497,
    0.9629148340663735,
    0.9789084366253499,
    0.9743102758896441,
    0.9749100359856058,
    0.96781287485006,
    0.9724110355857657,
    0.9655137944822071,
    0.9558176729308276,
    0.9696121551379449
  ],
  "best_epoch": 19,
  "best_val_loss": 0.06532852361049475
}