{
  "train_loss": [
    0.5084330716860698,
    0.2892862200906549,
    0.2254512959853549,
    0.1927542766110993,
    0.17217817971312083,
    0.1560606579048548,
    0.14461418163640494,
    0.13180152452759247,
    0.1221531226299165,
    0.11605991500089675,
    0.10744893763737072,
    0.10113862180677784,
    0.09831221005137356,
    0.09678879851550115,
    0.08828839966171693,
    0.08450862393594487,
    0.08250735008371259,
    0.07842536174733483,
    0.0756612766231583,
    0.07474120919150963,
    0.07376874758856122,
    0.07112147401195562,
    0.06927818202895983,
    0.06598565144165261,
    0.06512539686554088,
    0.06397260673950309,
    0.06388539302160466,
    0.060397490954051496,
    0.059617809472128976
  ],
  "val_loss": [
    0.3864440931076529,
    0.24927919171229213,
    0.17079950295915988,
    0.24072302144761087,
    0.1230348985700286,
    0.15452489845517253,
    0.12414958474279546,
    0.133827721551865,
    0.12445466408058435,
    0.1703987051902271,
    0.13337628454303607,
    0.0988658400641971,
    0.0812738174479492,
    0.12969194624911112,
    0.1104964379962982,
    0.07738513257898173,
    0.1006510328979599,
    0.12313792457441386,
    0.09984709947157364,
    0.10108361291255606,
    0.10775680765539396,
    0.07224232715810361,
    0.0780503785493495,
    0.07853905357042851,
    0.09586935942960544,
    0.10631464051901221,
    0.09359138188768225,
    0.0879902284337682,
    0.08853202250029077
  ],
  "train_acc": [
    0.8239366194053069,
    0.9022734343748611,
    0.9247966576292279,
    0.9355193564158407,
    0.9419529756878083,
    0.9488088359482644,
    0.9523089915107338,
    0.9562202764567314,
    0.959475976710076,
    0.9614538423929953,
    0.9642317436330503,
    0.9661762745010889,
    0.9665762922796569,
    0.9675318903062359,
    0.9700875594470866,
    0.9718987510556024,
    0.9727098982176986,
    0.9738210587137206,
    0.9749766656295835,
    0.9749099959998222,
    0.974998888839504,
    0.9758544824214409,
    0.9768211920529801,
    0.9779323525490021,
    0.9784990444019734,
    0.9783212587226099,
    0.978676830081337,
    0.9794990888483932,
    0.9804102404551314
  ],
  "val_acc": [
    0.8533586565373851,
    0.9184326269492203,
    0.9402239104358256,
    0.9173330667732906,
    0.9556177528988404,
    0.9518192722910835,
    0.9588164734106357,
    0.9556177528988404,
    0.9566173530587765,
    0.9401239504198321,
    0.9576169532187125,
    0.9694122351059576,
    0.9724110355857657,
    0.9563174730107957,
    0.9642143142742903,
    0.9743102758896441,
    0.9662135145941624,
    0.961015593762495,
    0.9681127548980408,
    0.9670131947221111,
    0.9633146741303479,
    0.9755097960815674,
    0.9731107556977209,
    0.9745101959216314,
    0.9671131547381048,
    0.9671131547381048,
    0.9677129148340664,
    0.9724110355857657,
    0.9711115553778489
  ],
  "best_epoch": 22,
  "best_val_loss": 0.07224232715810361
}