{
  "train_loss": [
    0.6728953335533047,
    0.3788263723105186,
    0.3047499234180746,
    0.24961818138797195,
    0.21884334726362017,
    0.19883342644199647,
    0.18169555058478884,
    0.15831697961135283,
    0.15204252742217314,
    0.14208312226727865,
    0.13484459847464839,
    0.12288087440326464,
    0.11711294009577534,
    0.13009869459841145,
    0.10758121797199106,
    0.09496846388030504,
    0.10028525369528363,
    0.11315169789155667,
    0.08162699898973036,
    0.08630697065774343,
    0.08088894960815268,
    0.08245465462900113
  ],
  "val_loss": [
    0.5155328584880363,
    0.37374579664565527,
    0.29426446197176875,
    0.3091507546904563,
    0.18765631360096818,
    0.2648295308413004,
    0.1703463322112485,
    0.17087026424810248,
    0.3543839986111726,
    0.16224991607932937,
    0.19512739331900525,
    0.1668022914719982,
    0.4207038068499674,
    0.208946206852323,
    0.08868058596621128,
    0.1148702709606794,
    0.3018338926812736,
    0.15580341230030775,
    0.09975850508838403,
    0.1346386491370554,
    0.09013750141442585,
    0.09364285708435985
  ],
  "train_acc": [
    0.7582559224854438,
    0.8665718476376728,
    0.8959731543624161,
    0.9147739899551092,
    0.9251300057780346,
    0.9334859327081204,
    0.9375750033334815,
    0.9470643139695097,
    0.9493310813813948,
    0.9527534557091426,
    0.9542646339837326,
    0.9585092670785368,
    0.9613093915285124,
    0.956909195964265,
    0.9645317569669764,
    0.9687541668518601,
    0.9658651495622028,
    0.9628650162229433,
    0.9733765945153118,
    0.9706209164851771,
    0.9725543357482554,
    0.9722654340192898
  ],
  "val_acc": [
    0.8034786085565774,
    0.8551579368252699,
    0.8982407037185126,
    0.8909436225509796,
    0.9368252698920432,
    0.9051379448220712,
    0.9415233906437425,
    0.9434226309476209,
    0.8949420231907237,
    0.9466213514594163,
    0.9286285485805678,
    0.943922431027589,
    0.8816473410635746,
    0.9322271091563374,
    0.9705117952818872,
    0.9653138744502199,
    0.9015393842463015,
    0.9516193522590963,
    0.9687125149940023,
    0.9549180327868853,
    0.9717113154738105,
    0.968312674930028
  ],
  "best_epoch": 15,
  "best_val_loss": 0.08868058596621128
}