{
  "accuracy": 0.9027855153203342,
  "precision_macro": 0.8786669414549872,
  "recall_macro": 0.8771033034336375,
  "f1_macro": 0.8661742532121433,
  "confusion_matrix": [
    [
      1256,
      0,
      2,
      0,
      1,
      76,
      3,
      0,
      0
    ],
    [
      0,
      847,
      0,
      0,
      0,
      0,
      0,
      0,
      0
    ],
    [
      0,
      0,
      320,
      0,
      0,
      10,
      0,
      9,
      0
    ],
    [
      0,
      0,
      3,
      628,
      0,
      0,
      2,
      0,
      1
    ],
    [
      47,
      90,
      1,
      0,
      889,
      0,
      1,
      0,
      7
    ],
    [
      0,
      0,
      46,
      0,
      0,
      523,
      0,
      23,
      0
    ],
    [
      1,
      0,
      8,
      5,
      4,
      0,
      705,
      3,
      15
    ],
    [
      0,
      0,
      64,
      2,
      13,
      108,
      12,
      167,
      55
    ],
    [
      0,
      0,
      5,
      20,
      2,
      2,
      56,
      1,
      1147
    ]
  ]
}