{
  "train_loss": [
    0.6474019704439824,
    0.3851883959688607,
    0.30494668948776993,
    0.26945267621345154,
    0.23119337186584887,
    0.21130324258577124,
    0.19540247834546337,
    0.1815397740761499,
    0.1627737287389071,
    0.1551751156988562,
    0.14356537979397357,
    0.13241148890958976,
    0.12746270460241915,
    0.12942672776028263,
    0.11037694761459443,
    0.11145499584950247,
    0.10392759144379037,
    0.09189453077949976,
    0.09269765379560768,
    0.08764264144109692,
    0.0918709391179077,
    0.08144096676625327,
    0.07766622327236002,
    0.0785870595301457,
    0.0688923114086237,
    0.08533808200044035,
    0.07094241420482708,
    0.0648028965448479,
    0.06455335119669053,
    0.06613825031972323,
    0.05817612646073679,
    0.06361650659076966,
    0.05882052624238598,
    0.06129961261723862,
    0.05304935435414754,
    0.05611842985079636
  ],
  "val_loss": [
    0.4391935811620481,
    0.2435033065421445,
    0.3965309300645739,
    0.23014607606101922,
    0.22708630356274812,
    0.3543276249027786,
    0.3082620304424922,
    0.17877635190554592,
    0.20551838193450722,
    0.13524833199430686,
    0.19187644289665726,
    0.14058029506860473,
    0.2369979532396064,
    0.16354782783427463,
    0.6548554144683527,
    0.16244645721194553,
    0.1297672906907641,
    0.3369024904881988,
    0.17808189015777431,
    0.349522027717691,
    0.11493892116886957,
    0.1600923764019287,
    0.21692745452497253,
    0.17667557675240994,
    0.20445090823057221,
    0.18741296453983103,
    0.10957162955947897,
    0.1319176925987494,
    0.10750056745433083,
    0.16462391777569557,
    0.14197945179509336,
    0.18549001226421358,
    0.1662342481252576,
    0.13874158872122386,
    0.1183313658354474,
    0.3763432886208691
  ],
  "train_acc": [
    0.7709898217698564,
    0.8683719276412285,
    0.8951286723854394,
    0.9091070714253967,
    0.9217076314502867,
    0.9295968709720432,
    0.9333525934485977,
    0.9386639406195831,
    0.9468643050802258,
    0.94808658162585,
    0.9510422685452686,
    0.9547979910218232,
    0.9569758655940264,
    0.9567980799146629,
    0.9636206053602382,
    0.9624427752344549,
    0.9653095693141918,
    0.9687097204320192,
    0.968043024134406,
    0.9704875772256545,
    0.9684652651228943,
    0.9727987910573803,
    0.9741544068625272,
    0.9744655318014134,
    0.9765322903240145,
    0.9712876127827903,
    0.9758655940264012,
    0.9776878972398774,
    0.9786212720565358,
    0.9776434508200365,
    0.9808213698386595,
    0.9789768434152629,
    0.9793768611938308,
    0.9799324414418419,
    0.9822214320636473,
    0.9814880661362727
  ],
  "val_acc": [
    0.8479608156737305,
    0.9204318272690923,
    0.8651539384246302,
    0.9218312674930028,
    0.9181327469012395,
    0.8842463014794082,
    0.8945421831267493,
    0.9386245501799281,
    0.9330267892842863,
    0.953218712514994,
    0.933326669332267,
    0.958016793282687,
    0.9239304278288685,
    0.9427229108356657,
    0.8143742502998801,
    0.9460215913634547,
    0.9584166333466614,
    0.8994402239104359,
    0.9433226709316274,
    0.8962415033986405,
    0.9649140343862455,
    0.9492203118752499,
    0.9335265893642543,
    0.9453218712514994,
    0.9400239904038384,
    0.9437225109956018,
    0.9685125949620151,
    0.9589164334266294,
    0.9643142742902839,
    0.9518192722910835,
    0.9572171131547381,
    0.9461215513794482,
    0.952718912435026,
    0.9586165533786486,
    0.9648140743702519,
    0.9086365453818472
  ],
  "best_epoch": 29,
  "best_val_loss": 0.10750056745433083
}