{
  "accuracy": 0.8743732590529248,
  "precision_macro": 0.8290540648127558,
  "recall_macro": 0.8349380279421766,
  "f1_macro": 0.8221009639544962,
  "confusion_matrix": [
    [
      1259,
      3,
      9,
      0,
      2,
      64,
      0,
      0,
      1
    ],
    [
      0,
      847,
      0,
      0,
      0,
      0,
      0,
      0,
      0
    ],
    [
      0,
      0,
      287,
      9,
      0,
      5,
      0,
      38,
      0
    ],
    [
      0,
      0,
      15,
      606,
      0,
      0,
      5,
      0,
      8
    ],
    [
      67,
      75,
      4,
      0,
      871,
      1,
      9,
      6,
      2
    ],
    [
      0,
      0,
      65,
      55,
      4,
      427,
      0,
      39,
      2
    ],
    [
      0,
      0,
      8,
      7,
      7,
      0,
      693,
      0,
      26
    ],
    [
      0,
      0,
      137,
      6,
      3,
      69,
      0,
      146,
      60
    ],
    [
      0,
      0,
      16,
      18,
      3,
      1,
      53,
      0,
      1142
    ]
  ]
}