{
  "accuracy": 0.8941504178272981,
  "precision_macro": 0.8651922387173849,
  "recall_macro": 0.8402707356754144,
  "f1_macro": 0.8437569126802698,
  "confusion_matrix": [
    [
      1320,
      2,
      4,
      0,
      3,
      4,
      4,
      1,
      0
    ],
    [
      0,
      847,
      0,
      0,
      0,
      0,
      0,
      0,
      0
    ],
    [
      0,
      9,
      160,
      0,
      0,
      165,
      0,
      4,
      1
    ],
    [
      0,
      0,
      7,
      624,
      0,
      0,
      1,
      0,
      2
    ],
    [
      44,
      80,
      1,
      0,
      877,
      0,
      16,
      11,
      6
    ],
    [
      0,
      62,
      3,
      0,
      0,
      514,
      0,
      13,
      0
    ],
    [
      1,
      0,
      12,
      9,
      1,
      1,
      687,
      7,
      23
    ],
    [
      0,
      6,
      50,
      0,
      3,
      104,
      2,
      223,
      33
    ],
    [
      0,
      0,
      6,
      21,
      2,
      0,
      33,
      3,
      1168
    ]
  ]
}