{
  "train_loss": [
    0.5915696219404353,
    0.3204632055779387,
    0.2465055961638876,
    0.20339042614264416,
    0.17725747304359066,
    0.163118690804665,
    0.14403937107378512,
    0.13393013690556183,
    0.12534337767474232,
    0.11360484212641363,
    0.11012727168937424,
    0.10425156670281951,
    0.09831220199688277,
    0.0945215639194591,
    0.09290837597812854,
    0.08262322966837202,
    0.0848077450185528,
    0.07799081540164508,
    0.07285170452680716,
    0.07369934048907698
  ],
  "val_loss": [
    0.4517888982550519,
    0.26445916872985453,
    0.2606872575896018,
    0.21650093641342139,
    0.17262141293928368,
    0.15463876649320293,
    0.13478225828265725,
    0.11266492848775712,
    0.12783532156819394,
    0.1545108267125107,
    0.15268962395216218,
    0.17919024332362812,
    0.07508897944325592,
    0.09554942635620466,
    0.09733795557544976,
    0.12363726321290561,
    0.08765785777723503,
    0.1824682998518999,
    0.09510271368277926,
    0.08006957959218389
  ],
  "train_acc": [
    0.7903610530838407,
    0.888409855252826,
    0.9155666177756049,
    0.9323525490021779,
    0.9412862793901952,
    0.9460420463131695,
    0.9517311880528023,
    0.9564721395024964,
    0.9588277997540632,
    0.9620279419826067,
    0.9638354297228025,
    0.9653910544172334,
    0.9677911610886409,
    0.9685911966457769,
    0.9690208453709054,
    0.9725172970650547,
    0.9720876483399262,
    0.9740581062862053,
    0.9756878083470376,
    0.9751840822555077
  ],
  "val_acc": [
    0.8426629348260696,
    0.9070371851259497,
    0.9072371051579369,
    0.9249300279888045,
    0.9407237105157937,
    0.9504198320671732,
    0.9543182726909236,
    0.9628148740503798,
    0.954718112754898,
    0.9484206317473011,
    0.9515193922431028,
    0.9372251099560176,
    0.9763094762095162,
    0.9699120351859256,
    0.9685125949620151,
    0.9581167532986805,
    0.9703118752499,
    0.942423030787685,
    0.968812475009996,
    0.9746101559376249
  ],
  "best_epoch": 13,
  "best_val_loss": 0.07508897944325592
}