{
  "train_loss": [
    0.5636326015637567,
    0.3360796330748151,
    0.26879736629563233,
    0.22908673259530815,
    0.2040877615803939,
    0.18487840474030723,
    0.16916846061219748,
    0.15738025845887121,
    0.14536836362276537,
    0.13507479280734527,
    0.12761965288280605,
    0.11808263187355454,
    0.1151609730555474,
    0.10714086440229725,
    0.10058719760404526,
    0.09380287460421277,
    0.09375342689750936,
    0.08763608744648249,
    0.08557611956773183,
    0.08146977114762999,
    0.07903118779729934,
    0.07703682529297023,
    0.07225973463215482,
    0.06904616457864207,
    0.0678993341804764,
    0.06761243087608729,
    0.06531125035295945,
    0.0656497613832851,
    0.06294420691434194,
    0.06328223196473014,
    0.059052509757829726,
    0.056539597076760956,
    0.058250746224979326
  ],
  "val_loss": [
    0.3815927680779914,
    0.3066058267788237,
    0.2425146167252551,
    0.24559653321298205,
    0.16876037504042876,
    0.16023276684308996,
    0.15686347878656118,
    0.1655776244087345,
    0.13825376389003763,
    0.12840005327634266,
    0.11590665775756748,
    0.12003410959401067,
    0.13428057939996843,
    0.13823423840579202,
    0.10777626101110803,
    0.12735851771566498,
    0.10122198733638545,
    0.14804245948885345,
    0.09328473222757377,
    0.1319306394526931,
    0.12872834823301724,
    0.13956649712577718,
    0.09228250364669081,
    0.11287822490666019,
    0.1320038626289054,
    0.09132496129031756,
    0.09310231427447956,
    0.12904355277578053,
    0.10964200047121458,
    0.10461860224723768,
    0.12002590471437005,
    0.1256618084656339,
    0.135725465793459
  ],
  "train_acc": [
    0.8024356638072804,
    0.8853726832303658,
    0.9088403929063514,
    0.9239373601789709,
    0.9317154836511252,
    0.9374342563373187,
    0.9423381779930959,
    0.947731010267123,
    0.9512867238543935,
    0.9550202231210276,
    0.9571240203268293,
    0.9598204364638429,
    0.9621909121886899,
    0.9634946738373558,
    0.9666800005926189,
    0.9679393158214439,
    0.9685615656992163,
    0.9706209164851771,
    0.9709024104775027,
    0.9723543268589715,
    0.9737766122938797,
    0.9733765945153118,
    0.9762656118049691,
    0.9771841711483473,
    0.9766211831636962,
    0.9768730462094611,
    0.9783842244840512,
    0.978176807858127,
    0.9786953494229373,
    0.9786212720565358,
    0.9798954027586412,
    0.9808584085218602,
    0.9802657895906485
  ],
  "val_acc": [
    0.8597560975609756,
    0.8891443422630948,
    0.9168332666933227,
    0.9175329868052778,
    0.9417233106757297,
    0.9468212714914035,
    0.9470211915233906,
    0.945421831267493,
    0.955217912834866,
    0.9559176329468213,
    0.9598160735705717,
    0.9607157137145141,
    0.9530187924830068,
    0.9512195121951219,
    0.9650139944022391,
    0.9559176329468213,
    0.9653138744502199,
    0.9506197520991604,
    0.9672131147540983,
    0.958016793282687,
    0.9585165933626549,
    0.9520191923230708,
    0.9676129548180727,
    0.9627149140343862,
    0.9573170731707317,
    0.9698120751699321,
    0.9701119552179128,
    0.9575169932027189,
    0.9645141943222711,
    0.9645141943222711,
    0.960015993602559,
    0.9620151939224311,
    0.9617153138744502
  ],
  "best_epoch": 26,
  "best_val_loss": 0.09132496129031756
}