{
  "accuracy": 0.9036211699164345,
  "precision_macro": 0.8792054809729579,
  "recall_macro": 0.8706638706571493,
  "f1_macro": 0.8685765929925717,
  "confusion_matrix": [
    [
      1289,
      2,
      14,
      0,
      2,
      31,
      0,
      0,
      0
    ],
    [
      0,
      847,
      0,
      0,
      0,
      0,
      0,
      0,
      0
    ],
    [
      0,
      0,
      284,
      0,
      0,
      26,
      0,
      25,
      4
    ],
    [
      0,
      0,
      7,
      619,
      0,
      0,
      1,
      0,
      7
    ],
    [
      55,
      44,
      3,
      0,
      921,
      0,
      6,
      2,
      4
    ],
    [
      0,
      11,
      24,
      0,
      2,
      527,
      0,
      28,
      0
    ],
    [
      0,
      1,
      10,
      18,
      1,
      0,
      619,
      0,
      92
    ],
    [
      0,
      0,
      62,
      0,
      4,
      80,
      1,
      206,
      68
    ],
    [
      0,
      0,
      17,
      21,
      2,
      4,
      12,
      1,
      1176
    ]
  ]
}