{
  "train_loss": [
    0.847615730482195,
    0.5152246997331936,
    0.4123330744426883,
    0.3429759907266279,
    0.3150400299896976,
    0.26575845144839755,
    0.24422697696287243,
    0.22601677066400594,
    0.20666219535745659,
    0.1973010947620441,
    0.17799935831343408,
    0.17654467957542444,
    0.1526035575206992,
    0.1541878678654002,
    0.13839037138264182,
    0.1332203750292658,
    0.12616026419666884,
    0.1182265021743083,
    0.11692045194884715,
    0.11452601646109631,
    0.10419694683964695,
    0.10594322532117353,
    0.1066524874271777,
    0.08427236235108904,
    0.09275113468387614
  ],
  "val_loss": [
    0.5372334820229928,
    0.7867607229092464,
    0.5634485244607983,
    0.4535763813633292,
    0.30193860556592184,
    0.2479893362722317,
    0.35003571043678017,
    0.2618292571305752,
    0.4192640335976434,
    0.33820442212481155,
    0.22515659139114397,
    0.23434927191485505,
    0.1978018402707715,
    0.2575553611355846,
    0.1672868304898957,
    0.30729035880030847,
    0.18197790505003328,
    0.1465377319620543,
    0.2163708022311896,
    0.19953788075743556,
    0.24252848353971246,
    0.2432850558118599,
    0.15711124936660162,
    0.33314369018913886,
    0.23056461881013549
  ],
  "train_acc": [
    0.696475398906618,
    0.8187919463087249,
    0.85483799279968,
    0.8813280590248456,
    0.8913729499088848,
    0.9091070714253967,
    0.9155073558824837,
    0.9234632650340016,
    0.9298635494910885,
    0.9342192986354949,
    0.9408418151917863,
    0.9424863327258989,
    0.9487532779234633,
    0.9483977065647362,
    0.9523978843504156,
    0.953375705586915,
    0.9556869194186408,
    0.9605760256011379,
    0.960531579181297,
    0.9614649539979555,
    0.9664873994399751,
    0.964665096226499,
    0.9637317214098404,
    0.9711987199431086,
    0.9678652384550425
  ],
  "val_acc": [
    0.8082766893242703,
    0.7191123550579768,
    0.7940823670531787,
    0.836265493802479,
    0.8924430227908836,
    0.9143342662934826,
    0.8705517792882846,
    0.9121351459416234,
    0.8496601359456217,
    0.8944422231107557,
    0.9239304278288685,
    0.91953218712515,
    0.9324270291883247,
    0.9200319872051179,
    0.9464214314274291,
    0.8979408236705317,
    0.9407237105157937,
    0.95171931227509,
    0.9282287085165933,
    0.9384246301479409,
    0.9252299080367853,
    0.9213314674130347,
    0.9513194722111156,
    0.8987405037984806,
    0.9238304678128748
  ],
  "best_epoch": 18,
  "best_val_loss": 0.1465377319620543
}