{
  "accuracy": 0.8694986072423398,
  "precision_macro": 0.8674306089606678,
  "recall_macro": 0.8272574194624381,
  "f1_macro": 0.8292356401975686,
  "confusion_matrix": [
    [
      1324,
      0,
      0,
      0,
      9,
      5,
      0,
      0,
      0
    ],
    [
      0,
      847,
      0,
      0,
      0,
      0,
      0,
      0,
      0
    ],
    [
      9,
      0,
      270,
      0,
      0,
      58,
      0,
      2,
      0
    ],
    [
      0,
      0,
      3,
      629,
      0,
      0,
      0,
      0,
      2
    ],
    [
      78,
      172,
      0,
      0,
      784,
      0,
      0,
      0,
      1
    ],
    [
      59,
      0,
      10,
      0,
      0,
      511,
      0,
      12,
      0
    ],
    [
      7,
      0,
      7,
      12,
      52,
      1,
      545,
      3,
      114
    ],
    [
      6,
      0,
      61,
      1,
      15,
      142,
      0,
      147,
      49
    ],
    [
      1,
      0,
      2,
      15,
      24,
      1,
      3,
      1,
      1186
    ]
  ]
}