{
  "train_loss": [
    0.7711579438617343,
    0.4689093354998856,
    0.3902204568065311,
    0.3334096506919494,
    0.2985399578435086,
    0.2785608646215198,
    0.24687804727839058,
    0.22970613541457488,
    0.21369254665510606,
    0.19469098859732403,
    0.1799864030791959,
    0.17267782774028356,
    0.16025211777526635,
    0.15126748273169086,
    0.1465681695801411,
    0.13121246071536094,
    0.12284423569911501,
    0.11198003672961103,
    0.11370567002683604,
    0.09995490040700802,
    0.09111710696653491,
    0.0900246539968661,
    0.09385993978045634,
    0.0894656670840482,
    0.08224277370993686
  ],
  "val_loss": [
    0.525162374172531,
    0.39677106930179057,
    0.38550090004519816,
    0.3099146288175766,
    0.9080160630078185,
    0.31949375485215653,
    0.25030591279590003,
    0.2433216029562887,
    0.3271172763656874,
    0.2885852461574269,
    0.27272720672175293,
    0.2642088380844438,
    0.2943552830120603,
    0.2590206196752847,
    0.2154238995005254,
    0.21174640843912107,
    0.3565143268735635,
    0.19467071447073103,
    1.1338219904079765,
    0.2511484410192241,
    0.34689581696866084,
    0.21453844174081352,
    0.23252973141597777,
    0.24279677982284564,
    0.26328196179051727
  ],
  "train_acc": [
    0.728076803413485,
    0.8340370683141473,
    0.8656829192408552,
    0.8853726832303658,
    0.8989732877016756,
    0.9047957687008311,
    0.9166629627983466,
    0.9206186941641851,
    0.9295079781323614,
    0.9340859593759723,
    0.9395084225965599,
    0.939819547535446,
    0.9456420285346016,
    0.9500422240988489,
    0.9519978665718476,
    0.9568869727543446,
    0.9579536868305258,
    0.961642739677319,
    0.9623094359749322,
    0.9655984710431574,
    0.9703542379661318,
    0.9698653273478821,
    0.9674207742566336,
    0.9704875772256545,
    0.9723098804391306
  ],
  "val_acc": [
    0.8054778088764494,
    0.8619552179128349,
    0.8653538584566174,
    0.892842862854858,
    0.7204118352658937,
    0.8874450219912036,
    0.9175329868052778,
    0.9184326269492203,
    0.8905437824870052,
    0.9033386645341863,
    0.9071371451419432,
    0.9146341463414634,
    0.9027389044382247,
    0.9135345861655337,
    0.9247301079568173,
    0.9321271491403439,
    0.8975409836065574,
    0.9395241903238705,
    0.7536985205917633,
    0.9263294682127149,
    0.8955417832866853,
    0.9294282287085166,
    0.9289284286285486,
    0.9299280287884846,
    0.9278288684526189
  ],
  "best_epoch": 18,
  "best_val_loss": 0.19467071447073103
}