{
  "accuracy": 0.8976323119777159,
  "precision_macro": 0.8667835681242879,
  "recall_macro": 0.8584308604229594,
  "f1_macro": 0.858050622816764,
  "confusion_matrix": [
    [
      1302,
      1,
      0,
      0,
      4,
      23,
      8,
      0,
      0
    ],
    [
      1,
      846,
      0,
      0,
      0,
      0,
      0,
      0,
      0
    ],
    [
      0,
      0,
      259,
      2,
      0,
      55,
      0,
      21,
      2
    ],
    [
      0,
      0,
      5,
      616,
      0,
      0,
      8,
      1,
      4
    ],
    [
      38,
      57,
      0,
      0,
      920,
      0,
      16,
      4,
      0
    ],
    [
      15,
      0,
      22,
      6,
      0,
      491,
      0,
      46,
      12
    ],
    [
      0,
      0,
      0,
      16,
      0,
      0,
      708,
      1,
      16
    ],
    [
      0,
      0,
      38,
      3,
      4,
      75,
      19,
      184,
      98
    ],
    [
      0,
      0,
      3,
      42,
      5,
      3,
      58,
      3,
      1119
    ]
  ]
}